pitcher,player_name,pitch_type,pitch_group,pitches,plv,plv_std,avg_velo,swing_rate,whiff_rate,e_xwoba_ip,plv_pctile
676879,"Ashby, Aaron",CU,Breaking,59,6.0209,1.3724,82.2847,0.3928,0.3712,0.3317,100.0
656492,"Griffin, Foster",FS,Offspeed,52,5.9998,1.0599,81.1942,0.445,0.5872,0.2671,99.9
686973,"Varland, Louis",FF,Fastball,92,5.9954,1.231,98.1543,0.5666,0.333,0.3675,99.8
663969,"Phillips, Tyler",CU,Breaking,52,5.9519,1.5298,84.0038,0.4201,0.651,0.2988,99.7
656730,"Megill, Trevor",KC,Breaking,64,5.9512,1.2503,87.3609,0.4644,0.5756,0.2985,99.6
690997,"McLean, Nolan",FF,Fastball,84,5.9304,1.167,96.4726,0.4711,0.3498,0.3713,99.5
607192,"Glasnow, Tyler",SL,Breaking,77,5.9105,1.1226,89.2506,0.4427,0.5728,0.2883,99.4
674444,"Cruz, Steven",FF,Fastball,60,5.9101,1.1648,96.71,0.5191,0.3281,0.3643,99.3
701542,"Warren, Will",ST,Breaking,109,5.9033,1.1007,84.3431,0.4058,0.4446,0.3181,99.2
694819,"Misiorowski, Jacob",FF,Fastball,334,5.9033,1.3319,98.6734,0.4892,0.4159,0.3469,99.0
688158,"Morgan, David",CU,Breaking,64,5.898,1.1122,82.3703,0.4014,0.5005,0.3096,98.9
683175,"Phillips, Connor",ST,Breaking,146,5.8898,1.2555,86.1959,0.4484,0.5346,0.3051,98.8
656945,"Scott, Tanner",FF,Fastball,74,5.8887,0.9996,96.4703,0.5297,0.3379,0.3608,98.7
606996,"Hart, Kyle",ST,Breaking,54,5.8751,1.2706,82.1037,0.3736,0.4397,0.3085,98.6
594798,"deGrom, Jacob",SL,Breaking,108,5.8467,1.5916,91.2963,0.5725,0.4949,0.3009,98.5
676684,"Vest, Will",SL,Breaking,60,5.8392,1.5418,86.8333,0.5232,0.561,0.2946,98.4
605280,"Holmes, Clay",ST,Breaking,67,5.808,1.1349,81.8627,0.3665,0.4477,0.3029,98.3
663542,"Hudson, Bryan",ST,Breaking,59,5.8035,1.2864,80.6492,0.4338,0.5582,0.299,98.2
689254,"Fluharty, Mason",ST,Breaking,66,5.798,1.0831,83.2015,0.4863,0.4554,0.2997,98.1
680742,"Bowlan, Jonathan",FF,Fastball,65,5.778,0.9349,97.38,0.4968,0.3449,0.339,98.0
690997,"McLean, Nolan",ST,Breaking,76,5.7763,1.2576,84.6461,0.3266,0.424,0.3161,97.9
641835,"Mayza, Tim",SL,Breaking,79,5.7761,1.185,86.6392,0.4851,0.5289,0.3058,97.8
656492,"Griffin, Foster",ST,Breaking,69,5.766,0.8167,80.1942,0.4153,0.4016,0.3042,97.7
592773,"Stanek, Ryne",SL,Breaking,63,5.7651,1.2897,89.4746,0.4151,0.6598,0.279,97.6
642547,"Peralta, Freddy",FF,Fastball,234,5.7565,1.3885,93.6338,0.4641,0.3182,0.3675,97.5
542888,"Armstrong, Shawn",ST,Breaking,64,5.7536,0.9517,84.5062,0.4293,0.4971,0.302,97.4
687911,"King, Bryan",ST,Breaking,60,5.7504,1.0305,80.6467,0.4117,0.4725,0.2898,97.3
664854,"Helsley, Ryan",FF,Fastball,107,5.7433,1.3961,98.672,0.4734,0.3325,0.3458,97.1
640448,"Finnegan, Kyle",FF,Fastball,89,5.743,1.275,96.1101,0.4519,0.3306,0.352,97.0
669302,"Gilbert, Logan",FS,Offspeed,75,5.7376,1.5014,80.3627,0.5512,0.5536,0.2951,96.9
696149,"Chandler, Bubba",FF,Fastball,197,5.7375,1.4139,98.8675,0.5078,0.38,0.3443,96.8
680694,"Bradish, Kyle",CU,Breaking,98,5.7341,1.1383,83.7959,0.3853,0.591,0.3149,96.7
671096,"Abbott, Andrew",ST,Breaking,85,5.7304,1.2545,81.4553,0.4451,0.5412,0.2904,96.6
682254,"Montgomery, Mason",FF,Fastball,127,5.7282,1.343,98.6409,0.5489,0.341,0.3554,96.5
543243,"Gray, Sonny",ST,Breaking,76,5.7183,1.5059,85.0724,0.5033,0.5482,0.293,96.4
681347,"Burrows, Mike",CU,Breaking,60,5.715,1.1282,80.295,0.3465,0.5018,0.2965,96.3
666171,"Zeferjahn, Ryan",ST,Breaking,73,5.7148,0.9809,84.8562,0.49,0.3994,0.3202,96.2
571945,"Mikolas, Miles",CU,Breaking,53,5.7123,0.9259,75.8736,0.2719,0.4596,0.305,96.1
667297,"Nance, Tommy",CU,Breaking,58,5.709,1.307,84.4914,0.4028,0.3792,0.3117,96.0
695243,"Miller, Mason",FF,Fastball,76,5.7023,1.3045,101.3579,0.5253,0.3812,0.3563,95.9
669387,"Mlodzinski, Carmen",CU,Breaking,59,5.7007,1.0673,83.8576,0.3894,0.4157,0.3242,95.8
684007,"Imanaga, Shota",FF,Fastball,233,5.7002,0.941,92.088,0.4684,0.2684,0.3614,95.7
669372,"Ginn, J.T.",SL,Breaking,63,5.6947,1.2084,85.9381,0.4308,0.4834,0.2878,95.6
663992,"Lovelady, Richard",ST,Breaking,73,5.6941,1.2469,81.6068,0.4555,0.4524,0.3116,95.5
676775,"Winn, Keaton",FS,Offspeed,88,5.694,1.3759,89.5261,0.5238,0.5316,0.2846,95.4
656302,"Cease, Dylan",FF,Fastball,211,5.6896,1.3013,97.9417,0.5112,0.3242,0.334,95.2
669062,"Miller, Erik",SL,Breaking,70,5.6848,1.1989,85.9043,0.4829,0.5519,0.3064,95.1
695243,"Miller, Mason",SL,Breaking,88,5.6722,1.4345,87.7455,0.4607,0.4643,0.3097,95.0
681870,"Sabrowski, Erik",FF,Fastball,141,5.6696,1.1001,94.2752,0.4839,0.3162,0.3623,94.9
700241,"McGreevy, Michael",CU,Breaking,55,5.6679,0.8254,77.4073,0.31,0.4721,0.3149,94.8
669373,"Skubal, Tarik",SL,Breaking,72,5.6673,1.3367,89.3361,0.5354,0.4858,0.3416,94.7
676974,"Meyer, Max",SL,Breaking,119,5.6595,1.7249,90.4479,0.5012,0.5608,0.2946,94.6
673540,"Senga, Kodai",FO,Offspeed,73,5.6589,1.6589,83.1904,0.4937,0.5767,0.2902,94.5
668933,"Ashcraft, Graham",SL,Breaking,103,5.6558,1.4088,91.2379,0.5143,0.5139,0.3064,94.4
669461,"Liberatore, Matthew",CU,Breaking,50,5.6549,1.27,77.904,0.3136,0.3225,0.3249,94.3
686973,"Varland, Louis",KC,Breaking,69,5.6474,1.5337,87.3014,0.4764,0.5607,0.2914,94.2
622663,"Severino, Luis",ST,Breaking,124,5.6456,1.4766,84.3435,0.4232,0.4893,0.2994,94.1
592332,"Gausman, Kevin",FS,Offspeed,218,5.6444,1.3231,83.8358,0.5554,0.531,0.2941,94.0
668984,"Legumina, Casey",ST,Breaking,60,5.6439,1.1189,79.6317,0.3969,0.4815,0.3097,93.9
684007,"Imanaga, Shota",ST,Breaking,80,5.6429,1.1632,82.44,0.4186,0.5433,0.2816,93.8
669923,"Kirby, George",KC,Breaking,61,5.6409,1.2839,83.5656,0.4044,0.4461,0.3157,93.7
663623,"Irvin, Jake",CU,Breaking,72,5.6343,1.0603,77.3944,0.3328,0.4196,0.3044,93.6
808967,"Yamamoto, Yoshinobu",FS,Offspeed,163,5.6333,1.3205,91.0104,0.5141,0.5416,0.2811,93.5
695505,"Burns, Chase",SL,Breaking,185,5.6324,1.4882,90.6059,0.5253,0.5218,0.2978,93.3
666374,"Brash, Matt",SL,Breaking,72,5.6293,1.2872,86.5569,0.4082,0.4737,0.3049,93.2
621383,"Banks, Tanner",ST,Breaking,51,5.6287,1.1202,81.2647,0.4444,0.4197,0.3084,93.1
676263,"Dreyer, Jack",SL,Breaking,62,5.6272,1.2964,88.2774,0.4239,0.4724,0.3182,93.0
681402,"Varland, Gus",FF,Fastball,79,5.627,1.3642,95.5848,0.5895,0.3246,0.3646,92.9
669302,"Gilbert, Logan",CU,Breaking,62,5.626,1.3584,80.4532,0.4845,0.4382,0.3164,92.8
689147,"Kerkering, Orion",ST,Breaking,55,5.6224,1.1263,86.8727,0.4747,0.3993,0.3147,92.7
677053,"Nardi, Andrew",SL,Breaking,86,5.6212,1.1539,83.1349,0.5185,0.4927,0.3101,92.6
669622,"Bender, Anthony",ST,Breaking,88,5.6163,1.4676,83.383,0.4585,0.3579,0.3109,92.5
675848,"Mejia, Juan",ST,Breaking,77,5.6106,1.2059,84.1831,0.4073,0.4992,0.3035,92.4
676974,"Meyer, Max",ST,Breaking,106,5.6059,1.511,87.9425,0.4551,0.4744,0.3104,92.3
676917,"Cavalli, Cade",KC,Breaking,103,5.6054,1.2133,84.2155,0.3266,0.5094,0.2947,92.2
666200,"Luzardo, Jesús",ST,Breaking,202,5.6026,1.334,86.4896,0.4504,0.5299,0.3205,92.1
668678,"Gallen, Zac",KC,Breaking,94,5.5963,1.4456,81.917,0.5094,0.4583,0.3161,92.0
667755,"Soriano, José",FS,Offspeed,64,5.5948,1.5765,92.7016,0.4889,0.5012,0.2803,91.9
663158,"Suarez, Robert",FF,Fastball,90,5.5929,1.1479,98.7822,0.5772,0.2835,0.3536,91.8
694037,"Palencia, Daniel",FF,Fastball,54,5.5916,1.2673,98.9167,0.5341,0.3474,0.3464,91.7
664285,"Valdez, Framber",CU,Breaking,156,5.5872,1.4617,78.3596,0.4534,0.4878,0.3171,91.6
669461,"Liberatore, Matthew",SL,Breaking,122,5.5837,1.5069,85.8893,0.4757,0.4927,0.3134,91.4
669199,"Bachar, Lake",SL,Breaking,57,5.5788,1.4416,90.2737,0.4598,0.5508,0.3046,91.3
680704,"Sandlin, Nick",SL,Breaking,51,5.5784,1.0727,77.0431,0.4447,0.3617,0.3103,91.2
683004,"Leiter, Jack",FF,Fastball,154,5.5775,1.1089,96.789,0.5085,0.2942,0.3579,91.1
669093,"Estrada, Jeremiah",FF,Fastball,81,5.5774,1.6186,95.163,0.4938,0.3776,0.3237,91.0
660271,"Ohtani, Shohei",ST,Breaking,69,5.5755,1.108,84.1522,0.4795,0.4084,0.3063,90.9
677865,"Bruihl, Justin",ST,Breaking,86,5.5754,1.0625,78.1349,0.421,0.4241,0.2924,90.8
800048,"Messick, Parker",CU,Breaking,60,5.5737,1.2665,78.4833,0.3841,0.4481,0.3196,90.7
668909,"Williams, Gavin",ST,Breaking,148,5.5729,1.2789,86.7189,0.4732,0.4928,0.3095,90.6
595014,"Treinen, Blake",ST,Breaking,83,5.5722,1.4385,83.7759,0.4488,0.4658,0.3098,90.5
621237,"Alvarado, José",FC,Fastball,61,5.5721,1.5797,91.2344,0.4531,0.6024,0.2785,90.4
667755,"Soriano, José",KC,Breaking,134,5.5717,1.4554,85.9209,0.4856,0.4954,0.2928,90.3
668873,"Kilian, Caleb",KC,Breaking,52,5.5695,1.6727,80.7981,0.3757,0.5665,0.2884,90.2
691587,"Pérez, Eury",CH,Offspeed,56,5.5686,0.7254,88.8821,0.2722,0.6307,0.2631,90.1
641743,"Kay, Anthony",ST,Breaking,73,5.5673,1.4368,82.5863,0.373,0.488,0.3051,90.0
594580,"Moll, Sam",ST,Breaking,80,5.567,0.9173,80.5138,0.3571,0.4113,0.3083,89.9
676263,"Dreyer, Jack",FF,Fastball,84,5.5622,1.2571,93.2762,0.5295,0.2798,0.3512,89.8
670990,"Ramírez, Yohan",ST,Breaking,97,5.561,1.0722,83.901,0.4918,0.4347,0.316,89.7
650633,"King, Michael",ST,Breaking,89,5.5597,1.2287,81.8719,0.3811,0.4846,0.3022,89.5
606303,"Payamps, Joel",ST,Breaking,70,5.5577,1.2927,84.1214,0.4505,0.5301,0.3055,89.4
670329,"Garcia, Rico",FF,Fastball,68,5.5577,1.1386,95.4926,0.5057,0.2358,0.3737,89.3
677960,"Weathers, Ryan",ST,Breaking,105,5.5575,1.0799,81.9638,0.4117,0.412,0.3199,89.2
621366,"Borucki, Ryan",SL,Breaking,60,5.5535,1.3107,86.3967,0.494,0.4562,0.2999,89.1
690986,"Harrison, Kyle",FF,Fastball,245,5.5509,1.3156,94.6237,0.551,0.2796,0.3808,89.0
656546,"Hoffman, Jeff",FF,Fastball,68,5.5483,1.0884,96.6132,0.5089,0.3243,0.345,88.9
680694,"Bradish, Kyle",SL,Breaking,191,5.5475,1.4845,86.6754,0.463,0.4976,0.3082,88.8
624133,"Suarez, Ranger",CU,Breaking,50,5.5472,1.0508,75.028,0.4075,0.3859,0.324,88.7
621121,"McCullers Jr., Lance",ST,Breaking,52,5.5452,1.1125,82.7558,0.4007,0.5653,0.2764,88.6
680802,"Weiss, Ryan",ST,Breaking,116,5.5426,1.4381,83.919,0.4467,0.4322,0.3188,88.5
594798,"deGrom, Jacob",FF,Fastball,155,5.5387,1.1801,96.9716,0.5456,0.2698,0.3769,88.4
656945,"Scott, Tanner",SL,Breaking,69,5.5368,1.4326,89.7797,0.5108,0.4242,0.3244,88.3
601713,"Pivetta, Nick",CU,Breaking,63,5.5347,1.065,79.5873,0.3827,0.3206,0.345,88.2
663969,"Phillips, Tyler",FS,Offspeed,64,5.5319,1.4624,88.0016,0.5029,0.5281,0.3038,88.1
677952,"Ashcraft, Braxton",CU,Breaking,101,5.5311,1.3091,84.5733,0.4242,0.4812,0.309,88.0
669199,"Bachar, Lake",FF,Fastball,71,5.5296,1.1318,94.793,0.4139,0.3213,0.3529,87.9
646241,"De Jesus, Enmanuel",FF,Fastball,61,5.525,1.0233,93.7557,0.4394,0.3064,0.3546,87.8
664875,"Lawrence, Justin",ST,Breaking,103,5.5217,1.3618,82.034,0.3974,0.51,0.2956,87.6
607625,"Lugo, Seth",CU,Breaking,81,5.52,1.2087,76.9123,0.4484,0.3184,0.3254,87.5
664854,"Helsley, Ryan",SL,Breaking,76,5.5161,1.6417,87.85,0.4415,0.6019,0.2933,87.4
623149,"Sewald, Paul",FF,Fastball,82,5.514,1.0513,91.3841,0.5968,0.2919,0.364,87.3
701542,"Warren, Will",FF,Fastball,214,5.5131,1.2645,93.9696,0.527,0.2872,0.3829,87.2
579328,"Kikuchi, Yusei",SL,Breaking,92,5.5126,1.3914,85.9098,0.5446,0.3444,0.3562,87.1
691799,"Taylor, Grant",FF,Fastball,128,5.5109,1.29,98.9461,0.5654,0.3456,0.3358,87.0
681293,"Arrighetti, Spencer",CU,Breaking,62,5.5109,1.2805,76.1129,0.4227,0.4478,0.3003,86.9
663460,"Bubic, Kris",ST,Breaking,66,5.5089,1.371,82.3788,0.4294,0.3944,0.3303,86.8
548384,"Raley, Brooks",ST,Breaking,62,5.5087,1.2483,80.2484,0.4563,0.3981,0.3107,86.7
688158,"Morgan, David",FF,Fastball,50,5.5074,1.2915,97.432,0.5438,0.3384,0.3661,86.6
656550,"Holmes, Grant",SL,Breaking,179,5.5069,1.4981,85.5056,0.4561,0.6063,0.2914,86.5
672282,"Detmers, Reid",CU,Breaking,54,5.5065,1.1827,72.7426,0.4447,0.2469,0.3329,86.4
669194,"Nelson, Ryne",FF,Fastball,267,5.506,1.1602,95.964,0.5347,0.2647,0.3357,86.3
694335,"Svanson, Matt",ST,Breaking,69,5.5052,1.2623,86.4681,0.4175,0.4939,0.3007,86.2
643410,"Leiter Jr., Mark",FS,Offspeed,54,5.5045,1.5821,84.3796,0.5434,0.5415,0.2922,86.1
669160,"May, Dustin",ST,Breaking,78,5.5044,1.6275,85.5974,0.41,0.4118,0.309,86.0
674370,"Bido, Osvaldo",SL,Breaking,67,5.503,1.4979,86.2716,0.4429,0.5041,0.3014,85.9
670280,"Bednar, David",FF,Fastball,84,5.5019,1.2209,95.3536,0.5044,0.3197,0.3467,85.7
642100,"Speier, Gabe",SL,Breaking,52,5.501,1.1437,83.8231,0.4693,0.4743,0.3153,85.6
671096,"Abbott, Andrew",CU,Breaking,58,5.498,1.1693,79.2517,0.2935,0.4366,0.324,85.5
676979,"Crochet, Garrett",ST,Breaking,71,5.4972,1.4831,83.1901,0.5529,0.4365,0.3119,85.4
605447,"Romano, Jordan",SL,Breaking,91,5.4972,1.4037,84.2824,0.4347,0.5077,0.3099,85.3
681911,"Vesia, Alex",FF,Fastball,87,5.4969,1.4954,91.0598,0.4978,0.3072,0.3115,85.2
571945,"Mikolas, Miles",SL,Breaking,58,5.4931,1.1442,86.8897,0.4859,0.3977,0.31,85.1
668941,"Romero, JoJo",ST,Breaking,77,5.4928,1.2278,82.5701,0.4649,0.3451,0.3122,85.0
668674,"Erceg, Lucas",SL,Breaking,52,5.4913,1.3846,84.3519,0.4971,0.448,0.3027,84.9
607200,"Fedde, Erick",ST,Breaking,119,5.4886,1.2915,81.6218,0.4835,0.404,0.3114,84.8
621381,"Strahm, Matt",FF,Fastball,70,5.4852,1.2291,90.9786,0.4334,0.2668,0.3619,84.7
672782,"Gómez, Yoendrys",ST,Breaking,50,5.4842,1.0176,83.302,0.4064,0.4657,0.2955,84.6
596133,"Weaver, Luke",FF,Fastball,97,5.4818,1.1661,94.1773,0.4733,0.2734,0.3502,84.5
693433,"Woo, Bryan",FF,Fastball,251,5.4734,1.1874,95.498,0.5469,0.2916,0.3697,84.4
695505,"Burns, Chase",FF,Fastball,290,5.4732,1.2159,98.0555,0.5284,0.2997,0.3505,84.3
694973,"Skenes, Paul",ST,Breaking,71,5.4694,1.2063,83.6099,0.5049,0.4299,0.3177,84.2
642207,"Williams, Devin",FF,Fastball,78,5.4688,1.0909,93.4295,0.4942,0.3316,0.369,84.1
657277,"Webb, Logan",CH,Offspeed,111,5.4664,1.4116,86.1486,0.5858,0.3931,0.3007,83.9
605400,"Nola, Aaron",KC,Breaking,151,5.4644,1.4428,78.3371,0.4757,0.4546,0.3164,83.8
691587,"Pérez, Eury",ST,Breaking,75,5.4596,1.0319,83.604,0.4798,0.3991,0.3107,83.7
657746,"Ryan, Joe",SL,Breaking,59,5.4588,0.9519,85.8797,0.4246,0.4989,0.3108,83.6
543243,"Gray, Sonny",CU,Breaking,85,5.4571,1.216,80.0847,0.4125,0.4247,0.3193,83.5
661563,"Gil, Luis",FF,Fastball,138,5.4567,1.4153,95.3565,0.4942,0.3407,0.3508,83.4
656641,"Latz, Jacob",SL,Breaking,64,5.45,1.1723,85.1469,0.4884,0.5455,0.2965,83.3
666661,"Morillo, Juan",FF,Fastball,99,5.4496,1.2128,98.5505,0.5114,0.3166,0.3519,83.2
656794,"Newcomb, Sean",SV,Breaking,85,5.447,1.1918,81.8576,0.4136,0.3239,0.3023,83.1
445276,"Jansen, Kenley",FC,Fastball,70,5.4465,1.1639,92.8386,0.4931,0.3163,0.345,83.0
622491,"Castillo, Luis",SL,Breaking,149,5.446,1.3858,85.1141,0.4778,0.479,0.3086,82.9
805123,"Blubaugh, AJ",ST,Breaking,69,5.4447,1.3586,83.5594,0.4238,0.5074,0.3015,82.8
608718,"Suter, Brent",SL,Breaking,50,5.4443,1.2191,76.888,0.3574,0.4076,0.3138,82.7
607067,"Rea, Colin",SL,Breaking,55,5.4432,1.5475,86.1909,0.5489,0.48,0.3016,82.6
676962,"Brown, Ben",KC,Breaking,114,5.4422,1.8931,86.9807,0.4592,0.4604,0.3184,82.5
642207,"Williams, Devin",CH,Offspeed,68,5.4386,1.2549,85.2382,0.5322,0.4977,0.2877,82.4
640455,"Manaea, Sean",ST,Breaking,99,5.4385,1.1515,74.5172,0.5009,0.4356,0.3119,82.3
686610,"Waldichuk, Ken",CU,Breaking,63,5.4362,1.6013,81.5365,0.4451,0.3636,0.3062,82.2
669923,"Kirby, George",SL,Breaking,116,5.436,1.519,86.6414,0.4938,0.4296,0.3113,82.0
571578,"Corbin, Patrick",SL,Breaking,62,5.4343,1.1865,79.0742,0.469,0.5186,0.3063,81.9
694297,"Pfaadt, Brandon",CU,Breaking,73,5.4338,0.9907,81.5014,0.3753,0.4035,0.321,81.8
686993,"Sterner, Justin",ST,Breaking,69,5.4325,1.0639,81.3696,0.4335,0.5364,0.2975,81.7
657746,"Ryan, Joe",KC,Breaking,53,5.432,1.5337,78.0377,0.5634,0.4219,0.3072,81.6
650911,"Sánchez, Cristopher",SL,Breaking,108,5.4308,1.3483,85.4676,0.4207,0.4193,0.3247,81.5
660271,"Ohtani, Shohei",CU,Breaking,64,5.4299,1.3855,75.2469,0.3279,0.3867,0.3081,81.4
678906,"Teng, Kai-Wei",ST,Breaking,97,5.4294,1.4554,85.3392,0.5015,0.4267,0.3077,81.3
657277,"Webb, Logan",ST,Breaking,101,5.4267,1.4107,84.3861,0.3774,0.3975,0.3255,81.2
605488,"Springs, Jeffrey",ST,Breaking,55,5.4264,1.0609,76.1345,0.3687,0.3217,0.3482,81.1
695418,"Lord, Brad",SL,Breaking,85,5.425,1.4024,85.5671,0.4549,0.3781,0.3269,81.0
579328,"Kikuchi, Yusei",FF,Fastball,125,5.4203,1.1064,95.4248,0.4955,0.2988,0.3659,80.9
676979,"Crochet, Garrett",FF,Fastball,143,5.4184,1.205,95.8056,0.5134,0.2943,0.3655,80.8
519141,"Pomeranz, Drew",FF,Fastball,92,5.4184,1.15,93.0217,0.5118,0.2522,0.369,80.7
663978,"Paddack, Chris",CH,Offspeed,123,5.418,1.2882,85.1553,0.5731,0.4672,0.3018,80.6
641743,"Kay, Anthony",CH,Offspeed,55,5.4177,1.1798,85.5018,0.442,0.5547,0.2725,80.5
656546,"Hoffman, Jeff",SL,Breaking,61,5.4172,1.5593,88.2492,0.4704,0.5445,0.3004,80.4
595345,"Okert, Steven",SL,Breaking,138,5.4149,1.1563,80.2232,0.5351,0.3996,0.3293,80.3
656730,"Megill, Trevor",FF,Fastball,91,5.4143,1.2891,97.3099,0.5137,0.2799,0.3525,80.1
685801,"Bigge, Hunter",FF,Fastball,82,5.4135,1.2455,96.7098,0.353,0.3453,0.3317,80.0
660825,"Bazardo, Eduard",ST,Breaking,68,5.4075,1.3757,82.225,0.3918,0.2727,0.3479,79.9
680730,"Parker, Mitchell",SL,Breaking,93,5.4029,1.4557,82.843,0.5973,0.385,0.3316,79.8
607455,"Banda, Anthony",SL,Breaking,89,5.4004,1.6578,83.1258,0.4087,0.4905,0.313,79.7
672335,"Pérez, Cionel",CU,Breaking,86,5.4001,1.4503,85.7907,0.4365,0.4037,0.3405,79.6
592773,"Stanek, Ryne",FF,Fastball,127,5.3994,1.2693,98.1827,0.572,0.304,0.3524,79.5
656427,"Flaherty, Jack",KC,Breaking,98,5.398,1.4437,77.9898,0.422,0.5003,0.3096,79.4
668909,"Williams, Gavin",CU,Breaking,89,5.3975,1.7195,83.0854,0.5288,0.3888,0.3257,79.3
677960,"Weathers, Ryan",FF,Fastball,175,5.3955,1.4618,96.288,0.5148,0.2584,0.379,79.2
691587,"Pérez, Eury",SL,Breaking,77,5.3942,1.3947,87.0701,0.4353,0.5793,0.3019,79.1
622554,"Domínguez, Seranthony",ST,Breaking,59,5.3931,1.1151,85.1102,0.4174,0.4057,0.3239,79.0
693645,"Schlittler, Cam",FF,Fastball,182,5.3931,1.1218,97.4643,0.5525,0.2694,0.3549,78.9
669194,"Nelson, Ryne",CU,Breaking,55,5.393,1.2441,79.7127,0.3418,0.4916,0.3127,78.8
640448,"Finnegan, Kyle",FS,Offspeed,50,5.3906,1.4032,87.82,0.4778,0.5198,0.2875,78.7
676106,"Hancock, Emerson",ST,Breaking,116,5.3871,1.1529,77.8345,0.3737,0.4694,0.2955,78.6
681982,"Anderson, Grant",FF,Fastball,77,5.3851,1.5019,92.8065,0.4894,0.2339,0.3716,78.5
656550,"Holmes, Grant",CU,Breaking,53,5.3845,1.1116,83.7132,0.3786,0.4507,0.3119,78.4
605130,"Barlow, Scott",ST,Breaking,59,5.3828,1.1716,79.2102,0.3821,0.4673,0.3147,78.2
695076,"Lowder, Rhett",SL,Breaking,116,5.3827,1.251,84.8474,0.4807,0.4592,0.3187,78.1
641941,"Pagán, Emilio",FF,Fastball,129,5.3826,1.3406,94.2349,0.5029,0.2888,0.3483,78.0
669022,"Gore, MacKenzie",CU,Breaking,118,5.3825,1.5111,81.6034,0.4996,0.3813,0.3351,77.9
680573,"Woods Richardson, Simeon",FS,Offspeed,136,5.3814,1.43,86.6868,0.4766,0.5713,0.3025,77.8
605288,"Houser, Adrian",SL,Breaking,65,5.3807,1.3203,88.1138,0.5075,0.454,0.3005,77.7
680736,"Wrobleski, Justin",SL,Breaking,129,5.3803,1.7357,85.9132,0.5409,0.4488,0.3307,77.6
673929,"Leasure, Jordan",FF,Fastball,101,5.379,1.2464,95.6416,0.5313,0.2958,0.3444,77.5
623149,"Sewald, Paul",ST,Breaking,62,5.3777,1.2259,82.6452,0.4914,0.3122,0.3357,77.4
691587,"Pérez, Eury",FF,Fastball,266,5.3757,1.5006,97.9977,0.5034,0.2661,0.3615,77.3
547179,"Lorenzen, Michael",CU,Breaking,72,5.3753,1.1807,82.1444,0.3553,0.4036,0.322,77.2
656641,"Latz, Jacob",FF,Fastball,114,5.3745,1.5499,93.2746,0.4804,0.2668,0.3678,77.1
685005,"Roa, Christian",SL,Breaking,64,5.3744,1.7256,87.3375,0.4963,0.4049,0.3204,77.0
676508,"Casparius, Ben",FF,Fastball,53,5.371,1.2322,95.8,0.5045,0.3302,0.3309,76.9
670970,"Morejon, Adrian",SI,Fastball,99,5.3708,1.1203,99.2293,0.479,0.2867,0.3045,76.8
668873,"Kilian, Caleb",FF,Fastball,75,5.3704,1.18,97.2333,0.4795,0.2907,0.3433,76.7
664126,"Fairbanks, Pete",FF,Fastball,68,5.3704,1.0373,96.8412,0.5883,0.2407,0.3405,76.6
601713,"Pivetta, Nick",FF,Fastball,190,5.3692,1.1466,94.2758,0.5241,0.2899,0.3282,76.5
664299,"Javier, Cristian",ST,Breaking,61,5.3681,1.2604,78.6475,0.3615,0.372,0.3198,76.3
693686,"Miles, Spencer",SL,Breaking,52,5.3665,1.5946,87.8365,0.5001,0.5048,0.2999,76.2
672282,"Detmers, Reid",FF,Fastball,226,5.3656,1.2234,94.0438,0.4977,0.2719,0.3606,76.1
623474,"Herget, Jimmy",ST,Breaking,59,5.3644,1.3009,78.0627,0.5372,0.3143,0.3168,76.0
641743,"Kay, Anthony",SL,Breaking,84,5.3613,1.1712,90.5774,0.4838,0.3457,0.3116,75.9
677958,"Rocker, Kumar",SL,Breaking,131,5.3545,1.5498,84.1824,0.4784,0.4621,0.3158,75.8
676440,"Bibee, Tanner",CU,Breaking,65,5.3542,1.508,78.3046,0.4292,0.377,0.3223,75.7
680755,"Fisher, Braydon",SL,Breaking,100,5.3504,1.2797,88.517,0.5403,0.4396,0.3296,75.6
686799,"Kochanowicz, Jack",SL,Breaking,84,5.3489,1.3609,86.619,0.34,0.4468,0.3126,75.5
688883,"Pallette, Peyton",FF,Fastball,104,5.3488,1.3798,95.3125,0.5085,0.2783,0.368,75.4
656302,"Cease, Dylan",SL,Breaking,161,5.3485,1.3912,89.5205,0.5363,0.5333,0.301,75.3
686613,"Brown, Hunter",FF,Fastball,87,5.3482,1.0924,96.2621,0.5861,0.288,0.3681,75.2
641816,"Mahle, Tyler",FF,Fastball,157,5.3448,1.1742,92.4178,0.4278,0.2002,0.3676,75.1
670183,"Acton, Garrett",FF,Fastball,51,5.3445,1.2618,94.1059,0.4972,0.2602,0.3857,75.0
682842,"Uribe, Abner",SL,Breaking,70,5.3434,1.3183,86.03,0.4553,0.4783,0.3069,74.9
656464,"Ginkel, Kevin",SL,Breaking,86,5.3419,1.6016,84.8779,0.4984,0.5228,0.311,74.8
682610,"Muñoz, Roddery",SL,Breaking,60,5.3373,1.6169,85.805,0.4252,0.5753,0.2858,74.7
800048,"Messick, Parker",SL,Breaking,63,5.3369,1.4993,86.7365,0.5201,0.4946,0.2984,74.6
664141,"Brubaker, JT",SL,Breaking,56,5.3357,1.667,86.9429,0.5097,0.5658,0.2854,74.4
573124,"Rogers, Taylor",ST,Breaking,76,5.3354,0.8404,77.4092,0.449,0.3247,0.2985,74.3
596001,"Junis, Jakob",SL,Breaking,57,5.335,1.2175,81.5544,0.4879,0.2446,0.3258,74.2
669358,"Baz, Shane",FF,Fastball,196,5.3344,1.2438,96.852,0.4451,0.272,0.3497,74.1
668984,"Legumina, Casey",FF,Fastball,98,5.3343,1.3224,93.449,0.4771,0.2932,0.3528,74.0
607067,"Rea, Colin",FS,Offspeed,70,5.3329,1.4095,87.6629,0.529,0.4733,0.2934,73.9
669947,"Scholtens, Jesse",SL,Breaking,87,5.3295,1.165,87.9897,0.5017,0.4577,0.3145,73.8
808963,"Sasaki, Roki",FS,Offspeed,133,5.3292,1.3259,85.0647,0.4623,0.4268,0.2966,73.7
669373,"Skubal, Tarik",FF,Fastball,188,5.3292,1.1728,96.558,0.5622,0.2466,0.3636,73.6
800311,"Fuentes, Didier",FF,Fastball,70,5.3277,1.2311,96.2386,0.5228,0.2842,0.3713,73.5
681982,"Anderson, Grant",ST,Breaking,65,5.3252,1.287,79.6215,0.4542,0.4668,0.3056,73.4
670970,"Morejon, Adrian",SL,Breaking,52,5.3247,1.6355,88.5423,0.5222,0.3673,0.3314,73.3
621383,"Banks, Tanner",SL,Breaking,76,5.3246,1.4527,86.4539,0.4429,0.4275,0.3271,73.2
691946,"Klassen, George",FF,Fastball,86,5.3233,1.5896,97.2419,0.3617,0.2629,0.3451,73.1
657746,"Ryan, Joe",FF,Fastball,233,5.3228,1.3365,92.5979,0.5166,0.2748,0.3739,73.0
642701,"Santana, Dennis",SL,Breaking,74,5.3221,1.4776,85.0973,0.5066,0.4509,0.3125,72.9
669711,"Weissert, Greg",SI,Fastball,63,5.3215,1.4696,93.7032,0.3845,0.2081,0.3078,72.8
678022,"Perkins, Jack",FF,Fastball,57,5.3209,1.6318,95.7474,0.5438,0.3106,0.3742,72.7
671922,"Smith, Cade",FS,Offspeed,74,5.3204,1.8091,86.1054,0.5705,0.5492,0.2871,72.5
671737,"Bradley, Taj",FF,Fastball,276,5.3198,1.4812,96.2913,0.4882,0.2628,0.3655,72.4
640451,"Harvey, Hunter",FF,Fastball,54,5.3189,1.1362,96.9574,0.5609,0.2049,0.3783,72.3
694361,"Klein, Will",FF,Fastball,96,5.3188,1.1168,97.3417,0.4864,0.2709,0.3617,72.2
662253,"Muñoz, Andrés",FF,Fastball,53,5.3161,1.4749,98.5585,0.3782,0.3982,0.3206,72.1
573204,"Thielbar, Caleb",FF,Fastball,85,5.3139,1.3789,93.5918,0.5788,0.2552,0.3603,72.0
641927,"Ober, Bailey",ST,Breaking,53,5.3124,1.2859,76.6472,0.4057,0.4788,0.2831,71.9
681343,"Smith, Shane",CU,Breaking,65,5.3122,1.3689,82.2262,0.4489,0.4187,0.3216,71.8
656849,"Peterson, David",CH,Offspeed,63,5.3105,0.9524,85.1524,0.458,0.5254,0.2936,71.7
643377,"Jax, Griffin",ST,Breaking,60,5.3092,1.4179,88.5183,0.4776,0.4984,0.3187,71.6
669302,"Gilbert, Logan",SL,Breaking,86,5.3083,1.508,86.1279,0.539,0.4404,0.3391,71.5
642121,"Sulser, Cole",CH,Offspeed,108,5.308,1.4022,83.1824,0.3929,0.6455,0.2825,71.4
666808,"Doval, Camilo",FC,Fastball,65,5.3059,1.3721,97.2,0.4112,0.3533,0.3163,71.3
669371,"Henry, Cole",ST,Breaking,57,5.3059,1.6031,81.3439,0.4198,0.4866,0.3032,71.2
519242,"Sale, Chris",SL,Breaking,228,5.3057,1.4387,78.0711,0.4572,0.3705,0.3301,71.1
607455,"Banda, Anthony",FF,Fastball,66,5.3054,1.2463,93.503,0.4233,0.3504,0.3604,71.0
607625,"Lugo, Seth",SL,Breaking,63,5.3041,1.3786,84.2905,0.4972,0.3621,0.3202,70.9
622608,"Senzatela, Antonio",FF,Fastball,83,5.3017,1.415,97.2012,0.6124,0.2618,0.3522,70.7
668964,"Myers, Tobias",FF,Fastball,105,5.3009,1.1598,92.3695,0.4754,0.2131,0.367,70.6
694738,"Roupp, Landen",CU,Breaking,132,5.3001,1.1888,76.5553,0.4978,0.3928,0.3067,70.5
676917,"Cavalli, Cade",ST,Breaking,67,5.2992,1.5412,84.7358,0.452,0.5449,0.2897,70.4
808963,"Sasaki, Roki",SL,Breaking,88,5.299,1.5745,86.4477,0.5235,0.4841,0.3319,70.3
663855,"Hicks, Jordan",ST,Breaking,66,5.2986,1.4515,86.9864,0.4502,0.4303,0.315,70.2
663903,"Singer, Brady",ST,Breaking,54,5.2971,1.1617,80.3963,0.4507,0.4736,0.3142,70.1
650556,"Abreu, Bryan",SL,Breaking,107,5.293,1.3296,86.9084,0.452,0.4959,0.3051,70.0
663687,"Harris, Hogan",CU,Breaking,67,5.2917,1.4709,74.6507,0.3261,0.3499,0.3103,69.9
694973,"Skenes, Paul",FF,Fastball,151,5.2909,1.2661,97.0523,0.5282,0.2551,0.3582,69.8
592662,"Ray, Robbie",FF,Fastball,266,5.2889,1.1657,93.5282,0.5376,0.2649,0.3656,69.7
676760,"Marinaccio, Ron",FF,Fastball,91,5.2879,1.2127,93.3396,0.5236,0.2609,0.3633,69.6
813349,"Early, Connelly",FF,Fastball,147,5.2875,1.3201,93.749,0.4527,0.2967,0.3674,69.5
681911,"Vesia, Alex",SL,Breaking,55,5.2848,1.4506,83.4582,0.4726,0.4279,0.329,69.4
642547,"Peralta, Freddy",CU,Breaking,76,5.2827,1.4046,79.5276,0.4281,0.4288,0.3257,69.3
690953,"Abel, Mick",FF,Fastball,174,5.2823,1.3664,95.0236,0.5663,0.2645,0.372,69.2
694819,"Misiorowski, Jacob",SL,Breaking,118,5.2819,1.4016,94.0517,0.5389,0.3813,0.3215,69.1
686218,"Sheehan, Emmet",FF,Fastball,170,5.2812,1.1859,94.1924,0.4357,0.3043,0.3611,69.0
693433,"Woo, Bryan",ST,Breaking,71,5.2804,1.3386,83.6563,0.4619,0.3803,0.32,68.8
670036,"Festa, Matt",ST,Breaking,88,5.2792,1.2657,81.5943,0.444,0.3522,0.327,68.7
678606,"Ferrer, Jose A.",SI,Fastball,122,5.2783,1.3551,96.7016,0.4695,0.2007,0.2903,68.6
656546,"Hoffman, Jeff",FS,Offspeed,72,5.2759,1.1861,90.0361,0.4417,0.4614,0.2808,68.5
695076,"Lowder, Rhett",CH,Offspeed,105,5.2746,1.2948,86.061,0.5488,0.4173,0.2944,68.4
657746,"Ryan, Joe",SI,Fastball,64,5.2742,1.5558,92.6562,0.43,0.1747,0.3137,68.3
656848,"Petersen, Michael",FF,Fastball,94,5.2725,1.4032,96.8532,0.5169,0.278,0.3522,68.2
656638,"Lange, Alex",SL,Breaking,65,5.2715,1.7275,87.5246,0.5727,0.4295,0.3285,68.1
681402,"Varland, Gus",SL,Breaking,79,5.2703,1.5799,87.6152,0.5027,0.4112,0.3208,68.0
676282,"Cantillo, Joey",CU,Breaking,70,5.2702,1.2345,79.2543,0.3732,0.3408,0.3256,67.9
656427,"Flaherty, Jack",SL,Breaking,131,5.2676,1.3191,84.8084,0.4608,0.4988,0.315,67.8
606303,"Payamps, Joel",FF,Fastball,54,5.2674,1.1159,94.2593,0.5174,0.3031,0.3489,67.7
657756,"Seabold, Connor",CH,Offspeed,53,5.2668,1.263,82.7585,0.4437,0.4085,0.2824,67.6
657756,"Seabold, Connor",FF,Fastball,101,5.265,1.2192,93.4465,0.5362,0.2607,0.3762,67.5
691725,"Painter, Andrew",FF,Fastball,125,5.2623,1.3252,96.4776,0.4999,0.2643,0.3386,67.4
663978,"Paddack, Chris",ST,Breaking,61,5.2587,1.0763,79.6393,0.4041,0.4911,0.3012,67.3
663372,"Feltner, Ryan",SL,Breaking,75,5.2578,1.3165,89.468,0.4586,0.471,0.307,67.2
691725,"Painter, Andrew",SL,Breaking,63,5.2564,1.3712,88.3444,0.4359,0.431,0.326,67.1
673929,"Leasure, Jordan",SL,Breaking,95,5.2553,1.5203,87.0537,0.4481,0.5216,0.3017,66.9
605130,"Barlow, Scott",CU,Breaking,68,5.2543,1.6262,76.3118,0.4562,0.4581,0.2977,66.8
661563,"Gil, Luis",SL,Breaking,67,5.2538,1.7246,86.3746,0.5023,0.4062,0.3207,66.7
681347,"Burrows, Mike",FF,Fastball,129,5.2527,1.3678,94.8806,0.4519,0.2843,0.3607,66.6
683004,"Leiter, Jack",SL,Breaking,74,5.251,1.5356,86.6257,0.5092,0.4193,0.3181,66.5
694477,"Patrick, Chad",SV,Breaking,56,5.2501,1.4984,84.9161,0.3607,0.5879,0.2901,66.4
666142,"Ragans, Cole",SL,Breaking,83,5.2481,1.5595,84.8639,0.4341,0.5583,0.2922,66.3
677944,"Cecconi, Slade",ST,Breaking,64,5.2478,1.1887,81.2312,0.3825,0.4323,0.309,66.2
676571,"Poulin, PJ",ST,Breaking,92,5.2413,1.1402,79.0772,0.4578,0.438,0.3093,66.1
605280,"Holmes, Clay",CH,Offspeed,58,5.241,1.6341,89.1931,0.6329,0.4102,0.2956,66.0
641755,"Kinley, Tyler",SL,Breaking,111,5.2378,1.5107,86.7432,0.5253,0.4758,0.3192,65.9
500779,"Quintana, Jose",CH,Offspeed,56,5.2362,1.0638,85.5643,0.4804,0.4781,0.2906,65.8
677960,"Weathers, Ryan",SI,Fastball,96,5.2362,1.3691,94.5052,0.4638,0.2284,0.319,65.7
621242,"Díaz, Edwin",FF,Fastball,83,5.2359,1.3561,95.8024,0.4382,0.3136,0.3546,65.6
680732,"Burke, Sean",KC,Breaking,85,5.2354,1.4856,79.3,0.4241,0.284,0.3308,65.5
670280,"Bednar, David",FS,Offspeed,64,5.2353,1.6788,90.7531,0.638,0.4702,0.3078,65.4
608566,"Márquez, Germán",KC,Breaking,175,5.2339,1.591,85.4411,0.4706,0.4766,0.3129,65.3
641816,"Mahle, Tyler",FS,Offspeed,99,5.2337,1.4403,85.3495,0.5672,0.4624,0.2967,65.2
543135,"Eovaldi, Nathan",FS,Offspeed,178,5.2336,1.5662,88.4522,0.5845,0.445,0.3123,65.0
593974,"Peralta, Wandy",CH,Offspeed,76,5.2329,1.5096,89.2684,0.5856,0.4896,0.293,64.9
672282,"Detmers, Reid",SL,Breaking,189,5.2309,1.7521,86.2005,0.5535,0.4234,0.3343,64.8
676395,"Garcia, Robert",FF,Fastball,75,5.2309,1.5411,94.228,0.4919,0.2585,0.3848,64.7
686218,"Sheehan, Emmet",SL,Breaking,125,5.2283,1.4301,86.992,0.5167,0.4692,0.3055,64.6
690953,"Abel, Mick",SL,Breaking,57,5.2279,1.4872,87.2719,0.4999,0.4647,0.312,64.5
677053,"Nardi, Andrew",FF,Fastball,83,5.2273,1.6835,93.994,0.5094,0.2856,0.37,64.4
608372,"Sugano, Tomoyuki",FS,Offspeed,92,5.2248,1.3721,87.2163,0.4994,0.4798,0.3082,64.3
801403,"Dollander, Chase",SL,Breaking,70,5.2247,1.4706,87.6986,0.4868,0.5088,0.3123,64.2
650633,"King, Michael",FF,Fastball,77,5.2225,1.4439,93.9039,0.4574,0.3397,0.3526,64.1
650644,"Civale, Aaron",CU,Breaking,74,5.2208,1.2646,77.2568,0.4475,0.3691,0.3192,64.0
676083,"Junk, Janson",ST,Breaking,58,5.2205,1.2388,79.869,0.5028,0.3749,0.3172,63.9
689254,"Fluharty, Mason",FC,Fastball,94,5.2183,1.1794,91.4138,0.5204,0.3029,0.3317,63.8
656876,"Rasmussen, Drew",FF,Fastball,83,5.2182,1.3073,95.9687,0.5448,0.2418,0.373,63.7
572955,"Johnson, Pierce",CU,Breaking,124,5.2169,1.5075,85.7177,0.4405,0.3704,0.3259,63.6
813349,"Early, Connelly",CU,Breaking,57,5.2167,1.2779,79.7333,0.4026,0.3999,0.3163,63.5
607536,"Freeland, Kyle",KC,Breaking,74,5.2154,1.691,83.1595,0.4538,0.4453,0.3302,63.4
694738,"Roupp, Landen",FC,Fastball,58,5.2152,1.2949,88.5052,0.412,0.3928,0.3216,63.3
808967,"Yamamoto, Yoshinobu",CU,Breaking,77,5.2139,1.4633,76.5091,0.4782,0.3088,0.3463,63.1
669022,"Gore, MacKenzie",FF,Fastball,204,5.2132,1.4168,95.7397,0.5212,0.2748,0.3734,63.0
665795,"Cabrera, Edward",CU,Breaking,76,5.2125,1.5938,84.5697,0.3874,0.4545,0.3123,62.9
693855,"Seymour, Ian",CH,Offspeed,74,5.2096,1.1884,83.0581,0.4877,0.4203,0.3129,62.8
693821,"Elder, Bryce",SL,Breaking,150,5.2085,1.4845,83.306,0.4942,0.4436,0.3237,62.7
670990,"Ramírez, Yohan",FF,Fastball,75,5.208,1.4359,96.2733,0.4027,0.3006,0.3506,62.6
656605,"Keller, Mitch",ST,Breaking,101,5.2077,1.4819,82.2416,0.5434,0.3805,0.3061,62.5
690925,"Beeter, Clayton",FF,Fastball,116,5.2074,1.3187,96.5043,0.4517,0.2892,0.3539,62.4
669438,"Englert, Mason",CH,Offspeed,79,5.2064,1.7277,86.3367,0.5671,0.4342,0.3038,62.3
679358,"Orze, Eric",FS,Offspeed,118,5.2045,1.5271,82.839,0.5793,0.4201,0.3148,62.2
641401,"Brogdon, Connor",CH,Offspeed,75,5.2044,1.1165,83.412,0.4725,0.439,0.3187,62.1
665660,"Alvarado, Elvis",FF,Fastball,110,5.2042,1.6251,98.23,0.5314,0.3181,0.3475,62.0
669358,"Baz, Shane",KC,Breaking,174,5.2006,1.7308,85.7856,0.4879,0.4169,0.3233,61.9
806960,"Morales, Luis",ST,Breaking,50,5.1993,1.0795,80.926,0.3662,0.4385,0.3155,61.8
677161,"Kelly, Zack",FC,Fastball,72,5.199,1.2419,90.9764,0.4746,0.3547,0.3327,61.7
694851,"Hoffmann, Andrew",CH,Offspeed,60,5.1972,1.5397,87.405,0.4999,0.4966,0.3024,61.6
592662,"Ray, Robbie",SL,Breaking,191,5.197,1.5999,84.8037,0.4726,0.4959,0.3233,61.5
607192,"Glasnow, Tyler",KC,Breaking,115,5.1962,1.574,80.413,0.4248,0.4832,0.3123,61.4
621242,"Díaz, Edwin",SL,Breaking,74,5.1953,1.6129,88.3054,0.5348,0.4755,0.3109,61.2
687396,"Headrick, Brent",SL,Breaking,61,5.1952,1.2432,83.6049,0.5138,0.516,0.3212,61.1
519242,"Sale, Chris",FF,Fastball,204,5.1943,1.351,95.1495,0.5069,0.2384,0.3562,61.0
676477,"Whitlock, Garrett",SL,Breaking,52,5.193,1.6999,85.1942,0.5006,0.5205,0.3059,60.9
671737,"Bradley, Taj",CU,Breaking,65,5.1897,1.9652,81.1308,0.4657,0.4427,0.3107,60.8
669467,"Pallante, Andre",KC,Breaking,60,5.1894,1.5395,77.1217,0.4016,0.4061,0.3178,60.7
592791,"Taillon, Jameson",FF,Fastball,125,5.1868,1.2738,91.4576,0.4467,0.2409,0.359,60.6
682052,"Lopez, Jacob",SL,Breaking,136,5.1863,1.4478,77.6463,0.4634,0.4197,0.3226,60.5
641312,"Anderson, Shaun",SL,Breaking,76,5.1859,1.6548,89.2816,0.5147,0.3727,0.3398,60.4
666142,"Ragans, Cole",FF,Fastball,253,5.1844,1.5265,94.2676,0.4346,0.2617,0.3539,60.3
621237,"Alvarado, José",SI,Fastball,125,5.183,1.363,98.1816,0.4763,0.2632,0.3088,60.2
665795,"Cabrera, Edward",CH,Offspeed,158,5.1809,1.4018,92.9405,0.5455,0.3773,0.3003,60.1
676254,"Walker, Ryan",SL,Breaking,61,5.1799,1.3356,82.8033,0.4699,0.376,0.3111,60.0
453286,"Scherzer, Max",SL,Breaking,67,5.1796,1.2884,86.091,0.5479,0.4278,0.3194,59.9
608379,"Wacha, Michael",FF,Fastball,139,5.1794,1.0984,92.9978,0.4774,0.2233,0.3574,59.8
682120,"Herrin, Tim",CU,Breaking,58,5.1792,1.6224,80.4034,0.4413,0.4795,0.3135,59.7
687606,"Schultz, Paxton",FC,Fastball,69,5.1785,1.2489,89.0739,0.4879,0.2942,0.331,59.6
694738,"Roupp, Landen",CH,Offspeed,84,5.1764,1.4531,87.1798,0.5497,0.4506,0.2864,59.5
663554,"Mize, Casey",FF,Fastball,141,5.1763,1.1998,93.3099,0.4385,0.2503,0.3672,59.3
657424,"Gage, Matt",SL,Breaking,93,5.1755,1.4036,84.4043,0.5113,0.4659,0.3248,59.2
642397,"Soto, Gregory",ST,Breaking,52,5.1726,1.5756,82.0846,0.5566,0.3804,0.3151,59.1
801403,"Dollander, Chase",FF,Fastball,165,5.1724,1.442,99.0848,0.5683,0.2788,0.3592,59.0
676254,"Walker, Ryan",SI,Fastball,122,5.1722,1.4629,95.4303,0.392,0.2196,0.3108,58.9
696147,"Bachman, Sam",SL,Breaking,117,5.1718,1.3779,88.9966,0.5049,0.4235,0.3221,58.8
660761,"Suarez, José",SL,Breaking,67,5.1717,1.4283,82.3761,0.4609,0.4079,0.3305,58.7
657514,"Bernardino, Brennan",CU,Breaking,53,5.1709,1.0997,77.9717,0.4572,0.3002,0.3029,58.6
656849,"Peterson, David",SL,Breaking,85,5.1701,1.4898,85.3424,0.5455,0.4129,0.3141,58.5
605400,"Nola, Aaron",FF,Fastball,151,5.1701,1.2818,91.596,0.4065,0.2495,0.3612,58.4
656271,"Burke, Brock",SL,Breaking,62,5.1628,1.4024,86.479,0.4558,0.4064,0.3261,58.3
518585,"Cruz, Fernando",FS,Offspeed,85,5.1622,1.6728,80.0965,0.4622,0.5657,0.2986,58.2
685801,"Bigge, Hunter",SL,Breaking,71,5.1555,1.5237,89.1606,0.3988,0.5476,0.2989,58.1
677961,"Wilcox, Cole",SL,Breaking,70,5.1539,1.7504,87.5057,0.5763,0.4097,0.3201,58.0
605488,"Springs, Jeffrey",SL,Breaking,103,5.1532,1.366,83.1223,0.4841,0.336,0.3494,57.9
622491,"Castillo, Luis",FF,Fastball,216,5.1519,1.4784,95.1356,0.5365,0.2746,0.3671,57.8
693312,"Nicolas, Kyle",SL,Breaking,61,5.1514,1.2855,89.9705,0.416,0.5239,0.3117,57.7
669330,"Wells, Tyler",SL,Breaking,60,5.1512,1.4676,87.3317,0.4866,0.4733,0.2977,57.6
657746,"Ryan, Joe",FS,Offspeed,51,5.1481,1.1276,86.8118,0.4077,0.5226,0.2964,57.4
622663,"Severino, Luis",FF,Fastball,105,5.1455,1.4277,96.6124,0.5275,0.2859,0.3666,57.3
608718,"Suter, Brent",CH,Offspeed,89,5.144,1.0365,75.436,0.4583,0.4517,0.3034,57.2
683175,"Phillips, Connor",FF,Fastball,142,5.1428,1.4507,98.0817,0.4469,0.3017,0.3518,57.1
691945,"Baumler, Carter",CU,Breaking,67,5.1402,1.784,84.4478,0.4057,0.3888,0.3173,57.0
656876,"Rasmussen, Drew",FC,Fastball,111,5.14,1.6586,90.4694,0.5685,0.3859,0.3211,56.9
671922,"Smith, Cade",FF,Fastball,177,5.138,1.4389,96.4616,0.5933,0.2768,0.3711,56.8
682995,"Barco, Hunter",FF,Fastball,71,5.1361,1.4885,94.6085,0.4994,0.3048,0.3676,56.7
690990,"Horton, Cade",FF,Fastball,75,5.1348,1.3874,95.5107,0.532,0.207,0.367,56.6
686613,"Brown, Hunter",KC,Breaking,59,5.1334,1.9755,83.4576,0.4766,0.402,0.3174,56.5
808967,"Yamamoto, Yoshinobu",FF,Fastball,128,5.1334,1.2029,95.4547,0.4679,0.2737,0.3583,56.4
690986,"Harrison, Kyle",SV,Breaking,93,5.1313,1.6238,82.1763,0.4363,0.3961,0.3238,56.3
657097,"Webb, Jacob",FF,Fastball,98,5.1284,1.3329,93.4704,0.4923,0.2731,0.3686,56.2
642397,"Soto, Gregory",SI,Fastball,81,5.1279,1.197,95.9642,0.4121,0.2061,0.3226,56.1
837227,"Imai, Tatsuya",FF,Fastball,98,5.1269,1.3454,94.6898,0.3557,0.2884,0.353,56.0
702303,"Martin, Riley",FF,Fastball,54,5.1266,1.2449,94.4852,0.6177,0.2151,0.3871,55.9
676282,"Cantillo, Joey",SL,Breaking,74,5.1259,1.3166,82.8946,0.4651,0.4176,0.3244,55.8
670167,"Schreiber, John",FF,Fastball,54,5.1237,1.3253,92.4148,0.5371,0.2993,0.3451,55.6
641778,"Lauer, Eric",FC,Fastball,52,5.1214,1.4225,86.5077,0.422,0.3372,0.3357,55.5
592791,"Taillon, Jameson",ST,Breaking,57,5.1212,1.1886,79.8456,0.5178,0.4902,0.2942,55.4
696149,"Chandler, Bubba",CH,Offspeed,62,5.12,1.2261,92.3661,0.4973,0.3708,0.2993,55.3
663554,"Mize, Casey",FS,Offspeed,121,5.1199,1.6244,87.1455,0.4996,0.4935,0.3028,55.2
669467,"Pallante, Andre",SL,Breaking,102,5.1188,1.5074,87.102,0.4749,0.4666,0.317,55.1
645261,"Alcantara, Sandy",CH,Offspeed,128,5.1185,1.3735,90.6227,0.5108,0.4356,0.2977,55.0
543135,"Eovaldi, Nathan",CU,Breaking,85,5.1177,1.4687,76.4953,0.4382,0.36,0.3208,54.9
676083,"Junk, Janson",FF,Fastball,124,5.1174,1.3352,94.1903,0.5286,0.2344,0.3751,54.8
681217,"Silseth, Chase",FS,Offspeed,71,5.1169,1.8097,87.6634,0.5286,0.4503,0.2969,54.7
663687,"Harris, Hogan",FF,Fastball,168,5.1163,1.5579,95.2024,0.5029,0.251,0.3686,54.6
686993,"Sterner, Justin",FF,Fastball,95,5.1162,1.4297,92.9884,0.5132,0.2847,0.3735,54.5
663969,"Phillips, Tyler",ST,Breaking,66,5.1158,1.4162,84.7682,0.4633,0.4435,0.3328,54.4
647315,"Pop, Zach",SI,Fastball,90,5.1152,1.5447,96.29,0.4231,0.2438,0.3072,54.3
621381,"Strahm, Matt",SL,Breaking,56,5.1138,1.4821,80.5518,0.4719,0.3886,0.3296,54.2
680767,"Vodnik, Victor",FF,Fastball,86,5.1138,1.6646,98.907,0.4535,0.352,0.3506,54.1
676617,"O'Brien, Riley",SI,Fastball,107,5.1124,1.2787,98.0935,0.4613,0.25,0.3045,54.0
571927,"Matz, Steven",SL,Breaking,60,5.1095,1.422,83.0533,0.4981,0.4255,0.3131,53.9
668678,"Gallen, Zac",CH,Offspeed,74,5.1092,1.135,86.6635,0.517,0.4621,0.2888,53.7
679775,"Backhus, Kyle",SI,Fastball,79,5.1089,1.6386,90.9861,0.4363,0.1543,0.3241,53.6
669194,"Nelson, Ryne",SL,Breaking,93,5.1088,1.6183,87.8946,0.5561,0.4664,0.315,53.5
571927,"Matz, Steven",SI,Fastball,224,5.1079,1.565,93.1866,0.4199,0.1966,0.3553,53.4
663574,"Santillan, Tony",FF,Fastball,103,5.1078,1.7212,94.0534,0.509,0.2783,0.3753,53.3
608372,"Sugano, Tomoyuki",SL,Breaking,50,5.107,1.7563,84.564,0.5458,0.4637,0.3268,53.2
650556,"Abreu, Bryan",FF,Fastball,102,5.1059,1.4402,95.2676,0.4062,0.3495,0.3453,53.1
681190,"Vásquez, Randy",CH,Offspeed,54,5.1056,1.1123,88.1241,0.4145,0.4682,0.2871,53.0
453286,"Scherzer, Max",FF,Fastball,164,5.1049,1.248,93.1073,0.5052,0.2168,0.3757,52.9
671382,"Foster, Cameron",FF,Fastball,54,5.1045,1.7417,96.6389,0.5513,0.2957,0.3496,52.8
663903,"Singer, Brady",SL,Breaking,148,5.1039,1.4123,82.0601,0.5066,0.3868,0.3347,52.7
663978,"Paddack, Chris",FF,Fastball,149,5.1016,1.3561,93.0819,0.5378,0.2054,0.369,52.6
667755,"Soriano, José",FF,Fastball,137,5.1012,1.4057,98.1474,0.4957,0.2287,0.3487,52.5
663574,"Santillan, Tony",SV,Breaking,54,5.1002,1.3297,84.1963,0.3678,0.445,0.3315,52.4
666171,"Zeferjahn, Ryan",FF,Fastball,78,5.0998,1.3442,96.7923,0.4546,0.2924,0.3387,52.3
592791,"Taillon, Jameson",CH,Offspeed,61,5.0988,1.1752,83.9066,0.5005,0.4931,0.2942,52.2
662253,"Muñoz, Andrés",SL,Breaking,103,5.0987,1.4632,87.1748,0.4721,0.5339,0.2942,52.1
681867,"Criswell, Cooper",CH,Offspeed,59,5.0971,1.5855,85.1661,0.6437,0.3415,0.3082,52.0
661563,"Gil, Luis",CH,Offspeed,76,5.097,1.1047,90.7026,0.4394,0.4242,0.2901,51.8
641329,"Baker, Bryan",FF,Fastball,82,5.0928,1.4704,96.5841,0.5297,0.2314,0.3395,51.7
625643,"López, Reynaldo",SL,Breaking,147,5.0921,1.4542,82.4891,0.409,0.5013,0.3096,51.6
571948,"Milner, Hoby",SI,Fastball,66,5.0909,1.2627,87.1894,0.4098,0.1841,0.3173,51.5
656638,"Lange, Alex",CH,Offspeed,62,5.0881,1.3807,90.0823,0.4679,0.4324,0.2841,51.4
694973,"Skenes, Paul",SI,Fastball,79,5.084,1.4575,96.4747,0.4173,0.1935,0.3057,51.3
605447,"Romano, Jordan",FF,Fastball,80,5.0833,1.5989,94.5675,0.3864,0.3122,0.3412,51.2
676428,"Hurter, Brant",SI,Fastball,85,5.0825,1.4222,92.1012,0.3966,0.2406,0.2997,51.1
543135,"Eovaldi, Nathan",FF,Fastball,64,5.0814,1.3856,94.6047,0.4401,0.1717,0.3872,51.0
645261,"Alcantara, Sandy",SL,Breaking,89,5.0813,1.474,84.427,0.4755,0.4141,0.3258,50.9
656271,"Burke, Brock",FF,Fastball,77,5.0796,1.3248,96.2727,0.5171,0.2242,0.3672,50.8
621121,"McCullers Jr., Lance",FC,Fastball,100,5.0782,1.5363,89.3,0.4397,0.2991,0.3376,50.7
694819,"Misiorowski, Jacob",CU,Breaking,77,5.0762,1.5342,86.5636,0.4343,0.4634,0.2982,50.6
668678,"Gallen, Zac",SL,Breaking,110,5.0754,1.3739,88.8973,0.5111,0.5058,0.3074,50.5
641302,"Alexander, Tyler",FC,Fastball,53,5.0743,1.5122,87.3491,0.383,0.3214,0.3415,50.4
608331,"Fried, Max",CU,Breaking,63,5.0729,1.6102,73.8778,0.4035,0.3231,0.325,50.3
663554,"Mize, Casey",SL,Breaking,84,5.0709,1.4265,87.319,0.5173,0.3122,0.3541,50.2
669062,"Miller, Erik",SI,Fastball,77,5.0707,1.6454,96.8844,0.3878,0.2177,0.2891,50.1
657097,"Webb, Jacob",CH,Offspeed,77,5.0702,1.1267,85.2481,0.4915,0.4027,0.3062,49.9
680802,"Weiss, Ryan",FF,Fastball,154,5.07,1.3037,95.2552,0.4602,0.2552,0.369,49.8
677944,"Cecconi, Slade",CU,Breaking,95,5.069,1.5091,74.2053,0.3864,0.4622,0.299,49.7
650911,"Sánchez, Cristopher",SI,Fastball,237,5.0674,1.5798,94.7549,0.4375,0.2011,0.3209,49.6
680732,"Burke, Sean",FF,Fastball,183,5.0666,1.6052,93.5781,0.5204,0.2476,0.3538,49.5
690925,"Beeter, Clayton",SL,Breaking,92,5.0664,1.7332,86.7935,0.4727,0.4523,0.31,49.4
543135,"Eovaldi, Nathan",FC,Fastball,106,5.065,1.4921,90.6292,0.5388,0.3023,0.3304,49.3
656605,"Keller, Mitch",CH,Offspeed,59,5.064,1.3837,88.8068,0.476,0.3761,0.3104,49.2
676755,"Mattson, Isaac",FF,Fastball,208,5.0629,1.2867,93.6082,0.5132,0.2466,0.3718,49.1
669622,"Bender, Anthony",SI,Fastball,56,5.0618,1.6101,95.9107,0.3323,0.2239,0.3093,49.0
700241,"McGreevy, Michael",FC,Fastball,65,5.061,1.34,86.2354,0.4877,0.2844,0.3361,48.9
645261,"Alcantara, Sandy",FC,Fastball,51,5.0603,1.1626,89.7627,0.5045,0.4167,0.3123,48.8
669160,"May, Dustin",SI,Fastball,76,5.0596,1.4157,96.5461,0.4468,0.2788,0.2944,48.7
669276,"Lee, Dylan",SL,Breaking,92,5.0591,1.3344,83.3891,0.5849,0.3904,0.3354,48.6
688642,"Agnos, Zach",FF,Fastball,62,5.0568,1.5751,94.8419,0.4537,0.2637,0.3554,48.5
671212,"Boyle, Joe",SL,Breaking,90,5.0554,1.4021,88.9,0.4649,0.3757,0.3365,48.4
680802,"Weiss, Ryan",CH,Offspeed,61,5.0554,1.4059,89.159,0.4525,0.4909,0.2876,48.3
641329,"Baker, Bryan",CH,Offspeed,61,5.0549,1.2949,84.823,0.5743,0.4211,0.3152,48.2
700249,"Povich, Cade",FF,Fastball,74,5.0546,1.4417,91.6973,0.5584,0.2384,0.3706,48.0
696270,"Johnson, Ryan",FC,Fastball,55,5.053,1.6947,90.3164,0.4931,0.3031,0.3306,47.9
684007,"Imanaga, Shota",FS,Offspeed,177,5.0525,1.3292,83.5113,0.5411,0.4281,0.307,47.8
694738,"Roupp, Landen",SI,Fastball,186,5.0519,1.7132,93.3086,0.3391,0.2343,0.322,47.7
668674,"Erceg, Lucas",FF,Fastball,66,5.0496,1.1658,97.5379,0.5022,0.2626,0.3589,47.6
623454,"Anderson, Drew",CH,Offspeed,72,5.0446,1.6256,88.3597,0.5145,0.4104,0.2975,47.5
805123,"Blubaugh, AJ",FF,Fastball,125,5.0445,1.5006,95.72,0.5199,0.2386,0.3647,47.4
702070,"Cameron, Noah",FF,Fastball,101,5.043,1.1686,91.6832,0.505,0.244,0.3738,47.3
677952,"Ashcraft, Braxton",SL,Breaking,63,5.0415,1.5682,91.4063,0.5715,0.464,0.3167,47.2
621111,"Buehler, Walker",KC,Breaking,65,5.0385,1.5727,76.7708,0.5265,0.3381,0.3238,47.1
650911,"Sánchez, Cristopher",CH,Offspeed,170,5.0378,1.7006,86.0918,0.529,0.4705,0.2977,47.0
666200,"Luzardo, Jesús",FF,Fastball,136,5.0366,1.3635,97.0772,0.4325,0.2348,0.3323,46.9
663765,"Woodford, Jake",FC,Fastball,78,5.035,1.2776,90.2013,0.4941,0.3729,0.3226,46.8
676440,"Bibee, Tanner",FC,Fastball,143,5.0333,1.4891,86.0371,0.4971,0.4304,0.3115,46.7
669432,"Rogers, Trevor",ST,Breaking,58,5.0323,1.3075,77.8069,0.5507,0.4032,0.3276,46.6
696147,"Bachman, Sam",SI,Fastball,65,5.0306,1.6676,98.7415,0.2841,0.3277,0.298,46.5
670280,"Bednar, David",CU,Breaking,76,5.0299,1.4242,76.1355,0.4252,0.3157,0.3367,46.4
701552,"Granillo, Andre",SL,Breaking,76,5.0296,1.5215,82.6526,0.4348,0.4044,0.3279,46.3
837227,"Imai, Tatsuya",SL,Breaking,88,5.0288,1.6414,86.9455,0.4609,0.4361,0.3171,46.1
668678,"Gallen, Zac",FF,Fastball,189,5.0278,1.3384,93.4778,0.4617,0.2101,0.3729,46.0
605488,"Springs, Jeffrey",CH,Offspeed,101,5.0278,1.2185,78.9802,0.5591,0.4725,0.2952,45.9
621111,"Buehler, Walker",FC,Fastball,68,5.0277,1.3442,89.6221,0.4228,0.337,0.3282,45.8
641401,"Brogdon, Connor",FF,Fastball,93,5.0233,1.4189,94.1366,0.5176,0.2455,0.3774,45.7
661395,"Duran, Jhoan",SI,Fastball,59,5.0226,1.226,97.7051,0.4009,0.3829,0.3022,45.6
624133,"Suarez, Ranger",CH,Offspeed,93,5.0211,1.5165,81.0462,0.5123,0.4728,0.305,45.5
669432,"Rogers, Trevor",CH,Offspeed,115,5.0203,1.5272,86.4739,0.5293,0.4711,0.3035,45.4
701542,"Warren, Will",SI,Fastball,117,5.0202,1.4762,93.6932,0.4216,0.2224,0.3157,45.3
676083,"Junk, Janson",CH,Offspeed,77,5.02,1.4287,86.9805,0.471,0.3858,0.3097,45.2
672582,"Zerpa, Angel",SI,Fastball,128,5.0193,1.5724,95.6227,0.443,0.1607,0.318,45.1
680736,"Wrobleski, Justin",FF,Fastball,190,5.019,1.3842,93.9621,0.5585,0.2449,0.3779,45.0
677961,"Wilcox, Cole",FF,Fastball,51,5.0183,1.3356,96.4706,0.491,0.2237,0.3479,44.9
676684,"Vest, Will",FF,Fastball,85,5.018,1.4219,94.9682,0.524,0.2222,0.383,44.8
667755,"Soriano, José",SI,Fastball,163,5.0169,1.2732,96.9442,0.4822,0.3327,0.2887,44.7
605135,"Bassitt, Chris",CU,Breaking,96,5.0134,1.4912,70.9271,0.4766,0.3346,0.2991,44.6
669373,"Skubal, Tarik",SI,Fastball,102,5.0127,1.4662,96.2902,0.4349,0.1991,0.3282,44.5
623211,"Brazobán, Huascar",SI,Fastball,73,5.01,1.4315,95.5959,0.4361,0.223,0.3054,44.4
702070,"Cameron, Noah",CU,Breaking,53,5.0086,1.5817,81.1226,0.4561,0.3359,0.3297,44.2
606996,"Hart, Kyle",SI,Fastball,51,5.0064,1.1745,92.751,0.3643,0.2742,0.3101,44.1
676467,"Gordon, Colton",FF,Fastball,56,5.0034,1.2435,91.2607,0.5532,0.1903,0.3791,44.0
668909,"Williams, Gavin",FF,Fastball,158,5.0012,1.549,96.6475,0.4812,0.2657,0.3527,43.9
660761,"Suarez, José",FF,Fastball,143,5.0002,1.468,93.2741,0.4131,0.3053,0.364,43.8
660825,"Bazardo, Eduard",SI,Fastball,121,4.9987,1.7905,94.324,0.3845,0.2036,0.3391,43.7
669387,"Mlodzinski, Carmen",FS,Offspeed,119,4.9986,1.6443,85.1857,0.5846,0.3639,0.3238,43.6
669432,"Rogers, Trevor",FC,Fastball,55,4.9961,1.4427,81.4327,0.4721,0.3732,0.3461,43.5
669302,"Gilbert, Logan",FF,Fastball,146,4.9951,1.2758,95.4329,0.5469,0.2242,0.363,43.4
700241,"McGreevy, Michael",CH,Offspeed,107,4.9946,1.2607,86.2121,0.5005,0.4226,0.2924,43.3
681347,"Burrows, Mike",SL,Breaking,103,4.9913,1.492,89.9282,0.5641,0.3584,0.3273,43.2
641793,"Littell, Zack",SL,Breaking,81,4.9906,1.2163,87.0395,0.4674,0.3429,0.333,43.1
680573,"Woods Richardson, Simeon",SL,Breaking,127,4.9896,1.4191,85.789,0.4721,0.4894,0.3126,43.0
593958,"Rodriguez, Eduardo",CH,Offspeed,128,4.9882,1.3163,85.6164,0.5231,0.4593,0.3068,42.9
665795,"Cabrera, Edward",SI,Fastball,83,4.9879,1.5756,96.4024,0.3991,0.2068,0.3246,42.8
677944,"Cecconi, Slade",FF,Fastball,180,4.9877,1.3634,93.0428,0.4989,0.226,0.3806,42.7
670912,"Oviedo, Johan",FF,Fastball,57,4.9838,1.4838,92.9719,0.4141,0.2756,0.341,42.6
660271,"Ohtani, Shohei",FF,Fastball,148,4.9814,1.3017,97.3824,0.479,0.2766,0.3432,42.4
605540,"Woodruff, Brandon",CH,Offspeed,71,4.9812,1.311,82.6521,0.4861,0.4365,0.3051,42.3
687396,"Headrick, Brent",FF,Fastball,89,4.9806,1.3771,93.8034,0.5047,0.1965,0.3876,42.2
671737,"Bradley, Taj",FS,Offspeed,117,4.9781,1.4042,90.4427,0.4978,0.3921,0.3253,42.1
547184,"Kelly, Michael",ST,Breaking,55,4.9777,1.6618,84.1582,0.4235,0.3459,0.3501,42.0
676917,"Cavalli, Cade",FF,Fastball,160,4.9728,1.4102,96.1394,0.4981,0.2278,0.3578,41.9
669160,"May, Dustin",FF,Fastball,118,4.971,1.4935,96.9407,0.5461,0.235,0.3741,41.8
663556,"McClanahan, Shane",SL,Breaking,94,4.9678,1.9048,87.5617,0.5706,0.4622,0.327,41.7
677955,"Hill, Jaden",SL,Breaking,57,4.9675,1.6225,88.0053,0.4888,0.4286,0.3176,41.6
592791,"Taillon, Jameson",CU,Breaking,56,4.9672,1.7992,78.6554,0.3119,0.3547,0.3166,41.5
672782,"Gómez, Yoendrys",FF,Fastball,105,4.9628,1.4403,94.8876,0.4581,0.2679,0.3607,41.4
800048,"Messick, Parker",FF,Fastball,169,4.9592,1.4224,93.297,0.5131,0.2723,0.3674,41.3
681343,"Smith, Shane",FF,Fastball,78,4.954,1.4912,95.3269,0.4378,0.2912,0.3348,41.2
683742,"Franco, Jose",FF,Fastball,62,4.9496,1.3558,95.2081,0.515,0.2245,0.3651,41.1
642121,"Sulser, Cole",FF,Fastball,109,4.9494,1.4055,91.589,0.5197,0.2357,0.3873,41.0
681217,"Silseth, Chase",FF,Fastball,76,4.9494,1.6505,96.1355,0.5278,0.2702,0.3551,40.9
668941,"Romero, JoJo",SI,Fastball,76,4.9481,1.4696,93.5855,0.4241,0.2251,0.3044,40.8
656794,"Newcomb, Sean",SI,Fastball,98,4.9481,1.2312,92.6357,0.446,0.2153,0.3076,40.7
592836,"Walker, Taijuan",FS,Offspeed,90,4.9468,1.4152,86.7944,0.5741,0.4159,0.3027,40.5
660761,"Suarez, José",CH,Offspeed,106,4.9458,1.5462,83.4349,0.5671,0.4544,0.3111,40.4
669923,"Kirby, George",SI,Fastball,90,4.9452,1.6536,96.9689,0.4391,0.1704,0.3167,40.3
673540,"Senga, Kodai",FC,Fastball,78,4.9442,1.3342,89.5179,0.4395,0.361,0.3388,40.2
571510,"Boyd, Matthew",FF,Fastball,138,4.9434,1.6575,92.8913,0.5062,0.2636,0.3723,40.1
668933,"Ashcraft, Graham",FC,Fastball,118,4.9418,1.4292,98.089,0.5211,0.3105,0.3089,40.0
676083,"Junk, Janson",SL,Breaking,104,4.9418,1.7503,86.1904,0.5699,0.3728,0.3392,39.9
656302,"Cease, Dylan",CH,Offspeed,58,4.9417,0.905,84.9103,0.4058,0.4186,0.3192,39.8
669373,"Skubal, Tarik",CH,Offspeed,132,4.9403,1.4466,86.5962,0.5144,0.4416,0.2966,39.7
668909,"Williams, Gavin",SI,Fastball,71,4.9382,1.4753,95.8197,0.4463,0.1995,0.329,39.6
676760,"Marinaccio, Ron",FC,Fastball,50,4.9374,1.6486,85.884,0.521,0.3441,0.3367,39.5
690997,"McLean, Nolan",CH,Offspeed,52,4.9364,1.6967,88.0904,0.4949,0.4408,0.2993,39.4
690997,"McLean, Nolan",SI,Fastball,164,4.9363,1.4661,95.1098,0.4399,0.1955,0.3142,39.3
683232,"Mears, Nick",FF,Fastball,67,4.9313,1.4377,94.6746,0.4373,0.2343,0.3631,39.2
671212,"Boyle, Joe",SI,Fastball,51,4.9242,1.4687,97.1,0.412,0.3223,0.2862,39.1
665795,"Cabrera, Edward",FF,Fastball,85,4.9216,1.3025,95.9129,0.385,0.2611,0.3624,39.0
688642,"Agnos, Zach",FC,Fastball,59,4.9212,1.2329,92.4966,0.5227,0.2915,0.3249,38.9
678906,"Teng, Kai-Wei",FF,Fastball,76,4.9202,1.5645,94.9211,0.4352,0.2748,0.3509,38.8
642528,"Loáisiga, Jonathan",SI,Fastball,55,4.9192,1.318,97.3036,0.5064,0.1869,0.3109,38.6
595345,"Okert, Steven",FF,Fastball,64,4.918,1.4832,90.4109,0.4634,0.2384,0.3643,38.5
680732,"Burke, Sean",SL,Breaking,85,4.918,1.4285,86.9894,0.5292,0.3649,0.3334,38.4
622663,"Severino, Luis",FC,Fastball,129,4.9176,1.4212,94.0512,0.4638,0.3178,0.32,38.3
805123,"Blubaugh, AJ",CH,Offspeed,78,4.917,1.3713,86.0205,0.4415,0.4729,0.2992,38.2
681190,"Vásquez, Randy",FF,Fastball,153,4.9134,1.4415,94.8928,0.5257,0.2156,0.3698,38.1
676962,"Brown, Ben",FF,Fastball,116,4.9125,1.407,96.4957,0.4966,0.2661,0.3625,38.0
623474,"Herget, Jimmy",SI,Fastball,52,4.9102,1.5193,91.1308,0.4155,0.2329,0.3256,37.9
806960,"Morales, Luis",FF,Fastball,75,4.9099,1.4463,96.6307,0.4461,0.3011,0.357,37.8
623474,"Herget, Jimmy",SL,Breaking,62,4.9057,1.5215,86.0452,0.5599,0.3066,0.3551,37.7
664875,"Lawrence, Justin",SI,Fastball,88,4.905,1.4961,94.9364,0.4015,0.2185,0.3193,37.6
622608,"Senzatela, Antonio",FC,Fastball,58,4.9042,1.5082,91.7793,0.5253,0.3305,0.3064,37.5
800048,"Messick, Parker",CH,Offspeed,127,4.903,1.6407,84.9583,0.5559,0.4271,0.3082,37.4
622491,"Castillo, Luis",CH,Offspeed,60,4.9019,1.3466,87.3733,0.5352,0.4421,0.2912,37.3
681343,"Smith, Shane",CH,Offspeed,56,4.9012,1.5239,90.2946,0.4876,0.502,0.2986,37.2
641743,"Kay, Anthony",FF,Fastball,148,4.9008,1.5198,95.7622,0.4991,0.2095,0.3605,37.1
677865,"Bruihl, Justin",SI,Fastball,97,4.8967,1.6471,90.0175,0.4093,0.1973,0.3175,37.0
671737,"Bradley, Taj",FC,Fastball,106,4.8964,1.655,88.3962,0.4693,0.4449,0.3106,36.9
607200,"Fedde, Erick",FC,Fastball,84,4.8962,1.5616,89.7583,0.4525,0.3279,0.3445,36.7
579328,"Kikuchi, Yusei",FS,Offspeed,97,4.896,1.2888,86.8216,0.4845,0.4296,0.33,36.6
657277,"Webb, Logan",SI,Fastball,187,4.8947,1.6697,92.3134,0.4075,0.2014,0.3262,36.5
676534,"Faucher, Calvin",FC,Fastball,60,4.8942,1.4766,92.5283,0.4988,0.3724,0.3221,36.4
690986,"Harrison, Kyle",CH,Offspeed,52,4.8929,1.5077,86.1,0.4084,0.5057,0.3015,36.3
593974,"Peralta, Wandy",SI,Fastball,69,4.8921,1.2519,95.5,0.4956,0.2354,0.2965,36.2
594798,"deGrom, Jacob",CH,Offspeed,54,4.8902,1.4536,89.7556,0.459,0.497,0.2985,36.1
607259,"Martinez, Nick",CH,Offspeed,122,4.8893,1.5325,78.4861,0.5286,0.4382,0.3048,36.0
673540,"Senga, Kodai",FF,Fastball,108,4.8886,1.6731,96.3306,0.4716,0.2346,0.3667,35.9
641927,"Ober, Bailey",CH,Offspeed,177,4.8874,1.3046,83.0401,0.5189,0.3442,0.3177,35.8
671212,"Boyle, Joe",FF,Fastball,55,4.8862,1.3448,97.0564,0.4957,0.2798,0.3579,35.7
682052,"Lopez, Jacob",FF,Fastball,175,4.8842,1.488,90.4846,0.4207,0.2136,0.3684,35.6
686799,"Kochanowicz, Jack",CH,Offspeed,137,4.883,1.54,90.2307,0.5654,0.4165,0.3065,35.5
694973,"Skenes, Paul",CH,Offspeed,74,4.8808,1.23,89.0338,0.5027,0.4079,0.2873,35.4
628452,"Iglesias, Raisel",FF,Fastball,79,4.8804,1.5237,94.0076,0.5416,0.224,0.3775,35.3
668909,"Williams, Gavin",FC,Fastball,67,4.8793,1.5074,92.1552,0.5692,0.2576,0.3493,35.2
596133,"Weaver, Luke",CH,Offspeed,53,4.8793,1.3938,86.8245,0.5113,0.4353,0.3074,35.1
656222,"Beeks, Jalen",CH,Offspeed,65,4.8774,1.492,87.5431,0.5059,0.3951,0.3231,35.0
663623,"Irvin, Jake",FC,Fastball,65,4.8754,1.5456,88.0262,0.5397,0.2929,0.3345,34.8
677952,"Ashcraft, Braxton",FF,Fastball,107,4.8747,1.4206,96.6766,0.4826,0.2368,0.375,34.7
605488,"Springs, Jeffrey",FF,Fastball,204,4.8702,1.4561,91.2676,0.5046,0.2303,0.3784,34.6
676979,"Crochet, Garrett",SI,Fastball,123,4.8681,1.5361,95.2122,0.4353,0.2739,0.3104,34.5
607200,"Fedde, Erick",SI,Fastball,78,4.867,1.6915,93.8,0.3365,0.2471,0.327,34.4
666142,"Ragans, Cole",CH,Offspeed,81,4.8662,1.0036,83.8235,0.4743,0.4631,0.3147,34.3
676106,"Hancock, Emerson",FF,Fastball,168,4.8659,1.411,94.8649,0.6281,0.2093,0.3737,34.2
808967,"Yamamoto, Yoshinobu",FC,Fastball,93,4.8655,1.2415,90.9441,0.5259,0.2849,0.3216,34.1
668390,"Winn, Cole",FC,Fastball,50,4.865,1.5078,89.452,0.4345,0.3776,0.3469,34.0
663460,"Bubic, Kris",FF,Fastball,188,4.8649,1.4826,91.4931,0.4734,0.2404,0.3657,33.9
663558,"Morán, Jovani",CH,Offspeed,81,4.8615,1.5194,83.0543,0.4831,0.4815,0.311,33.8
676979,"Crochet, Garrett",FC,Fastball,146,4.8594,1.6107,90.8678,0.5361,0.3239,0.3476,33.7
645261,"Alcantara, Sandy",FF,Fastball,115,4.8591,1.4018,97.1974,0.5052,0.176,0.3764,33.6
647336,"Soroka, Michael",SV,Breaking,151,4.8565,1.6169,81.0576,0.484,0.3538,0.3382,33.5
621111,"Buehler, Walker",FF,Fastball,70,4.8519,1.5512,93.2171,0.4321,0.2101,0.3796,33.4
657424,"Gage, Matt",FF,Fastball,52,4.8515,1.1617,92.3923,0.5001,0.2148,0.3442,33.3
676974,"Meyer, Max",FF,Fastball,85,4.8479,1.3156,94.7212,0.5299,0.1853,0.3806,33.2
656427,"Flaherty, Jack",FF,Fastball,231,4.844,1.5456,92.7004,0.4277,0.261,0.3634,33.1
592332,"Gausman, Kevin",FF,Fastball,264,4.8437,1.3882,93.8777,0.5238,0.1733,0.3827,32.9
647336,"Soroka, Michael",FF,Fastball,148,4.8427,1.3185,93.9851,0.4929,0.2634,0.3721,32.8
642528,"Loáisiga, Jonathan",CH,Offspeed,52,4.842,1.4545,90.0962,0.4455,0.423,0.2852,32.7
669084,"Hall, DL",SI,Fastball,78,4.8354,1.4817,94.0615,0.4383,0.2718,0.3379,32.6
693645,"Schlittler, Cam",FC,Fastball,125,4.834,1.5913,93.8304,0.5798,0.311,0.3424,32.5
699134,"Rodriguez, Bradgley",CH,Offspeed,96,4.8329,1.2787,89.3073,0.5558,0.3434,0.3309,32.4
670245,"Watson, Ryan",FF,Fastball,64,4.8321,1.6703,94.0344,0.5229,0.2758,0.3813,32.3
608331,"Fried, Max",FF,Fastball,89,4.8307,1.3514,94.6326,0.5284,0.2292,0.3641,32.2
669330,"Wells, Tyler",CH,Offspeed,51,4.8274,1.041,87.4549,0.5307,0.3448,0.3303,32.1
455119,"Martin, Chris",FC,Fastball,50,4.8263,1.7684,91.574,0.4769,0.2655,0.3422,32.0
605288,"Houser, Adrian",FF,Fastball,52,4.8261,1.4975,95.6346,0.6425,0.219,0.3598,31.9
664353,"Urquidy, José",CH,Offspeed,51,4.8244,1.3146,83.6784,0.5806,0.3383,0.3264,31.8
605135,"Bassitt, Chris",FC,Fastball,67,4.8156,1.4306,89.1104,0.4907,0.2979,0.3202,31.7
642701,"Santana, Dennis",FF,Fastball,61,4.815,1.5674,93.6984,0.4459,0.2118,0.3662,31.6
608379,"Wacha, Michael",CH,Offspeed,102,4.8146,1.3411,80.1941,0.5455,0.3555,0.3134,31.5
650633,"King, Michael",SI,Fastball,142,4.8143,1.781,92.7514,0.417,0.2003,0.3255,31.4
663969,"Phillips, Tyler",SI,Fastball,71,4.8132,1.4152,96.1775,0.3604,0.2924,0.309,31.3
677960,"Weathers, Ryan",CH,Offspeed,114,4.8127,1.4348,85.4684,0.5302,0.4081,0.2982,31.2
605540,"Woodruff, Brandon",FF,Fastball,124,4.8125,1.3921,92.421,0.543,0.1965,0.3652,31.0
669432,"Rogers, Trevor",FF,Fastball,201,4.8114,1.4368,92.5333,0.4999,0.2226,0.3805,30.9
664299,"Javier, Cristian",FF,Fastball,119,4.81,1.6186,92.2496,0.4929,0.2699,0.3652,30.8
664285,"Valdez, Framber",SI,Fastball,257,4.8094,1.7181,93.723,0.4052,0.1823,0.3298,30.7
669212,"Morgan, Eli",FF,Fastball,52,4.8076,1.4075,91.0654,0.4252,0.2653,0.3661,30.6
623211,"Brazobán, Huascar",CH,Offspeed,65,4.807,1.2489,90.1723,0.5617,0.3883,0.3097,30.5
641793,"Littell, Zack",FS,Offspeed,53,4.8065,1.8036,83.4226,0.6072,0.3901,0.3081,30.4
663556,"McClanahan, Shane",CH,Offspeed,96,4.804,1.5355,86.4177,0.5011,0.4429,0.3089,30.3
641927,"Ober, Bailey",SL,Breaking,77,4.8018,1.5794,82.6779,0.5037,0.3641,0.3386,30.2
669371,"Henry, Cole",FF,Fastball,90,4.8014,1.6668,93.7667,0.4437,0.2313,0.357,30.1
801403,"Dollander, Chase",SI,Fastball,102,4.7938,1.5179,98.5461,0.4519,0.2255,0.301,30.0
686993,"Sterner, Justin",FC,Fastball,66,4.7925,1.4545,87.9121,0.571,0.324,0.3297,29.9
693686,"Miles, Spencer",FF,Fastball,55,4.792,1.4769,96.1109,0.4959,0.275,0.3507,29.8
669923,"Kirby, George",FF,Fastball,206,4.7905,1.5484,96.6859,0.58,0.2455,0.3622,29.7
681517,"Leahy, Kyle",FF,Fastball,105,4.789,1.4085,93.5629,0.459,0.2548,0.3719,29.6
676440,"Bibee, Tanner",CH,Offspeed,87,4.7879,1.3624,81.1161,0.5116,0.3181,0.3272,29.5
650644,"Civale, Aaron",FC,Fastball,120,4.7876,1.5496,87.455,0.5029,0.247,0.3478,29.4
608372,"Sugano, Tomoyuki",FF,Fastball,109,4.7871,1.6021,92.4321,0.4576,0.2324,0.3614,29.3
699134,"Rodriguez, Bradgley",SI,Fastball,60,4.787,1.3392,97.5783,0.4739,0.1977,0.3376,29.1
669461,"Liberatore, Matthew",CH,Offspeed,82,4.7863,1.2668,88.3695,0.5291,0.4361,0.3264,29.0
666200,"Luzardo, Jesús",SI,Fastball,118,4.7861,1.3956,95.9669,0.467,0.2296,0.2969,28.9
656550,"Holmes, Grant",FF,Fastball,176,4.7849,1.5689,94.6193,0.4888,0.2342,0.3847,28.8
693312,"Nicolas, Kyle",FF,Fastball,93,4.7846,1.5353,96.8903,0.3757,0.3698,0.3239,28.7
669372,"Ginn, J.T.",CH,Offspeed,61,4.7843,1.4958,88.2738,0.5422,0.4177,0.2955,28.6
656849,"Peterson, David",FF,Fastball,95,4.78,1.5063,91.4832,0.4752,0.258,0.3503,28.5
543243,"Gray, Sonny",FC,Fastball,105,4.7788,1.4208,88.7314,0.5342,0.3642,0.3189,28.4
621112,"Blackburn, Paul",FC,Fastball,55,4.7782,1.4228,91.0873,0.5041,0.369,0.3258,28.3
669923,"Kirby, George",CH,Offspeed,54,4.7774,1.5785,88.4352,0.4893,0.4302,0.3205,28.2
686610,"Waldichuk, Ken",FF,Fastball,52,4.7744,1.2412,93.1769,0.3599,0.327,0.3595,28.1
693686,"Miles, Spencer",SI,Fastball,65,4.7738,1.534,96.2908,0.46,0.1952,0.3135,28.0
700712,"Urena, Walbert",SI,Fastball,66,4.7735,1.5515,98.5455,0.4968,0.3205,0.2929,27.9
669330,"Wells, Tyler",FF,Fastball,90,4.7724,1.3825,93.4189,0.5525,0.2104,0.3621,27.8
664991,"Wolfram, Grant",SI,Fastball,76,4.7722,1.3667,95.3592,0.5704,0.1692,0.3365,27.7
672782,"Gómez, Yoendrys",SI,Fastball,63,4.772,1.6072,93.8524,0.4562,0.2195,0.3173,27.6
813349,"Early, Connelly",SI,Fastball,74,4.7699,1.8031,92.1243,0.4163,0.2437,0.309,27.5
670990,"Ramírez, Yohan",SI,Fastball,55,4.7662,1.4864,95.7564,0.498,0.1927,0.2834,27.3
527048,"Pérez, Martín",CH,Offspeed,84,4.7661,1.398,83.2345,0.6099,0.3738,0.3178,27.2
605288,"Houser, Adrian",CH,Offspeed,88,4.7655,1.4194,85.4693,0.5271,0.3558,0.313,27.1
622554,"Domínguez, Seranthony",FF,Fastball,76,4.7649,1.6267,97.1434,0.4201,0.2667,0.3426,27.0
607625,"Lugo, Seth",FF,Fastball,101,4.7649,1.5668,91.796,0.4714,0.1898,0.3848,26.9
670036,"Festa, Matt",FF,Fastball,82,4.7641,1.5771,91.3012,0.5447,0.2111,0.3716,26.8
676477,"Whitlock, Garrett",SI,Fastball,83,4.7613,1.7357,94.1614,0.5282,0.242,0.3543,26.7
592836,"Walker, Taijuan",FC,Fastball,71,4.7598,1.7211,86.6592,0.4265,0.3021,0.3393,26.6
694477,"Patrick, Chad",SI,Fastball,80,4.7513,1.7367,93.9375,0.3751,0.2004,0.3522,26.5
676571,"Poulin, PJ",CH,Offspeed,54,4.7489,1.4453,80.563,0.5105,0.4088,0.3151,26.4
573009,"Mantiply, Joe",SI,Fastball,51,4.7482,1.8019,88.2314,0.4328,0.2094,0.3121,26.3
676760,"Marinaccio, Ron",CH,Offspeed,85,4.7472,1.5466,81.2388,0.4523,0.4148,0.2886,26.2
642547,"Peralta, Freddy",CH,Offspeed,104,4.7456,1.5567,87.2144,0.526,0.3817,0.2962,26.1
608371,"Sims, Lucas",FF,Fastball,67,4.7431,1.5187,94.1,0.4712,0.2451,0.3637,26.0
694477,"Patrick, Chad",FC,Fastball,139,4.7428,1.3651,88.7353,0.4912,0.3335,0.3436,25.9
664126,"Fairbanks, Pete",FC,Fastball,51,4.7424,1.7707,89.0569,0.51,0.3623,0.3159,25.8
669947,"Scholtens, Jesse",FF,Fastball,51,4.7421,1.6207,92.8118,0.5242,0.2005,0.3762,25.7
674370,"Bido, Osvaldo",FF,Fastball,54,4.7419,1.5045,94.2019,0.4558,0.2138,0.3627,25.6
656492,"Griffin, Foster",FC,Fastball,145,4.7415,1.4761,87.9931,0.5929,0.2546,0.358,25.4
527048,"Pérez, Martín",FC,Fastball,68,4.7408,1.6376,86.6838,0.4969,0.2503,0.3601,25.3
547179,"Lorenzen, Michael",CH,Offspeed,101,4.7401,1.3709,84.0733,0.468,0.413,0.3068,25.2
681190,"Vásquez, Randy",FC,Fastball,122,4.7388,1.6815,89.9303,0.5122,0.3559,0.3346,25.1
571927,"Matz, Steven",CH,Offspeed,155,4.7377,1.6681,82.8658,0.5387,0.3994,0.3083,25.0
669302,"Gilbert, Logan",FC,Fastball,61,4.7373,1.5005,91.0344,0.5247,0.2699,0.3547,24.9
571578,"Corbin, Patrick",FC,Fastball,52,4.7371,1.6225,85.8019,0.5438,0.3046,0.3596,24.8
641312,"Anderson, Shaun",CH,Offspeed,78,4.7369,1.3887,86.9564,0.4877,0.3768,0.3223,24.7
668390,"Winn, Cole",FF,Fastball,67,4.7364,1.8588,94.5463,0.4021,0.3326,0.3497,24.6
663485,"Sands, Cole",FF,Fastball,66,4.7351,1.3219,93.1667,0.4727,0.2068,0.3689,24.5
664141,"Brubaker, JT",SI,Fastball,91,4.7344,1.4317,93.7527,0.4239,0.1878,0.3248,24.4
675848,"Mejia, Juan",FF,Fastball,100,4.7323,1.3947,97.738,0.5108,0.2638,0.3424,24.3
682842,"Uribe, Abner",SI,Fastball,90,4.7316,1.6995,97.6722,0.4164,0.2441,0.3117,24.2
527048,"Pérez, Martín",SI,Fastball,98,4.7306,1.771,90.2337,0.3519,0.1724,0.3198,24.1
665622,"Medina, Luis",SI,Fastball,77,4.7302,1.4105,97.6805,0.3916,0.2786,0.3134,24.0
656638,"Lange, Alex",SI,Fastball,51,4.729,1.7358,95.2588,0.4521,0.2224,0.32,23.9
663978,"Paddack, Chris",FC,Fastball,69,4.7236,1.3875,86.2739,0.508,0.2891,0.3213,23.8
607067,"Rea, Colin",FF,Fastball,167,4.7207,1.4741,94.0251,0.5191,0.2165,0.3646,23.7
547179,"Lorenzen, Michael",FF,Fastball,91,4.7194,1.6559,93.9165,0.4733,0.2113,0.3634,23.5
663362,"Waldron, Matt",KN,Offspeed,55,4.7169,1.4443,80.7309,0.426,0.2967,0.3708,23.4
665152,"Kremer, Dean",FS,Offspeed,74,4.7097,1.3506,82.5919,0.5499,0.4448,0.3183,23.3
682052,"Lopez, Jacob",FC,Fastball,107,4.7088,1.7488,86.6402,0.489,0.2757,0.3511,23.2
682227,"Williamson, Brandon",CH,Offspeed,115,4.7052,1.3442,85.3435,0.5186,0.429,0.3226,23.1
813349,"Early, Connelly",CH,Offspeed,98,4.7051,1.6565,83.348,0.5733,0.3675,0.3193,23.0
669160,"May, Dustin",FC,Fastball,65,4.7048,1.4833,93.42,0.5789,0.2763,0.3292,22.9
608331,"Fried, Max",FC,Fastball,102,4.7031,1.4958,91.9294,0.539,0.3182,0.3387,22.8
681982,"Anderson, Grant",SI,Fastball,55,4.7002,1.3741,91.8745,0.4505,0.2284,0.3091,22.7
607536,"Freeland, Kyle",FF,Fastball,78,4.7002,1.6134,92.3487,0.5272,0.1911,0.3881,22.6
608650,"Enns, Dietrich",FF,Fastball,56,4.6997,1.7106,93.8464,0.4805,0.2587,0.3653,22.5
689520,"Laweryson, Cody",FF,Fastball,80,4.6986,1.4353,92.4362,0.5165,0.1838,0.3756,22.4
573124,"Rogers, Taylor",SI,Fastball,70,4.6976,1.8168,90.5886,0.3889,0.1794,0.3294,22.3
682227,"Williamson, Brandon",FF,Fastball,97,4.6975,1.5737,92.699,0.4192,0.1914,0.364,22.2
677952,"Ashcraft, Braxton",SI,Fastball,57,4.6966,1.4042,96.3965,0.4658,0.2978,0.3087,22.1
680732,"Burke, Sean",SI,Fastball,52,4.6946,1.4456,94.2962,0.5232,0.2078,0.33,22.0
663558,"Morán, Jovani",FF,Fastball,89,4.694,1.6308,91.882,0.4348,0.209,0.3763,21.9
683004,"Leiter, Jack",CH,Offspeed,101,4.6909,1.5892,90.2297,0.4914,0.414,0.3205,21.8
656492,"Griffin, Foster",FF,Fastball,92,4.6901,1.7259,91.5957,0.4891,0.2302,0.3691,21.6
676282,"Cantillo, Joey",CH,Offspeed,110,4.69,1.269,80.5255,0.4779,0.4456,0.3265,21.5
678394,"Bello, Brayan",FC,Fastball,94,4.6887,1.6518,86.9628,0.5429,0.3799,0.3361,21.4
656222,"Beeks, Jalen",FF,Fastball,92,4.6877,1.434,93.1978,0.4735,0.2639,0.3637,21.3
663992,"Lovelady, Richard",SI,Fastball,62,4.6857,1.5894,91.4823,0.4357,0.2697,0.3143,21.2
676879,"Ashby, Aaron",SI,Fastball,159,4.6844,1.643,96.734,0.4078,0.2886,0.3171,21.1
663460,"Bubic, Kris",CH,Offspeed,98,4.6836,1.4041,85.8469,0.5176,0.3991,0.3241,21.0
676395,"Garcia, Robert",CH,Offspeed,55,4.6813,1.6765,88.7836,0.541,0.3781,0.3096,20.9
801403,"Dollander, Chase",CH,Offspeed,65,4.6811,1.6244,91.0262,0.4811,0.4025,0.3037,20.8
687330,"Kelly, Kevin",SI,Fastball,79,4.681,1.6799,91.2304,0.4146,0.222,0.3272,20.7
656605,"Keller, Mitch",FF,Fastball,158,4.6805,1.4696,93.3373,0.5004,0.2443,0.3619,20.6
694477,"Patrick, Chad",FF,Fastball,87,4.6794,1.6049,94.1034,0.4494,0.2675,0.3615,20.5
623437,"Topa, Justin",FC,Fastball,51,4.6765,1.5887,91.149,0.5234,0.2642,0.3466,20.4
663436,"Martin, Davis",FC,Fastball,64,4.674,1.6214,89.4828,0.4771,0.3114,0.357,20.3
519242,"Sale, Chris",CH,Offspeed,56,4.6727,1.1648,86.6839,0.5694,0.3131,0.3082,20.2
650644,"Civale, Aaron",SI,Fastball,82,4.6693,1.6528,91.2268,0.4482,0.1571,0.3342,20.1
593958,"Rodriguez, Eduardo",FC,Fastball,52,4.6687,1.3412,88.5423,0.4887,0.3372,0.3254,20.0
672456,"Montero, Keider",FF,Fastball,107,4.6686,1.3365,93.929,0.5669,0.1994,0.3852,19.9
669084,"Hall, DL",CH,Offspeed,53,4.6664,1.4859,84.6604,0.4878,0.3258,0.3347,19.7
608379,"Wacha, Michael",SI,Fastball,67,4.6607,1.5604,93.0597,0.4955,0.2156,0.3469,19.6
624133,"Suarez, Ranger",FC,Fastball,86,4.6596,1.6135,87.2674,0.5392,0.2393,0.3539,19.5
434378,"Verlander, Justin",FF,Fastball,71,4.6588,1.5993,92.9732,0.3388,0.1836,0.3614,19.4
687075,"Sproat, Brandon",FC,Fastball,84,4.6583,1.5839,93.8274,0.5266,0.2727,0.3334,19.3
656876,"Rasmussen, Drew",SI,Fastball,62,4.6542,1.5393,95.5468,0.572,0.163,0.3337,19.2
605288,"Houser, Adrian",SI,Fastball,184,4.654,1.5426,94.6636,0.4195,0.2129,0.3234,19.1
621121,"McCullers Jr., Lance",SI,Fastball,95,4.6539,1.674,91.5,0.4536,0.1726,0.333,19.0
663855,"Hicks, Jordan",SI,Fastball,136,4.6517,1.758,98.4074,0.4636,0.2265,0.3113,18.9
676440,"Bibee, Tanner",FF,Fastball,138,4.6498,1.6333,94.1804,0.4985,0.2021,0.3729,18.8
663465,"Allard, Kolby",FF,Fastball,65,4.6483,1.5019,89.5862,0.5165,0.2068,0.369,18.7
605400,"Nola, Aaron",SI,Fastball,100,4.6473,1.7842,90.738,0.4367,0.1789,0.3334,18.6
641835,"Mayza, Tim",SI,Fastball,144,4.6415,1.7023,94.0896,0.4868,0.2476,0.3255,18.5
694335,"Svanson, Matt",SI,Fastball,122,4.6413,1.6674,95.9148,0.4105,0.2161,0.323,18.4
676962,"Brown, Ben",SI,Fastball,58,4.6408,1.4655,96.781,0.5218,0.2017,0.3152,18.3
663542,"Hudson, Bryan",FF,Fastball,108,4.6376,1.6425,91.6352,0.4484,0.2212,0.3749,18.2
678394,"Bello, Brayan",SI,Fastball,148,4.6341,1.6474,94.102,0.3855,0.2647,0.3164,18.1
641312,"Anderson, Shaun",FF,Fastball,76,4.6332,1.5818,93.2605,0.4245,0.2197,0.3349,18.0
472610,"García, Luis",SI,Fastball,54,4.631,1.8535,94.0278,0.4267,0.1817,0.3565,17.8
688158,"Morgan, David",SI,Fastball,81,4.631,1.3301,96.3358,0.4494,0.2176,0.2995,17.7
700669,"Graceffo, Gordon",FF,Fastball,67,4.6293,1.6205,95.5985,0.4444,0.245,0.3752,17.6
686799,"Kochanowicz, Jack",FF,Fastball,109,4.6258,1.6753,96.1991,0.4869,0.2336,0.3487,17.5
544150,"Suárez, Albert",FF,Fastball,68,4.625,1.5464,93.6485,0.527,0.2547,0.3712,17.4
643410,"Leiter Jr., Mark",SI,Fastball,57,4.6242,1.5343,92.2614,0.4544,0.1774,0.3585,17.3
693433,"Woo, Bryan",SI,Fastball,106,4.6237,1.4843,95.1755,0.4931,0.1516,0.3203,17.2
681751,"Estrada, Lazaro",FF,Fastball,52,4.6215,1.2811,92.6808,0.6035,0.1825,0.3862,17.1
663372,"Feltner, Ryan",FF,Fastball,85,4.6144,1.5557,95.0024,0.5095,0.2424,0.3611,17.0
623437,"Topa, Justin",SI,Fastball,107,4.6138,1.553,93.6542,0.4718,0.1808,0.3151,16.9
607192,"Glasnow, Tyler",FF,Fastball,174,4.6128,1.5826,95.1718,0.5253,0.2275,0.3675,16.8
605400,"Nola, Aaron",CH,Offspeed,68,4.6127,1.2911,84.9853,0.4805,0.366,0.3066,16.7
682227,"Williamson, Brandon",FC,Fastball,112,4.6123,1.6446,88.7875,0.4692,0.2889,0.3524,16.6
641927,"Ober, Bailey",FF,Fastball,166,4.6105,1.537,88.9265,0.4559,0.2253,0.3699,16.5
641302,"Alexander, Tyler",CH,Offspeed,52,4.6089,1.8237,84.0019,0.5601,0.3832,0.3004,16.4
702070,"Cameron, Noah",FC,Fastball,75,4.6087,1.6847,88.8267,0.4705,0.308,0.3529,16.3
669022,"Gore, MacKenzie",CH,Offspeed,62,4.6087,1.4048,86.8097,0.4523,0.3874,0.3171,16.2
663903,"Singer, Brady",SI,Fastball,255,4.6071,1.7531,91.0722,0.4452,0.1748,0.3414,16.1
671096,"Abbott, Andrew",FF,Fastball,257,4.5985,1.692,92.4895,0.4967,0.1941,0.3917,15.9
657514,"Bernardino, Brennan",SI,Fastball,68,4.5967,1.7244,89.8735,0.4802,0.1608,0.3339,15.8
672456,"Montero, Keider",SI,Fastball,70,4.5961,1.6518,94.2771,0.4629,0.1428,0.3534,15.7
663372,"Feltner, Ryan",CH,Offspeed,57,4.5918,1.5757,85.7088,0.4695,0.4391,0.3082,15.6
664208,"Maton, Phil",FC,Fastball,67,4.5896,1.6686,89.497,0.5836,0.2538,0.3452,15.5
665622,"Medina, Luis",FF,Fastball,65,4.5854,1.6392,97.6831,0.4914,0.2818,0.3591,15.4
663436,"Martin, Davis",CH,Offspeed,64,4.5837,1.7437,89.6859,0.6065,0.2897,0.3303,15.3
622491,"Castillo, Luis",SI,Fastball,110,4.5833,1.62,95.3545,0.4941,0.1552,0.312,15.2
592836,"Walker, Taijuan",SI,Fastball,82,4.5829,1.8447,91.8793,0.3786,0.199,0.33,15.1
625643,"López, Reynaldo",FF,Fastball,247,4.5824,1.4741,93.0976,0.5017,0.1821,0.3812,15.0
663947,"Holton, Tyler",FC,Fastball,73,4.5818,1.6988,87.1219,0.5267,0.2711,0.3682,14.9
676571,"Poulin, PJ",FF,Fastball,71,4.581,1.6035,90.238,0.5354,0.1743,0.371,14.8
669387,"Mlodzinski, Carmen",SI,Fastball,82,4.5798,1.7278,94.372,0.4287,0.2096,0.3223,14.7
669358,"Baz, Shane",FC,Fastball,109,4.5789,1.6487,90.389,0.5473,0.3192,0.3456,14.6
669947,"Scholtens, Jesse",SI,Fastball,66,4.5771,1.5819,92.0409,0.4803,0.1714,0.3324,14.5
608331,"Fried, Max",SI,Fastball,106,4.5771,1.7027,93.1226,0.4823,0.2414,0.323,14.4
647336,"Soroka, Michael",CH,Offspeed,52,4.5762,1.5036,86.0346,0.4882,0.3634,0.3086,14.3
623454,"Anderson, Drew",FF,Fastball,90,4.5754,1.4835,94.0567,0.499,0.2489,0.3655,14.1
656492,"Griffin, Foster",CH,Offspeed,62,4.5727,1.5071,83.0226,0.4524,0.4602,0.3254,14.0
669372,"Ginn, J.T.",SI,Fastball,143,4.5671,1.8411,94.4056,0.4822,0.249,0.326,13.9
605130,"Barlow, Scott",SI,Fastball,53,4.567,1.4587,89.2038,0.3231,0.2918,0.3177,13.8
650633,"King, Michael",CH,Offspeed,120,4.5661,1.2257,86.35,0.4719,0.3406,0.3116,13.7
671096,"Abbott, Andrew",CH,Offspeed,105,4.5654,1.3555,85.6505,0.454,0.436,0.2942,13.6
680573,"Woods Richardson, Simeon",FF,Fastball,226,4.5624,1.5452,92.4588,0.486,0.1842,0.3803,13.5
669461,"Liberatore, Matthew",FF,Fastball,169,4.5612,1.5203,94.3882,0.5077,0.2171,0.3787,13.4
607192,"Glasnow, Tyler",SI,Fastball,69,4.5608,1.1919,95.687,0.4594,0.2479,0.3437,13.3
695418,"Lord, Brad",SI,Fastball,81,4.5601,1.3745,94.4185,0.5928,0.1551,0.3091,13.2
681343,"Smith, Shane",SI,Fastball,54,4.56,1.6041,96.1556,0.463,0.2012,0.3258,13.1
695418,"Lord, Brad",FF,Fastball,119,4.554,1.608,94.6042,0.5219,0.2059,0.3645,13.0
542888,"Armstrong, Shawn",FF,Fastball,68,4.5452,1.6547,93.3191,0.5098,0.2483,0.3684,12.9
657044,"Thompson, Ryan",SI,Fastball,98,4.5447,1.4471,88.8969,0.4564,0.2354,0.3133,12.8
641302,"Alexander, Tyler",SI,Fastball,53,4.5442,1.6352,90.7943,0.5192,0.1808,0.323,12.7
645261,"Alcantara, Sandy",SI,Fastball,124,4.5413,1.584,97.1718,0.4988,0.1692,0.3324,12.6
605400,"Nola, Aaron",FC,Fastball,54,4.5408,1.4846,86.0389,0.4906,0.4361,0.3128,12.5
608718,"Suter, Brent",SI,Fastball,83,4.538,1.8926,88.1735,0.4738,0.1763,0.3594,12.4
605280,"Holmes, Clay",SI,Fastball,151,4.5359,1.7792,93.5437,0.4427,0.2323,0.3404,12.2
681347,"Burrows, Mike",SI,Fastball,97,4.5337,1.5937,94.5887,0.5052,0.1499,0.3352,12.1
695076,"Lowder, Rhett",FF,Fastball,122,4.531,1.5424,93.0377,0.4805,0.2143,0.3693,12.0
663623,"Irvin, Jake",SI,Fastball,91,4.5309,1.6931,92.3077,0.4142,0.2053,0.3326,11.9
664285,"Valdez, Framber",CH,Offspeed,103,4.5304,1.5333,89.0641,0.5903,0.3433,0.3303,11.8
608372,"Sugano, Tomoyuki",FC,Fastball,65,4.5288,1.6686,88.8754,0.4875,0.3677,0.3265,11.7
676106,"Hancock, Emerson",SI,Fastball,107,4.5244,1.7647,94.6757,0.5672,0.1817,0.3157,11.6
681517,"Leahy, Kyle",SI,Fastball,58,4.5232,1.8442,93.4569,0.551,0.1644,0.3438,11.5
669372,"Ginn, J.T.",FC,Fastball,66,4.5208,1.7305,91.3788,0.4593,0.3636,0.3279,11.4
676282,"Cantillo, Joey",FF,Fastball,230,4.5171,1.5392,91.7126,0.4448,0.2393,0.3819,11.3
608331,"Fried, Max",CH,Offspeed,61,4.5165,1.6831,85.423,0.5744,0.3408,0.3192,11.2
592791,"Taillon, Jameson",FC,Fastball,112,4.5156,1.6644,85.7688,0.4867,0.3202,0.3473,11.1
663556,"McClanahan, Shane",FF,Fastball,168,4.5147,1.4915,94.9083,0.4589,0.2344,0.3696,11.0
702070,"Cameron, Noah",CH,Offspeed,67,4.5138,1.4177,81.7179,0.5394,0.4234,0.3182,10.9
669387,"Mlodzinski, Carmen",FF,Fastball,121,4.5095,1.6162,94.7405,0.4662,0.2338,0.3558,10.8
547179,"Lorenzen, Michael",SI,Fastball,83,4.5081,1.6298,93.2542,0.4281,0.2101,0.3316,10.7
593958,"Rodriguez, Eduardo",FF,Fastball,132,4.5069,1.5417,91.5909,0.5098,0.1859,0.3772,10.6
681347,"Burrows, Mike",CH,Offspeed,137,4.5031,1.5194,87.0518,0.5065,0.4016,0.3071,10.5
677944,"Cecconi, Slade",FC,Fastball,112,4.5016,1.727,86.908,0.4985,0.3708,0.3355,10.3
547179,"Lorenzen, Michael",FC,Fastball,69,4.5007,1.686,89.9174,0.5565,0.2984,0.3444,10.2
656464,"Ginkel, Kevin",FF,Fastball,78,4.4981,1.583,94.4179,0.5382,0.2079,0.3763,10.1
808967,"Yamamoto, Yoshinobu",SI,Fastball,53,4.4973,1.6855,95.0811,0.5042,0.2272,0.3365,10.0
676974,"Meyer, Max",CH,Offspeed,60,4.4942,1.5077,88.2233,0.5452,0.3657,0.3178,9.9
702273,"Schultz, Noah",FF,Fastball,52,4.4902,1.7166,96.35,0.5253,0.2095,0.3466,9.8
680694,"Bradish, Kyle",FF,Fastball,93,4.4862,1.427,93.8129,0.438,0.2094,0.3596,9.7
657612,"Hill, Tim",SI,Fastball,98,4.4809,1.6155,88.4714,0.554,0.1815,0.3147,9.6
579328,"Kikuchi, Yusei",FC,Fastball,81,4.4801,1.719,90.2037,0.4906,0.3414,0.3558,9.5
687911,"King, Bryan",FF,Fastball,113,4.4735,1.6283,91.6796,0.5916,0.2,0.3634,9.4
670245,"Watson, Ryan",SI,Fastball,61,4.47,1.9428,93.2049,0.462,0.233,0.3144,9.3
808963,"Sasaki, Roki",FF,Fastball,184,4.4684,1.556,97.056,0.4347,0.2341,0.3567,9.2
592662,"Ray, Robbie",CH,Offspeed,68,4.4672,1.55,85.1324,0.5078,0.3949,0.3456,9.1
694851,"Hoffmann, Andrew",FF,Fastball,91,4.4631,1.7192,94.3604,0.4894,0.2001,0.3747,9.0
663436,"Martin, Davis",FF,Fastball,85,4.4626,1.3901,93.8882,0.5374,0.2134,0.3659,8.9
608566,"Márquez, Germán",FF,Fastball,141,4.4622,1.6185,94.4121,0.4615,0.1881,0.3694,8.8
500779,"Quintana, Jose",SI,Fastball,51,4.4589,1.8455,90.0529,0.3749,0.2127,0.3459,8.7
571945,"Mikolas, Miles",SI,Fastball,81,4.4554,1.7686,92.0432,0.5647,0.141,0.3315,8.6
681892,"Funderburk, Kody",SI,Fastball,76,4.4542,1.8848,92.0658,0.3901,0.2008,0.321,8.4
656492,"Griffin, Foster",SI,Fastball,58,4.4504,1.4233,91.0379,0.5273,0.2092,0.3171,8.3
685299,"Gordon, Tanner",FF,Fastball,52,4.4491,1.5459,93.6308,0.5448,0.2036,0.3636,8.2
681190,"Vásquez, Randy",SI,Fastball,72,4.4482,1.8444,94.7111,0.5097,0.1491,0.3452,8.1
641778,"Lauer, Eric",FF,Fastball,145,4.4473,1.6443,90.5966,0.498,0.1771,0.3837,8.0
676974,"Meyer, Max",SI,Fastball,60,4.4471,1.6711,93.595,0.5278,0.1668,0.3186,7.9
660853,"De Los Santos, Enyel",FF,Fastball,58,4.4324,1.5072,94.25,0.5721,0.1898,0.3807,7.8
641778,"Lauer, Eric",CH,Offspeed,60,4.4305,1.57,83.1783,0.5009,0.4254,0.3171,7.7
685005,"Roa, Christian",FF,Fastball,53,4.4302,1.625,95.9472,0.4307,0.2269,0.3462,7.6
691946,"Klassen, George",CH,Offspeed,56,4.426,1.3285,87.6929,0.5754,0.2995,0.3292,7.5
608718,"Suter, Brent",FF,Fastball,94,4.4231,1.7107,86.5532,0.5399,0.2366,0.3553,7.4
641743,"Kay, Anthony",SI,Fastball,60,4.4226,1.7909,95.0267,0.4676,0.2643,0.2883,7.3
687075,"Sproat, Brandon",SI,Fastball,114,4.4223,1.6335,96.7632,0.4637,0.2638,0.3107,7.2
695076,"Lowder, Rhett",SI,Fastball,153,4.4212,1.6438,92.4039,0.5283,0.1538,0.3465,7.1
669358,"Baz, Shane",CH,Offspeed,55,4.4203,1.5128,89.5145,0.4332,0.4646,0.326,7.0
608379,"Wacha, Michael",FC,Fastball,82,4.4189,1.5443,88.8573,0.5237,0.2636,0.3499,6.9
686799,"Kochanowicz, Jack",SI,Fastball,176,4.4159,1.6912,96.004,0.5336,0.258,0.3132,6.8
625643,"López, Reynaldo",CU,Breaking,51,4.4107,1.8398,73.2804,0.3769,0.3071,0.3117,6.7
621111,"Buehler, Walker",CH,Offspeed,58,4.4097,1.3867,88.281,0.4604,0.3333,0.3107,6.5
605540,"Woodruff, Brandon",SI,Fastball,65,4.3982,1.6572,92.3046,0.4938,0.1922,0.3607,6.4
543243,"Gray, Sonny",FF,Fastball,81,4.3924,1.6552,91.9321,0.4621,0.227,0.3689,6.3
686613,"Brown, Hunter",SI,Fastball,76,4.3917,1.6033,95.9434,0.5097,0.2098,0.3334,6.2
666200,"Luzardo, Jesús",CH,Offspeed,114,4.3906,1.5392,86.7,0.5374,0.3219,0.3265,6.1
672282,"Detmers, Reid",CH,Offspeed,58,4.389,1.5121,82.6586,0.5566,0.3316,0.3396,6.0
677958,"Rocker, Kumar",SI,Fastball,142,4.384,1.6157,94.5831,0.4456,0.242,0.3259,5.9
663623,"Irvin, Jake",FF,Fastball,132,4.3823,1.7334,92.9705,0.5221,0.208,0.366,5.8
693821,"Elder, Bryce",FF,Fastball,96,4.3805,1.4744,92.3885,0.4805,0.1954,0.3701,5.7
693821,"Elder, Bryce",SI,Fastball,86,4.377,1.9961,91.1012,0.4558,0.1966,0.3447,5.6
672782,"Gómez, Yoendrys",FC,Fastball,56,4.3768,1.6454,90.3286,0.5446,0.3265,0.3502,5.5
640455,"Manaea, Sean",FF,Fastball,116,4.3764,1.656,89.4586,0.5056,0.1732,0.3676,5.4
694297,"Pfaadt, Brandon",SI,Fastball,89,4.367,1.8746,93.1517,0.4446,0.2378,0.3112,5.3
672456,"Montero, Keider",CH,Offspeed,56,4.367,1.3612,87.2036,0.5012,0.2859,0.3242,5.2
607259,"Martinez, Nick",FC,Fastball,86,4.3569,1.5753,89.193,0.5892,0.2477,0.3546,5.1
693645,"Schlittler, Cam",SI,Fastball,109,4.354,1.5444,97.1725,0.5833,0.1815,0.3269,5.0
607259,"Martinez, Nick",SI,Fastball,117,4.35,1.9232,92.6034,0.5029,0.1558,0.3513,4.9
665871,"Assad, Javier",SI,Fastball,127,4.3457,1.7186,92.9866,0.4691,0.1783,0.3501,4.8
605135,"Bassitt, Chris",SI,Fastball,139,4.3451,1.9013,91.6626,0.4665,0.1728,0.3442,4.6
607625,"Lugo, Seth",SI,Fastball,116,4.3446,1.736,91.7638,0.4686,0.1734,0.3414,4.5
676917,"Cavalli, Cade",SI,Fastball,83,4.3359,1.7569,95.5952,0.4796,0.2244,0.3124,4.4
608566,"Márquez, Germán",SI,Fastball,59,4.3354,1.5369,93.7441,0.481,0.1851,0.345,4.3
669467,"Pallante, Andre",SI,Fastball,80,4.3343,1.6689,94.675,0.5068,0.2511,0.3082,4.2
690953,"Abel, Mick",CH,Offspeed,69,4.3303,1.4483,87.5261,0.5654,0.2543,0.3438,4.1
656605,"Keller, Mitch",SI,Fastball,110,4.3219,1.8,92.36,0.4253,0.2282,0.3215,4.0
624133,"Suarez, Ranger",FF,Fastball,54,4.3198,1.8438,91.1463,0.4664,0.2088,0.3733,3.9
642100,"Speier, Gabe",SI,Fastball,54,4.3148,1.5907,94.2907,0.5649,0.1474,0.3435,3.8
607625,"Lugo, Seth",FC,Fastball,74,4.3069,1.8405,90.1649,0.5922,0.237,0.3585,3.7
656302,"Cease, Dylan",SI,Fastball,50,4.3015,1.639,96.622,0.4926,0.1834,0.322,3.6
663436,"Martin, Davis",SI,Fastball,57,4.2941,1.5688,92.7175,0.4611,0.1692,0.3423,3.5
641745,"Keller, Brad",FF,Fastball,74,4.2896,1.7821,96.9108,0.5142,0.2448,0.3347,3.4
622663,"Severino, Luis",SI,Fastball,125,4.2857,1.7589,96.2616,0.5528,0.1799,0.3352,3.3
647336,"Soroka, Michael",SI,Fastball,51,4.2669,1.5981,93.9235,0.5282,0.148,0.3276,3.2
686218,"Sheehan, Emmet",CH,Offspeed,77,4.2633,1.7997,85.2039,0.5732,0.3059,0.3424,3.1
594580,"Moll, Sam",SI,Fastball,73,4.2555,1.7163,90.9658,0.4392,0.2177,0.3025,3.0
500779,"Quintana, Jose",FF,Fastball,80,4.2482,1.6167,90.0262,0.5521,0.1499,0.366,2.9
682052,"Lopez, Jacob",CH,Offspeed,56,4.2387,1.4939,82.925,0.5421,0.3084,0.3229,2.7
800048,"Messick, Parker",SI,Fastball,58,4.2384,1.7696,92.3121,0.5084,0.1532,0.3445,2.6
666171,"Zeferjahn, Ryan",SI,Fastball,64,4.2276,1.627,95.9906,0.507,0.2498,0.3067,2.5
669467,"Pallante, Andre",FF,Fastball,97,4.2192,1.7231,94.6495,0.4949,0.1909,0.3801,2.4
641793,"Littell, Zack",FF,Fastball,74,4.2133,1.8136,91.2473,0.4834,0.2004,0.3849,2.3
669270,"Kuhnel, Joel",SI,Fastball,65,4.213,2.1616,94.7523,0.5653,0.1833,0.3327,2.2
643511,"Rogers, Tyler",SI,Fastball,115,4.2017,1.5766,82.5948,0.5464,0.1539,0.3384,2.1
656849,"Peterson, David",SI,Fastball,150,4.1998,1.8148,91.0047,0.4673,0.1857,0.3408,2.0
571578,"Corbin, Patrick",SI,Fastball,72,4.1985,1.9317,91.275,0.464,0.1295,0.3594,1.9
571510,"Boyd, Matthew",CH,Offspeed,64,4.172,1.4999,79.3109,0.5912,0.3156,0.3369,1.8
621112,"Blackburn, Paul",SI,Fastball,58,4.1506,1.849,93.7741,0.4651,0.1812,0.3526,1.7
543243,"Gray, Sonny",SI,Fastball,92,4.1229,1.8951,92.5228,0.4896,0.2426,0.3323,1.6
663460,"Bubic, Kris",SI,Fastball,51,4.1184,1.685,90.9804,0.4541,0.186,0.3551,1.5
678368,"Bellozo, Valente",FC,Fastball,55,4.1069,1.7965,86.4818,0.5852,0.196,0.365,1.4
681252,"Anderson, Jack",FF,Fastball,51,4.0889,1.7713,90.651,0.5682,0.1474,0.3811,1.3
685005,"Roa, Christian",SI,Fastball,62,4.0859,1.9476,95.6903,0.4433,0.1944,0.3334,1.2
571945,"Mikolas, Miles",FF,Fastball,84,4.0797,1.7207,92.5286,0.5504,0.1401,0.3938,1.1
676440,"Bibee, Tanner",SI,Fastball,65,4.0796,1.907,93.7846,0.5085,0.1855,0.3416,1.0
700241,"McGreevy, Michael",FF,Fastball,129,4.0718,1.7998,91.1411,0.5525,0.1635,0.3914,0.8
663372,"Feltner, Ryan",SI,Fastball,58,4.051,1.9994,94.4724,0.4601,0.2394,0.3336,0.7
680694,"Bradish, Kyle",SI,Fastball,153,4.036,1.9834,94.5699,0.4846,0.2408,0.3454,0.6
607067,"Rea, Colin",SI,Fastball,51,4.0198,1.9381,92.751,0.5269,0.2031,0.3294,0.5
624133,"Suarez, Ranger",SI,Fastball,112,4.0062,1.9278,90.3304,0.5201,0.1878,0.3242,0.4
700241,"McGreevy, Michael",SI,Fastball,68,3.9757,1.9293,89.8044,0.5183,0.169,0.3414,0.3
641793,"Littell, Zack",SI,Fastball,51,3.7747,1.8915,90.7392,0.5772,0.1148,0.3605,0.2
687849,"Kent, Zak",FF,Fastball,52,3.7121,2.0185,91.4712,0.477,0.1841,0.365,0.1
