Pitcher,MLBAMID,Num_Pitches,PLV,PLA,FF,SI,SL,ST,CH,CU,FC,FS
Trevor Megill,656730,752,5.501156914893618,1.65352729787234,1.7349874736842104,9.5786542,9.5786542,9.5786542,9.5786542,1.5280345945945946,9.5786542,9.5786542
Tyler Rogers,643511,976,5.297622950819672,1.7663043879310345,9.5786542,1.8489948670492813,1.5248747561279603,9.5786542,9.5786542,9.5786542,9.5786542,9.5786542
Reid Detmers,672282,1081,5.445300647548567,1.9096726345975947,1.71347753109251,1.3401684274155163,1.6282039042876175,9.5786542,9.5786542,2.819279247993781,9.5786542,9.5786542
Steven Okert,595345,1042,5.283570057581573,2.102452593134848,2.8344991154217127,9.5786542,1.5799062268971849,9.5786542,9.5786542,9.5786542,9.5786542,9.5786542
Randy Rodríguez,678495,802,5.33638403990025,2.115721421052632,2.1947500769914656,9.5786542,2.017708227653632,9.5786542,9.5786542,9.5786542,9.5786542,9.5786542
Griffin Jax,643377,1086,5.35683241252302,2.1251297756152687,2.4025574755244765,2.8165945586972088,9.5786542,1.5235893136936594,2.505351628725782,9.5786542,3.2988729297520663,9.5786542
Tanner Scott,656945,910,5.336857142857143,2.125666701792944,1.80511803125,9.5786542,2.483488473561812,9.5786542,9.5786542,9.5786542,9.5786542,9.5786542
Aroldis Chapman,547973,910,5.290648351648352,2.1369138260869565,2.019568026950566,2.16637927787344,2.3755403053644044,9.5786542,9.5786542,9.5786542,9.5786542,2.144041051076404
Cristopher Sánchez,650911,2896,5.2339848066298345,2.15839996039604,9.5786542,2.282908585496388,2.3305720504724063,9.5786542,1.9287967619099855,9.5786542,9.5786542,9.5786542
Louis Varland,686973,1066,5.2783020637898685,2.1639096743119266,1.930068009347412,2.5796156310206424,2.461111157411878,9.5786542,3.826574821651376,2.111821260467683,9.5786542,9.5786542
Adrian Morejon,670970,994,5.183762575452716,2.2208449418593004,4.396728923952706,2.144689533143327,1.9030779659529848,9.5786542,2.8945527760181,9.5786542,2.5969960087912085,9.5786542
Janson Junk,676083,1622,5.250203452527743,2.224077709090909,2.5196085012051777,9.5786542,1.727044484796905,1.475841803814935,3.3726197235504656,2.617637226889952,9.5786542,9.5786542
Tyler Mahle,641816,1381,5.271868211440984,2.2965598730769234,2.567560301872469,9.5786542,2.2486992038742284,9.5786542,9.5786542,9.5786542,1.5489872166883962,2.1751838379995987
Max Kranick,668820,522,5.20072796934866,2.304650126281454,2.6003567230690408,9.5786542,1.8742506764478768,2.1556358705547654,9.5786542,2.8388141621621616,9.5786542,9.5786542
Brandon Walter,687888,814,5.23576167076167,2.332211198757764,3.812993886774538,1.5577198586043113,9.5786542,2.4318627534874246,2.947567802576181,9.5786542,1.1510043206974347,9.5786542
Spencer Schwellenbach,680885,1573,5.167787666878576,2.340239394578313,2.1398238163138164,2.479946581229376,1.9428682577045024,9.5786542,9.5786542,2.807823478012049,2.450362191239534,2.7947849780313923
Tim Hill,657612,889,5.130146231721034,2.345339030942028,4.01882819280646,1.998535170059416,3.716115268656716,9.5786542,9.5786542,9.5786542,9.5786542,9.5786542
Shota Imanaga,684007,2166,5.208938134810711,2.3508163609469346,1.9942900707026667,2.3454227266293617,9.5786542,1.9378653934630024,9.5786542,2.902718502699144,9.5786542,3.1007953604378904
Gabe Speier,642100,910,5.196472527472528,2.360100193548387,2.2256910465949824,2.2634062626384206,2.699128370763577,9.5786542,9.5786542,9.5786542,9.5786542,9.5786542
Jacob deGrom,594798,2612,5.208556661562022,2.3671738667953672,2.1180687855265314,9.5786542,2.20594243366701,9.5786542,4.035782397565605,2.1078038934713934,9.5786542,9.5786542
Josh Hader,623352,846,5.259432624113475,2.368936765822785,9.5786542,1.6034598523851642,3.0203773378773127,9.5786542,5.664417456722546,9.5786542,9.5786542,9.5786542
Caleb Thielbar,573204,839,5.194910607866508,2.3710788620689653,2.052375372179349,9.5786542,2.615772796373365,2.415843933350489,9.5786542,2.702092912916424,9.5786542,9.5786542
Bryan King,687911,1022,5.22573385518591,2.37326856682399,2.3726013559322032,3.4469890402476784,2.4911729065743944,2.1435600750938675,9.5786542,9.5786542,9.5786542,9.5786542
Tommy Nance,667297,461,5.196312364425163,2.382162821052632,9.5786542,2.781494035608553,2.057855694258373,9.5786542,9.5786542,2.479188122105263,9.5786542,9.5786542
Andrew Kittredge,552640,761,5.181800262812089,2.386445589269333,2.29184241509434,3.3395859655694804,1.7620672493726184,9.5786542,9.5786542,9.5786542,9.5786542,9.5786542
Bubba Chandler,696149,461,5.227049891540131,2.40036979787234,2.238607786849526,9.5786542,1.82444509929078,9.5786542,3.0830859951923077,2.990227457446809,9.5786542,9.5786542
Zack Wheeler,554430,2394,5.237401837928154,2.4076549443207127,2.0425706514317854,2.510147967035673,9.5786542,2.09473829704428,9.5786542,3.524574190166182,2.807463345776523,2.805064296592008
Robert Suarez,663158,1074,5.230214152700186,2.410015256903049,2.2957543509942493,2.4501947002084123,9.5786542,9.5786542,2.6752969036173737,9.5786542,9.5786542,9.5786542
Justin Slaten,686580,499,5.190460921843688,2.410142823529412,2.3674379882352943,9.5786542,9.5786542,2.643542103715171,9.5786542,2.8641734088235298,2.139912350889193,9.5786542
Tarik Skubal,669373,2846,5.164732958538299,2.4126451578234467,2.3068517249458877,2.277483577115889,2.444988130258465,9.5786542,2.504957373950845,3.501802680088132,9.5786542,9.5786542
Hunter Greene,668881,1746,5.236111111111111,2.415029457853244,1.7716986891111246,9.5786542,2.795612981226532,9.5786542,9.5786542,9.5786542,9.5786542,4.418740655819774
Steven Matz,571927,1141,5.201411042944785,2.4195221021910607,9.5786542,2.1998754245863794,9.5786542,9.5786542,2.239682770621118,3.1574142249011854,9.5786542,9.5786542
Dylan Lee,669276,1102,5.234101633393829,2.4328450097560976,1.9230889487237663,9.5786542,2.83227605035868,9.5786542,1.959586709388574,9.5786542,9.5786542,9.5786542
Jeremiah Estrada,669093,1236,5.274279935275081,2.45299302739726,1.7196840927291883,9.5786542,2.4273041807997338,9.5786542,9.5786542,9.5786542,9.5786542,4.268770090974177
Alex Vesia,681911,1020,5.2810098039215685,2.459872407821229,2.1034727172192884,9.5786542,2.7692146172958485,9.5786542,3.953273343974461,9.5786542,9.5786542,9.5786542
Kyle Harrison,690986,584,5.23111301369863,2.471396859044937,2.2727886880184816,9.5786542,9.5786542,9.5786542,4.175017065420561,1.9531912433455576,5.689907143585387,9.5786542
Jacob Webb,657097,978,5.153721881390593,2.473282090909091,2.237778355485893,9.5786542,9.5786542,2.8717106831550803,2.535714810941271,9.5786542,9.5786542,9.5786542
Tyler Holton,663947,1158,5.154024179620034,2.473689775423729,3.2571875241199475,1.4115027007436192,9.5786542,2.7789718689791094,2.903963408935914,3.644615191401405,2.418029164939467,9.5786542
Bryan Woo,693433,2714,5.157074428887251,2.477169867857143,2.351385235647478,2.11365567895739,2.42616991243296,3.0498776966704613,3.953096562823834,9.5786542,9.5786542,9.5786542
Yoshinobu Yamamoto,808967,2787,5.2190922138500175,2.4951177397610373,2.312596717429759,4.010901138749446,2.420966800651134,9.5786542,9.5786542,2.486014242999714,1.6300494058406847,2.6962905683933904
Logan Webb,657277,3280,5.191051829268293,2.507616869565217,4.694721591973245,2.4392561287777164,9.5786542,2.0158993301053263,2.201059161176987,9.5786542,3.2047384006820128,9.5786542
Chris Martin,455119,626,5.165846645367412,2.5138142611255065,3.344943803149606,2.4563563493027223,9.5786542,9.5786542,9.5786542,9.5786542,2.0759783274905854,1.9999674967476888
Grant Taylor,691799,600,5.236233333333334,2.525672045454545,3.026798773274918,9.5786542,2.732885741626794,9.5786542,9.5786542,1.5406687132867134,2.0636944363636367,9.5786542
Paul Skenes,694973,2997,5.181291291291291,2.53310595026643,2.642266238535443,2.7053664554271544,3.394619568848362,2.017785015648537,3.1968811444605483,2.947014058501191,9.5786542,1.5416552869188742
Trent Thornton,663423,604,5.185314569536423,2.539964076471815,2.4928241102362203,9.5786542,9.5786542,2.436737899315864,9.5786542,3.4083311704724406,1.975145013779527,9.5786542
Bennett Sousa,656986,717,5.109539748953975,2.548424295089188,2.984434220663266,9.5786542,2.2453819354703253,9.5786542,9.5786542,9.5786542,9.5786542,9.5786542
Tyler Phillips,663969,1110,5.098504504504505,2.5489087861037003,3.6400582838626607,2.364091736216573,9.5786542,2.308075696274678,9.5786542,2.492587960633417,9.5786542,2.756096912046166
Cade Smith,671922,1182,5.207783417935702,2.55166028959276,2.5454711366230978,9.5786542,9.5786542,2.690862501874596,9.5786542,9.5786542,9.5786542,2.5137957798849846
Garrett Crochet,676979,3148,5.152709656925032,2.566360563311688,3.064154474778513,2.455240879518072,9.5786542,2.340926267205848,3.940638170817988,9.5786542,1.9009949472291403,9.5786542
Ryne Nelson,669194,2464,5.2019561688311695,2.5673104285714285,2.037147792786885,9.5786542,2.8703173244147155,9.5786542,4.5658368,4.082674617100372,3.133320877076412,9.5786542
Sonny Gray,543243,2716,5.140765832106038,2.580337942804428,2.4297432202540663,3.6497751847189055,2.680139071190712,1.494409648501229,3.924122240996471,2.463661067256284,2.2892091455681904,9.5786542
Drew Rasmussen,656876,2314,5.144969749351772,2.5885069055315477,1.9757124128205128,3.6669381239089183,9.5786542,3.185556375675676,4.741683867857143,3.272388159,2.2299278465020573,9.5786542
Jameson Taillon,592791,1979,5.14245073269328,2.593995570694088,2.611149108895837,3.542146684184193,9.5786542,2.4288422633714783,2.639633956274937,2.8425226820845304,1.9627598106759407,9.5786542
Ranger Suarez,624133,2430,5.147711934156379,2.59606681779661,3.439727379321552,2.6935387531916444,1.0991337599700897,9.5786542,3.347647734375,2.280331972279725,1.560832135964736,9.5786542
Aaron Nola,605400,1567,5.1987172941927255,2.6041224275618373,2.630006306873457,2.9893682447729977,9.5786542,9.5786542,3.107373666121908,1.9909084855216457,2.955191023905362,9.5786542
Chase Burns,695505,751,5.265126498002664,2.605055651848817,2.2367017677514798,9.5786542,2.951539543541364,9.5786542,4.218559867132869,9.5786542,9.5786542,9.5786542
Nathan Eovaldi,543135,1914,5.123160919540229,2.608358815384616,2.753655332959523,2.1603086401037164,2.7774073204013376,9.5786542,9.5786542,3.2514323890109886,1.9076756332932687,2.605336702009471
AJ Blubaugh,805123,483,5.181511387163561,2.6139152678571427,2.7369385870938627,9.5786542,9.5786542,2.345153192708333,2.562372866709183,9.5786542,9.5786542,9.5786542
Kevin Kelly,687330,588,5.114880952380952,2.615631806722689,4.14755887359199,2.1810012628357702,9.5786542,2.3643911501014205,9.5786542,9.5786542,3.976714239761728,9.5786542
Shelby Miller,571946,692,5.141777456647399,2.617694810567981,2.029899394587603,9.5786542,9.5786542,2.843708572324415,9.5786542,9.5786542,9.5786542,3.8251523532876406
Jhoan Duran,661395,1073,5.131006523765144,2.619554785714286,2.575640411056231,3.0927771180803574,9.5786542,4.904076038018434,9.5786542,3.690370983495146,9.5786542,1.5894099123287673
Nick Pivetta,601713,2845,5.163683655536028,2.6245066434917206,2.556523605001885,4.196190403014417,4.134918648648648,2.4572585904920765,9.5786542,2.563979709671853,2.539445829556759,9.5786542
Framber Valdez,664285,2888,5.113597645429363,2.62647478125,3.6751384622093024,2.6981556129127355,3.4905952829670324,9.5786542,2.427049840779468,2.511403648274059,9.5786542,9.5786542
Pierson Ohl,701487,527,5.274174573055028,2.630357264516129,3.323461847787609,9.5786542,9.5786542,9.5786542,1.0700331395121951,4.4010909,4.2953781,9.5786542
Jacob Latz,656641,1388,5.172528818443804,2.633734015564202,1.9215156153029052,9.5786542,2.468712015295853,9.5786542,3.968411717250324,3.794300407817076,9.5786542,9.5786542
Devin Williams,642207,1108,5.2601895306859205,2.635182722138116,4.059138641474655,9.5786542,9.5786542,9.5786542,1.3528896558402037,9.5786542,9.5786542,9.5786542
Anthony Bender,669622,769,5.134551365409624,2.6410861034590387,9.5786542,3.1741589786538467,3.100651042909092,1.9294438585365852,5.45177556,9.5786542,9.5786542,9.5786542
Joe Ryan,657746,2795,5.192497316636851,2.6434625263157896,1.7436475434910803,3.260846988674217,3.51931150462033,2.954280032355479,9.5786542,3.6673451072124754,9.5786542,4.662609659983292
Caleb Ferguson,657571,1042,5.173973128598848,2.6463600918367347,3.374069553322549,2.5472942290249434,9.5786542,9.5786542,9.5786542,1.9600852578890595,2.405248159877886,9.5786542
Richard Fitts,690916,715,5.200685314685314,2.6622929398601403,2.465321083508772,4.58289136969697,1.9481197834146344,3.175695402469136,9.5786542,3.1007208923076925,9.5786542,9.5786542
Collin Snider,676092,477,5.258469601677149,2.6689168481012664,3.0309067966933614,4.619574289988494,9.5786542,2.6161604104882468,9.5786542,1.9060567512829287,2.158005128529698,9.5786542
Chris Sale,519242,2030,5.171305418719212,2.6768635066313,2.970142277792878,1.5889350812567713,2.3621715216346155,9.5786542,3.5458871538461545,9.5786542,9.5786542,9.5786542
Nick Mears,683232,845,5.099810650887574,2.6778604764705887,2.8486980023425303,9.5786542,2.35621856268485,9.5786542,9.5786542,3.7615531462184872,9.5786542,9.5786542
Carlos Vargas,672841,1095,5.064027397260274,2.6797935974025973,3.6040256793206793,2.6910026273291923,2.4040953202556605,9.5786542,4.038407608695652,9.5786542,2.532628905502392,9.5786542
Emmanuel Clase,661403,739,5.138538565629228,2.6808022906382813,9.5786542,9.5786542,2.76649622112676,9.5786542,9.5786542,9.5786542,2.643290356085932,9.5786542
Ben Casparius,676508,1247,5.168813151563753,2.6820998492588224,3.219522669729077,9.5786542,1.765633208067677,2.258618711267476,9.5786542,3.449881212705749,2.35887535060476,9.5786542
Max Meyer,676974,1039,5.157305101058711,2.684272221649484,3.593878881778015,3.337472986387396,1.7394447402666586,2.3106817319990336,3.146462076804124,9.5786542,9.5786542,9.5786542
Parker Messick,800048,624,5.159887820512821,2.6882259579831933,2.359684001344538,2.631694343337335,2.336713774789916,9.5786542,3.0913452045585355,3.3395080131900867,9.5786542,9.5786542
Shane Bieber,669456,645,5.176325581395349,2.6934813966942146,2.252136209665828,9.5786542,2.138485608709472,9.5786542,4.164069905406751,2.439259800619835,3.694781284015319,9.5786542
Jesús Luzardo,666200,3013,5.154015930965815,2.699295843920145,3.4538398323144524,1.8511994437867332,3.5091806352318806,2.131982033871286,2.3512624165206524,9.5786542,9.5786542,9.5786542
Jakob Junis,596001,1030,5.114776699029125,2.700146163451456,3.290130949090909,3.538250525956678,2.087821091764706,9.5786542,2.68550363118932,9.5786542,9.5786542,9.5786542
Jose A. Ferrer,678606,1192,5.132609060402684,2.7063744878520564,9.5786542,2.1555974175016006,3.889553808733625,9.5786542,4.058525906653162,9.5786542,9.5786542,9.5786542
Steven Wilson,621051,964,5.225663900414938,2.714176474991252,3.012991838257646,9.5786542,9.5786542,2.161267582534363,5.769630810962158,9.5786542,9.5786542,9.5786542
Casey Mize,663554,2351,5.141777966822628,2.7153866420629225,3.2024929085128924,2.3689111208750377,2.1200381237313244,9.5786542,9.5786542,1.982172625446237,9.5786542,3.01669111863125
Chris Paddack,663978,2564,5.1641926677067085,2.7176756012658227,2.7133164013284423,2.359329864171712,2.9064918287901085,9.5786542,2.00494524159973,3.831185309210526,3.208010348617929,9.5786542
Kyle Finnegan,640448,843,5.079620403321471,2.7252426315789475,2.3481619966770286,9.5786542,4.3356582145749,9.5786542,9.5786542,9.5786542,9.5786542,3.116106478224314
Shohei Ohtani,660271,753,5.129030544488711,2.725370425531915,2.708626263917225,4.831815999598555,2.1078543765240263,1.3211261979483284,9.5786542,3.4995645870406187,3.793251278297873,5.000478455927051
Emilio Pagán,641941,1068,5.117200374531835,2.72701795631068,2.486392468869689,9.5786542,9.5786542,9.5786542,9.5786542,9.5786542,3.3009313559057416,2.9277635482501685
Tanner Banks,621383,1075,5.13186976744186,2.7311114428735896,3.470416247266465,3.360797469336485,2.2540637038225344,1.91322177854112,4.624052177102217,9.5786542,9.5786542,9.5786542
Hoby Milner,571948,1156,5.1604671280276815,2.733234350764198,4.448557063357446,2.4100644936662965,9.5786542,2.30429838135861,2.7475640004951547,9.5786542,9.5786542,9.5786542
Logan Gilbert,669302,2154,5.156290622098421,2.7335113969465654,3.1889736039561223,4.084414501040944,2.1297059262354363,9.5786542,9.5786542,4.032463731870228,9.5786542,2.3839378382329057
Ronny Henriquez,678692,1157,5.125401901469317,2.7360584383561646,1.7498098581952852,4.490457662671234,2.9177099443815018,2.50718734925299,4.426688438784247,9.5786542,9.5786542,9.5786542
Mitch Spence,687765,1338,5.130269058295965,2.738212889657851,9.5786542,5.161895318335207,1.9240880619509335,9.5786542,9.5786542,3.269832550184391,2.516234894395554,9.5786542
Raisel Iglesias,628452,964,5.016410788381743,2.738264212871287,2.7643507539267014,2.9934741237623768,2.7020292068785827,9.5786542,2.5107805454678305,9.5786542,9.5786542,9.5786542
Max Scherzer,453286,1390,5.15453237410072,2.739500047058824,2.8009693473555592,9.5786542,2.23855594026589,9.5786542,3.3235020760181,2.750734479144386,2.8801231122994646,9.5786542
José Castillo,620454,528,5.189507575757577,2.7432447517755683,3.611760027777778,3.335912488392857,1.9212617895569624,9.5786542,9.5786542,9.5786542,9.5786542,9.5786542
Will Vest,676684,1137,5.170914687774846,2.750831563106796,2.5800519675913853,3.2859922532192125,2.301199811521513,9.5786542,4.275260469174757,9.5786542,9.5786542,9.5786542
John Schreiber,670167,1047,5.154431709646609,2.7524673281250003,3.16326293471488,2.3881016714131773,9.5786542,2.4637757614548144,3.82662140625,9.5786542,2.7569997292729598,9.5786542
Garrett Cleavinger,664076,859,5.016088474970896,2.755136821012806,3.3632004322429903,3.0535677794117646,2.5892516487915413,1.6679121887755106,9.5786542,9.5786542,9.5786542,9.5786542
Michael Wacha,608379,2663,5.096684190762298,2.7614885386100383,3.701556103432674,3.5478751554424006,2.7340850380364388,9.5786542,1.0704060804822548,4.440315293651835,2.421529702393448,9.5786542
Bailey Ober,641927,2356,5.127402376910017,2.7675655626423685,3.178639084147032,3.324944177220956,2.421776020568136,3.5259410529058783,2.064137789449389,3.1598220228814213,9.5786542,9.5786542
Hayden Wesneski,669713,508,5.098877952755905,2.7755285625,3.5594089610655737,2.4779525625,9.5786542,1.520457462,2.204052880813953,4.131333981382979,2.598947980603448,9.5786542
Trevor Williams,592866,1447,5.1928196268140985,2.779325564516129,2.0197213743388662,4.751966670967741,2.9291471402696985,2.543845588879772,4.434268824271592,9.5786542,9.5786542,9.5786542
Ryan Pepiot,686752,2699,5.13208225268618,2.7804692326043745,2.6587471678339805,3.970287257313264,2.7452275938268698,9.5786542,2.369534300007647,5.56332865668908,3.45250254354321,9.5786542
Manuel Rodríguez,655889,431,5.001624129930394,2.782954384615385,4.102530267503924,2.922092717425432,2.2557410821608297,9.5786542,9.5786542,9.5786542,9.5786542,9.5786542
Rico Garcia,670329,586,5.173805460750853,2.787460077669903,2.01551652149792,9.5786542,2.8709414001386966,9.5786542,3.841696391962068,3.076693137455289,9.5786542,9.5786542
Matt Festa,670036,816,5.053517156862745,2.7906487134146345,2.5207953942073176,3.391400116490717,9.5786542,2.613386820484668,9.5786542,9.5786542,3.648539957833816,9.5786542
Blake Snell,605483,1028,5.100817120622568,2.791100788043478,3.2124212962441776,9.5786542,3.3927780017162474,9.5786542,1.995372210144928,2.504191614934685,9.5786542,9.5786542
Dylan Dodd,689266,512,5.08576171875,2.797908606361607,2.343130445650439,9.5786542,4.784750137142856,9.5786542,9.5786542,9.5786542,2.7701218767857143,9.5786542
Kris Bubic,663460,1795,5.091075208913649,2.798772653295129,2.7499177350701247,3.796713418558518,1.7945334647665898,2.440687928476968,3.5481609967253376,9.5786542,9.5786542,9.5786542
Hunter Dobbins,690928,918,5.0663398692810455,2.8001083391192543,2.772739242553377,9.5786542,2.5883739558589016,2.4006853883984864,9.5786542,3.207632542008197,9.5786542,3.4845362859745
Dietrich Enns,608650,741,5.15148448043185,2.8081400503597123,2.556466139528743,1.2752423417266183,9.5786542,9.5786542,3.1087398578890317,4.559592901079135,2.87804269977189,9.5786542
Nabil Crismatt,622503,529,5.104971644612477,2.8121312582008224,4.440082135640137,3.0384466254595583,2.503454823529412,9.5786542,1.8965929915966384,3.1467140240963856,9.5786542,9.5786542
Andrew Abbott,671096,2676,5.113082959641256,2.81248897995992,3.0812601560174984,9.5786542,9.5786542,2.1005103112819645,2.8876171326531392,2.5586710749498995,2.683071756103512,9.5786542
George Kirby,669923,2086,5.148298178331736,2.8149447857142857,4.066223545454546,2.7843729333333327,1.40965207504363,9.5786542,2.755327434782608,2.9536643984063744,9.5786542,3.406020267857143
Noah Cameron,702070,2163,5.096527970411466,2.815422007228916,3.614158201544532,9.5786542,2.1718509180722885,9.5786542,3.166468445927711,2.6371776680521126,2.1205244973183053,9.5786542
Tyler Alexander,641302,1582,5.12441213653603,2.8154660068259383,3.4343486989066925,2.578263487627986,9.5786542,1.88021348678556,2.9777004854747253,9.5786542,3.1960647595362373,9.5786542
Zack Kelly,677161,573,5.140750436300174,2.817588656722316,4.368645313497822,2.583863060248714,9.5786542,1.3696216981132077,4.390367847415914,9.5786542,2.268053456976985,9.5786542
Kenley Jansen,445276,864,5.026666666666666,2.819083473163841,9.5786542,4.926270625814863,2.411251376792699,9.5786542,9.5786542,9.5786542,2.631866390692329,9.5786542
Kyle Leahy,681517,1350,5.073548148148148,2.820625363636364,2.965190418704156,3.694653460227274,2.1518419921875,1.688176440858865,3.246537367864694,3.627663636363637,9.5786542,9.5786542
Tristan Beck,663941,815,4.987386503067484,2.820835482352942,3.534658867373716,9.5786542,2.5392788283212164,1.958342241873065,9.5786542,3.2118858586134458,9.5786542,9.5786542
John Curtiss,595928,543,5.030589318600368,2.8236494454545453,2.901028486550435,9.5786542,2.104759272356215,9.5786542,4.7327188909090925,9.5786542,2.48572437584885,9.5786542
Nick Lodolo,666157,2477,5.103342753330642,2.824595923404256,3.4187886185338163,2.2941624501679727,9.5786542,9.5786542,2.4494694272878275,2.892889524767756,9.5786542,9.5786542
Emmet Sheehan,686218,1145,5.079545851528384,2.824599968181819,2.308477214170625,9.5786542,2.999613076998433,9.5786542,3.2507240215373634,4.743850540909091,9.5786542,9.5786542
JoJo Romero,668941,985,5.116081218274112,2.825110736939336,4.95702848235621,2.3966293615266387,2.3265653453643758,1.425139735362998,3.8590961939025297,9.5786542,9.5786542,9.5786542
Chase Lee,695445,593,5.0948735244519385,2.825405763671404,3.684643895089285,2.845265192307692,9.5786542,2.095663048090523,2.993665178571429,9.5786542,9.5786542,9.5786542
Sawyer Gipson-Long,687830,463,5.0378401727861775,2.8330936276595744,2.911578733555303,3.0604763579474343,1.8749444709864604,9.5786542,4.503266767477204,9.5786542,0.864507984893617,9.5786542
Angel Zerpa,672582,1099,5.159026387625114,2.834740159793814,3.782622351645248,2.254495835842135,2.938741687549564,9.5786542,3.8259586136597927,9.5786542,9.5786542,9.5786542
Eduard Bazardo,660825,1214,5.068072487644152,2.834909093258733,3.54800843195846,3.222599932177553,2.194328205842997,2.6313048227257005,9.5786542,9.5786542,9.5786542,2.8406071906779653
Daniel Palencia,694037,826,5.116585956416465,2.8372969287783127,2.8056144508399687,9.5786542,2.7613143803340727,9.5786542,9.5786542,9.5786542,9.5786542,3.696997539435249
Michael McGreevy,700241,1465,5.06681228668942,2.839187257839721,3.78460581757093,2.198967003043267,3.256756691886511,2.4558581677621154,3.0299511521332816,3.4239949199787394,1.4448055237369342,9.5786542
Kevin Gausman,592332,3026,5.077376074025116,2.8443166871706014,2.5324541342561617,9.5786542,3.8731793170114313,9.5786542,9.5786542,9.5786542,9.5786542,3.053039448172869
David Bednar,670280,1019,5.123925417075564,2.845589457446809,2.752392693115977,9.5786542,9.5786542,9.5786542,9.5786542,3.3215587393041988,9.5786542,2.177149239202922
Max Fried,608331,3109,5.089086522997748,2.8479594470989764,2.973316365362098,2.9241115553309096,2.5375691296339875,3.0677594944073188,3.078255586199994,2.988561743236029,2.486812844419816,9.5786542
Jacob Misiorowski,694819,1164,5.220567010309278,2.848942090909091,2.779113293118097,9.5786542,2.443735925473819,9.5786542,3.772604513833992,3.4122993016042784,9.5786542,9.5786542
Brandon Waddell,663399,512,5.12080078125,2.8538482978723407,4.195334245047689,2.5936826221966656,1.8934383565663977,2.136899620134925,3.453933262978723,9.5786542,9.5786542,9.5786542
Aaron Ashby,676879,1032,5.054108527131783,2.85638616,4.417284141818182,2.667439100650096,4.350548957142856,9.5786542,2.880973694117647,2.559221643956044,9.5786542,9.5786542
Mason Fluharty,689254,858,5.095571095571096,2.8611469843099937,9.5786542,9.5786542,9.5786542,1.8968908654974896,9.5786542,9.5786542,3.551554365379747,9.5786542
Phil Maton,664208,1005,5.1073034825870645,2.8627838094743674,9.5786542,5.0370623050605845,9.5786542,1.713621913043478,9.5786542,2.5112461375494077,2.932251807402084,9.5786542
Justin Wrobleski,680736,1090,5.111532110091744,2.86687215,2.7539938945161286,2.7503296379999997,2.6110290570110704,9.5786542,5.8402649625,3.039463086702128,2.9141586000000004,9.5786542
Luke Jackson,592426,775,5.046309677419354,2.868241323870968,4.090983123595506,9.5786542,2.059163612403101,9.5786542,9.5786542,2.757836479338844,9.5786542,9.5786542
Zebby Matthews,805673,1353,5.16030303030303,2.8702654033613446,2.220471578162235,2.467554521654816,2.84745240467128,9.5786542,3.9996357236586944,4.099307942792501,3.601119812104617,9.5786542
Kyle Freeland,607536,2473,5.059534977759806,2.8774873139355863,3.0248062211065565,2.8047649075819674,9.5786542,2.766528183172848,3.194224520449984,2.922460183657787,2.484729603059548,9.5786542
Orion Kerkering,689147,1073,5.167996272134204,2.878695,3.5533459204918034,3.8697200117187496,9.5786542,2.029764826893204,9.5786542,9.5786542,9.5786542,9.5786542
Matt Strahm,621381,987,5.068774062816616,2.879636116671813,2.7344314280213906,2.7765692643340296,2.7196337738153478,9.5786542,9.5786542,9.5786542,3.718077753008021,9.5786542
Freddy Peralta,642547,3073,5.139775463716239,2.8810894043310884,2.406526755437393,9.5786542,3.664416104138985,9.5786542,3.783237785323347,2.818396012552628,9.5786542,9.5786542
Colton Gordon,676467,1451,5.132694693314955,2.8843653139534884,3.362008177930003,3.386885685084202,3.899332892821032,1.7938955811425683,3.5615035610717896,2.8027591468416087,9.5786542,9.5786542
Stephen Kolek,663568,1588,4.9658186397984885,2.8877599409029258,3.416445903770569,3.280318521706472,2.6161319444935094,2.249357647391071,3.184289042986425,9.5786542,1.751105887573964,9.5786542
Pablo López,641154,1259,5.1054487688641785,2.888147061674009,2.879104353212293,3.796183889061997,9.5786542,2.3885482153640543,2.933006046379251,3.3046768108213715,9.5786542,9.5786542
Trevor Rogers,669432,1615,5.0132941176470585,2.89233369277198,3.213858411394962,3.0681877708503222,2.9874489606518395,2.73813714893617,2.251798487826972,9.5786542,9.5786542,9.5786542
Justin Topa,623437,980,5.092224489795918,2.89271505,9.5786542,2.60326962,9.5786542,2.861658219512196,3.971037,9.5786542,2.6463165,9.5786542
Tobias Myers,668964,802,5.083054862842893,2.893411542722142,2.5025632143361083,9.5786542,3.71742470752709,9.5786542,9.5786542,9.5786542,3.0832765503851087,2.9134330529375765
Cole Ragans,666142,1079,5.143762743280815,2.9023038486486485,2.85892164388096,9.5786542,2.6146109185924185,9.5786542,2.5795116669800238,4.044572161339601,2.4163685227344995,9.5786542
Drew Pomeranz,519141,800,5.0916500000000005,2.903008288590604,2.794407625210414,9.5786542,9.5786542,9.5786542,9.5786542,3.2615072526520894,9.5786542,9.5786542
Pierce Johnson,572955,968,5.092179752066115,2.909809372881356,3.877208141165544,9.5786542,9.5786542,9.5786542,9.5786542,2.504177263076101,4.307277655034895,9.5786542
Zach Eflin,621107,1121,5.063300624442462,2.9147209419952147,5.24426376781542,2.841659329681714,9.5786542,2.862574698768336,2.316956599823188,2.627081563668225,2.308276152336449,9.5786542
Bryan Abreu,650556,1170,5.119299145299146,2.915888785807151,3.4283358563807083,9.5786542,2.38742774427817,9.5786542,9.5786542,9.5786542,9.5786542,9.5786542
Zack Littell,641793,2785,5.01926750448833,2.918064921428572,3.355847048804137,3.6954281004414127,2.243905333928572,3.777549232734153,9.5786542,9.5786542,9.5786542,2.589252553911677
Ryan Thompson,657044,648,5.0549382716049385,2.9189318044354837,5.144239016129032,2.862307707166312,2.569110167705278,9.5786542,9.5786542,9.5786542,9.5786542,9.5786542
Jack Dreyer,676263,1146,5.0072600349040135,2.920249611353712,2.4808175088392046,9.5786542,3.259543446991523,9.5786542,9.5786542,3.397249190829695,9.5786542,9.5786542
Jordan Romano,605447,701,5.087988587731812,2.9203077656250005,3.9245332802507273,9.5786542,2.33545407990618,9.5786542,9.5786542,9.5786542,9.5786542,9.5786542
Ryan Yarbrough,642232,1017,5.071455260570305,2.92153865625,3.4930809874320654,3.3229319524553573,9.5786542,1.9174838071065992,3.0895453340311,9.5786542,2.919713468868821,9.5786542
Graham Ashcraft,668933,1039,5.067728585178057,2.92917186734694,9.5786542,9.5786542,2.2244400886599927,9.5786542,9.5786542,9.5786542,3.527316099435326,9.5786542
Luke Weaver,596133,1033,5.088044530493708,2.929498344178201,2.4034532789510554,9.5786542,9.5786542,9.5786542,3.982419666084781,9.5786542,2.885689290782292,9.5786542
Edward Cabrera,665795,2249,5.0769275233437074,2.929710704600484,4.222810750250989,2.344429199812544,3.118381304566786,9.5786542,2.36312500632975,3.222212639512456,9.5786542,9.5786542
Steven Cruz,674444,642,4.944345794392524,2.9297737445255483,2.6838972413746207,9.5786542,2.937919156372824,9.5786542,9.5786542,9.5786542,3.4047831943208124,9.5786542
Chad Green,643338,694,5.084221902017291,2.9310625098444683,2.5712746782988005,9.5786542,3.312202734953677,9.5786542,9.5786542,9.5786542,9.5786542,9.5786542
Troy Melton,675512,655,4.973022900763358,2.931702372262773,3.284921761363637,2.9280595176938005,2.264083293258909,9.5786542,9.5786542,3.459344593326381,2.2349334661252183,3.6899420038562174
Zac Gallen,668678,3133,5.084714331311842,2.940063796875,2.951845523803192,3.716912255340189,3.1585832947500005,9.5786542,3.322934900542665,2.488500139987245,2.9873278931962024,9.5786542
Brandon Woodruff,605540,951,4.975205047318612,2.946118890744414,2.7471588740596267,3.5312723935861063,9.5786542,9.5786542,3.029651810040871,3.29843012242268,2.01004095252306,9.5786542
Mason Englert,669438,720,5.071305555555556,2.949593154850746,3.32972683917149,3.835963417785024,9.5786542,9.5786542,2.98644220134208,2.164617119063772,2.101822740191898,9.5786542
Taylor Clarke,664199,850,5.020941176470588,2.951985952090716,4.015097094664372,3.219452417434443,2.1034974699333047,9.5786542,3.2033915036074525,9.5786542,9.5786542,9.5786542
Tomoyuki Sugano,608372,2565,5.087040935672515,2.955829872611465,3.1688459149524904,3.6060058471804775,9.5786542,1.7014236908262734,9.5786542,2.83929615148492,2.582745369757631,3.641122011659649
Kyle Bradish,680694,494,5.042145748987854,2.9614955625,3.6888676721590903,3.686284635736196,1.755087703423567,9.5786542,9.5786542,2.8248468574218752,9.5786542,9.5786542
Justin Sterner,686993,1089,5.100716253443527,2.9644371692307696,2.5468352446641385,9.5786542,9.5786542,3.63366265357466,9.5786542,9.5786542,3.316088339644971,9.5786542
Michael King,650633,1219,5.1119606234618535,2.9646430772727275,2.993343658264463,2.537854523522728,3.7547769596590914,3.025218843132195,3.249540843103449,9.5786542,9.5786542,9.5786542
Nolan McLean,690997,738,4.980447154471545,2.966232,4.384572613636363,2.7614732985436894,9.5786542,1.8890076428571427,4.036688472656249,3.481986894230769,2.593334196428571,9.5786542
Bailey Falter,663559,1951,5.0251101998974885,2.968932997340425,2.621382158695677,2.8821754749140136,3.1657731675757304,9.5786542,9.5786542,3.3779726671732524,9.5786542,4.072281967366303
Brandon Young,687064,939,5.082321618743344,2.9702618843930635,2.7005033043331506,9.5786542,2.9803540150701897,9.5786542,4.171728964645787,3.1045592147711294,3.6683105401935743,2.8412305291959434
Keegan Akin,669211,1058,5.093062381852552,2.970777742105263,2.8651612166327416,9.5786542,2.786996586876731,9.5786542,3.507361839361438,9.5786542,9.5786542,9.5786542
Cam Booser,592155,556,5.184694244604316,2.971037893826874,3.3873368602560947,9.5786542,9.5786542,2.201034064338887,9.5786542,9.5786542,3.2484518917050687,9.5786542
Landen Roupp,694738,1838,5.119417845484222,2.971824745118676,9.5786542,3.309604083384147,9.5786542,9.5786542,3.0784215852946994,2.492043709985796,3.243516116507056,9.5786542
Kolby Allard,663465,1000,5.02714,2.9720500615384617,2.466286684073107,2.525499331103678,9.5786542,9.5786542,4.315505538461538,3.895065734265735,2.165111598246313,9.5786542
Ryan Weathers,677960,642,5.117710280373832,2.9747808782608693,2.401734531590149,3.415883259130436,2.076292897826088,3.125432297844355,3.8072270922294176,9.5786542,9.5786542,9.5786542
Dennis Santana,642701,1001,4.949030969030969,2.9860074170616118,3.623611206103341,2.678079827804108,2.5440974678256247,9.5786542,4.42413416943128,9.5786542,2.557016479620853,9.5786542
Matthew Boyd,571510,2746,5.008477785870357,2.987146452690167,3.2502673814846075,4.1284796607050085,3.022049456755429,9.5786542,2.0928641233794774,3.363044656938836,9.5786542,9.5786542
DL Hall,669084,588,4.992057823129252,2.999771922413794,2.8830159062068965,3.471591103448276,3.2568419567398124,9.5786542,3.595748186339523,2.3175227398119125,2.488795128803245,9.5786542
Hogan Harris,663687,1111,5.124824482448244,3.002948286001281,3.182133844616356,9.5786542,9.5786542,3.901167214000664,2.582864155231262,2.551575839642397,3.919302388977002,9.5786542
Scott Blewett,656240,705,5.047645390070922,3.0045697331306997,4.21089025384751,9.5786542,2.1242426054068297,9.5786542,9.5786542,9.5786542,9.5786542,2.7646042872180447
Bryan Baker,641329,1101,5.04574931880109,3.0085802475728145,3.197845948543688,9.5786542,2.678916513004039,9.5786542,2.982227474826856,9.5786542,9.5786542,9.5786542
Merrill Kelly,518876,2832,5.0101800847457625,3.0115417010869563,3.5661570789100008,3.757161734624917,2.4086145936879277,9.5786542,2.321514084521739,2.9505641044112982,3.026280864634693,9.5786542
Luis Morales,806960,819,5.065628815628815,3.0148969315068497,2.967886538228736,9.5786542,2.1286532330643646,2.8475572191780825,4.147459183251486,9.5786542,9.5786542,9.5786542
Brock Stewart,592779,610,5.056868852459016,3.022492778761062,2.1956973302918703,5.10789914367517,9.5786542,3.746927512969179,3.792920864843121,9.5786542,3.179902122572976,9.5786542
Lake Bachar,669199,1143,5.035669291338582,3.0256731126760568,2.528113347141674,9.5786542,3.592601491086742,2.509152560682275,9.5786542,9.5786542,9.5786542,4.586202895531461
Nick Martinez,607259,2578,5.018642358417378,3.02787985110664,3.057848294642622,3.7590739719952366,2.340237560407902,9.5786542,3.204045163190911,3.395427308017718,2.3841873752755065,9.5786542
Shane Baz,669358,2718,5.060669610007358,3.0307305751503004,2.838163266935882,9.5786542,4.205885131482477,9.5786542,4.133468613432651,2.7546084092178886,3.011871739599198,9.5786542
Justin Wilson,458677,816,5.094632352941177,3.0321320275862065,3.0493015903231626,9.5786542,2.6812284827586206,9.5786542,9.5786542,9.5786542,3.4022719790253637,4.107743176450799
Garrett Whitlock,676477,1180,5.057101694915255,3.040581125,9.5786542,3.381210413669064,2.909749042056075,3.918409956140352,2.238024095528456,9.5786542,9.5786542,9.5786542
Jake Bird,656234,951,5.112187171398529,3.0438774434077,9.5786542,4.886728122446306,1.1281099001987331,1.2484415658303316,9.5786542,3.249635501138193,6.943803194277109,9.5786542
Patrick Corbin,571578,2573,5.071014380101049,3.0481560365399014,4.586401514714898,3.5846143002181106,2.9496164695060907,9.5786542,3.992686808554959,9.5786542,2.0323467441480814,9.5786542
Yusei Kikuchi,579328,3086,5.10697342838626,3.048226462175881,3.495386921796191,6.021448600854473,2.0216094300285894,9.5786542,5.052232972530842,2.647413398977253,9.5786542,9.5786542
Ryan Bergert,686701,1304,5.0934125766871166,3.050301947973317,2.809591816312157,4.2105788212618585,2.7677076792518456,2.612777058309787,5.331762788408098,9.5786542,9.5786542,9.5786542
Yennier Cano,666974,984,5.088130081300814,3.054205551724138,4.715471977632805,2.701825206591394,2.8935119334604056,9.5786542,2.781094344827586,9.5786542,3.049883157635468,3.625572850898495
Luis García,472610,881,5.039035187287174,3.0569370889049954,9.5786542,2.7557376426125555,5.369376366735233,3.0387348633153297,9.5786542,9.5786542,9.5786542,3.1795328681964032
Gunnar Hoglund,680684,547,5.086032906764168,3.061621298969072,3.0016718506732585,2.423685425852498,3.3334995511498806,3.556793508084644,3.15811054197349,9.5786542,9.5786542,9.5786542
Pete Fairbanks,664126,987,5.04596757852077,3.063065419889502,3.6000086892265184,9.5786542,2.5080499194888444,9.5786542,2.869202865331492,9.5786542,2.034662718232044,9.5786542
Matt Svanson,694335,951,5.042250262881178,3.067823589870506,9.5786542,3.296152479936028,9.5786542,2.287867045920291,9.5786542,9.5786542,4.072427269879013,9.5786542
Robert Garcia,676395,971,4.965581874356333,3.07066921875,3.637755341702586,9.5786542,2.113592336745689,9.5786542,3.0819950468181823,9.5786542,9.5786542,9.5786542
Cole Sands,663485,1143,5.011828521434821,3.082165625,3.3956650065789464,3.65280189684466,9.5786542,9.5786542,9.5786542,3.735061056338029,2.330937811141305,2.734768061234817
Andrew Heaney,571760,2082,5.093515850144093,3.085309348773842,3.057745963493145,2.856343857248418,2.7232609240578025,9.5786542,3.937554217379819,2.636051186979896,9.5786542,9.5786542
Hunter Gaddis,683769,1049,4.993336510962822,3.0862786049999995,3.1116198751729103,9.5786542,2.71268487767318,9.5786542,4.536205567122302,9.5786542,9.5786542,9.5786542
David Festa,701581,882,5.052369614512473,3.0884061375000003,2.58768027,4.129259650568182,2.667426573622881,9.5786542,3.5769238466308586,9.5786542,9.5786542,9.5786542
Brock Burke,656271,1014,5.046696252465484,3.0893540108108115,3.576641867636546,3.096444400540541,2.3817300544027904,9.5786542,3.030598592808881,9.5786542,9.5786542,9.5786542
Matt Brash,666374,816,5.090061274509804,3.089757921188898,5.758987427112676,2.592986843661972,2.725606549380621,9.5786542,4.7631966648462205,9.5786542,9.5786542,9.5786542
José Berríos,621244,2584,4.987000773993808,3.0904758975903617,3.7988544714707895,3.638798908915663,9.5786542,9.5786542,2.919647088223863,1.958469800944463,3.28616441566265,9.5786542
Joel Payamps,606303,443,5.090428893905192,3.0932289844272365,3.617689206904488,3.947844757793312,2.522631761392405,1.7678195206206615,9.5786542,9.5786542,9.5786542,9.5786542
Anthony DeSclafani,543101,628,5.031178343949044,3.097524153360422,3.4111612212101496,3.4223887318324318,2.273919178987844,9.5786542,9.5786542,3.0946674143116413,9.5786542,3.425484576182839
JP Sears,676664,2358,5.109088210347752,3.0980499497346066,3.563411611139094,3.57004800698306,1.9553053985865332,1.7553121916461911,4.249081891225587,4.838983020884521,9.5786542,9.5786542
John King,667463,769,5.0160078023407015,3.105299347562889,9.5786542,2.93821185808961,3.1502423040585903,9.5786542,3.37200734646098,3.835744992461909,9.5786542,9.5786542
Ryan Gusto,687473,1746,5.086975945017183,3.107258494507352,2.9949762380779807,3.77146646044191,9.5786542,2.37451203259288,4.201103435294117,3.861632247335286,1.5554836494721485,9.5786542
Luis Castillo,622491,2904,5.025110192837466,3.107324291512916,3.093037821575219,2.9571604670450444,3.050362198560322,9.5786542,3.568324826568265,9.5786542,9.5786542,9.5786542
Ryan Helsley,664854,970,5.094762886597938,3.109923552724595,2.9285441573585804,9.5786542,3.088369621627836,9.5786542,9.5786542,4.708532703947369,9.5786542,9.5786542
Sandy Alcantara,645261,2886,5.028981288981289,3.124276338932885,3.5878555163340744,2.3292928406994857,3.23954948861118,9.5786542,3.321155469103908,3.4457401524501114,9.5786542,9.5786542
Ryan Brasier,518489,404,4.9903712871287125,3.126838153846154,3.752708949973104,2.376814794489093,3.069282325027086,9.5786542,9.5786542,9.5786542,2.529241402366865,9.5786542
Jonathan Bowlan,680742,727,5.030784044016507,3.1289431127819545,3.7817027694235583,2.771427857142857,2.153517348381968,9.5786542,2.9412579425613217,4.833182677765843,9.5786542,9.5786542
Sean Manaea,640455,1084,5.109363468634687,3.1351959110944403,3.2229277054041843,9.5786542,9.5786542,2.80975724148802,4.142913357232931,9.5786542,9.5786542,9.5786542
Andrew Saalfrank,685314,426,4.899272300469484,3.139978655172414,2.9334792048681537,3.1134845625349485,9.5786542,9.5786542,9.5786542,3.2212043346642467,9.5786542,9.5786542
Jason Alexander,669920,1237,4.991269199676637,3.142469825593065,5.802957281020908,2.6265939846244217,9.5786542,3.243252655086207,2.897660998112258,9.5786542,9.5786542,9.5786542
Max Lazar,676661,645,4.967348837209302,3.142949153225805,3.239988871307538,9.5786542,9.5786542,9.5786542,9.5786542,3.062737224422599,2.7131196774193547,4.169748888248848
Carmen Mlodzinski,669387,1639,5.039158023184869,3.1446421580786503,4.024255546656648,3.1176495825057287,1.4850897800934244,1.9385101345693776,9.5786542,1.971298946708464,9.5786542,4.1511125554323725
Michael Soroka,647336,1527,5.05645055664702,3.148713345418161,3.254235315855827,4.785651603991391,3.006174822930933,9.5786542,4.430856800095934,1.9836194356620944,9.5786542,9.5786542
Brandon Pfaadt,694297,2918,5.024033584647019,3.149025639622641,3.651612286241564,3.2824265343562717,9.5786542,2.695339779397891,2.9795979760266373,3.4328254051968408,2.411745225634353,9.5786542
Carlos Estévez,608032,1043,4.992339405560882,3.152123045454545,2.8902128985826,9.5786542,3.157429553359683,9.5786542,4.038240630786391,9.5786542,9.5786542,9.5786542
Mason Miller,695243,972,4.966862139917695,3.15943667027027,2.9064546584359503,9.5786542,3.3499237138429634,9.5786542,5.153805747420148,9.5786542,9.5786542,9.5786542
Kyle Hart,606996,690,5.006942028985507,3.164227325581395,5.168982558139535,5.053623242134062,1.948585505507956,1.04943391510499,3.396389100935027,9.5786542,9.5786542,3.906891290322581
Eric Orze,679358,679,5.02240058910162,3.168954985413845,4.261262508418606,9.5786542,2.765892626847458,9.5786542,9.5786542,9.5786542,9.5786542,2.815819056654546
Tyler Anderson,542881,2331,5.043423423423423,3.1708973759617107,3.1940383590406074,3.2314891868258298,3.003183029428226,9.5786542,2.802043680426258,9.5786542,3.7704814505919577,9.5786542
Matthew Liberatore,669461,2387,5.00010892333473,3.171581821978022,3.3781905463494133,3.0459152227424746,2.7193459071428574,9.5786542,3.0713714564968817,3.3209001044189854,3.519422493230769,9.5786542
Tyler Kinley,641755,1214,5.04995881383855,3.177739625904962,5.179560713876146,9.5786542,2.3886669533882,9.5786542,9.5786542,3.589238188073394,9.5786542,9.5786542
Chris Flexen,623167,658,4.9580091185410335,3.1789859113204484,3.244705330235645,9.5786542,3.583072432178509,9.5786542,9.5786542,3.592789996946565,2.668019433989554,9.5786542
Cade Gibson,806188,908,4.996090308370044,3.183827652439025,5.575997579884899,3.1940079135987114,1.6218230926829271,3.4319352748592875,2.744802209534368,2.966160022514072,9.5786542,9.5786542
Miles Mikolas,571945,2483,4.984228755537656,3.185502543710021,3.885031111312365,2.921707717369511,2.606924926091232,2.707290607675906,2.4705218763326227,3.646667596208016,9.5786542,9.5786542
Kyle Hendricks,543294,2573,4.957920715118538,3.186609358299595,3.544416202630034,3.706270840025257,9.5786542,9.5786542,2.58055175800795,2.9402548681727905,9.5786542,9.5786542
Calvin Faucher,676534,1053,5.057920227920228,3.192100740898144,4.85904285551285,5.110426187588333,9.5786542,2.2854815350483424,9.5786542,4.437625556760137,1.7058568079648906,9.5786542
Hurston Waldrep,694462,861,4.935075493612079,3.1924322307692306,4.166352600322755,3.768794724964422,1.7965925196342118,9.5786542,9.5786542,3.852249679227655,2.919230984303956,3.201013730386105
Braydon Fisher,680755,834,5.009580335731415,3.20276628,4.485929081086955,9.5786542,2.437872563510972,9.5786542,9.5786542,3.2295369741639344,3.192538527692308,9.5786542
Aaron Bummer,607481,932,5.018154506437768,3.2179577300613493,3.599735864086833,2.8554721779141103,9.5786542,3.606331793226123,9.5786542,3.240138042296993,9.5786542,9.5786542
Luis Severino,622663,2730,5.013109890109891,3.2194065799180334,3.278098003962654,3.901753135245902,3.7572897573057737,2.2453144070203512,4.1606597022329,9.5786542,3.2698783993195177,9.5786542
Dylan Cease,656302,3040,5.07760197368421,3.219634178571429,3.304418441558441,4.983765142857143,2.7649076006884683,2.6102038186813186,4.691467591836735,4.041309047619048,9.5786542,9.5786542
Braxton Ashcraft,677952,1102,4.969056261343012,3.227222023923445,3.9012272977481226,2.841375921286031,2.5307511849894286,9.5786542,3.1610055740259737,3.592664181818181,9.5786542,9.5786542
Clay Holmes,605280,2762,4.986361332367848,3.2324972595573445,5.139106969654663,2.9987825391323204,2.8390199260563382,3.068095264078856,2.8631428020594707,9.5786542,4.747129074764375,9.5786542
David Peterson,656849,2697,4.9666332962550985,3.234581537549408,4.051951514792976,3.249269058736082,2.5247277924901184,9.5786542,2.8671102971300915,3.25691359347292,9.5786542,9.5786542
Dean Kremer,665152,2689,4.956340647080699,3.235016995725845,2.886407257040176,3.1783463392445386,9.5786542,9.5786542,9.5786542,3.6020879166854822,3.0859459486563328,3.6521230181206903
Brenan Hanifee,669724,942,4.9508704883227175,3.23931435,3.903976403669725,3.012904693939394,3.1954370155778897,9.5786542,5.0085833850000006,9.5786542,9.5786542,9.5786542
Spencer Bivens,702352,1289,4.973824670287044,3.243001361606757,5.279385097393689,2.6910334583618525,9.5786542,2.7692632585858585,3.720662453423119,2.1115249375,3.626411311684176,9.5786542
Daniel Lynch IV,663738,1078,4.980807050092764,3.243690487684729,4.372192758620689,2.987019793766577,3.1115817228366947,9.5786542,2.8332229655172414,2.3380468137931034,9.5786542,9.5786542
Yuki Matsui,673513,1044,5.007595785440613,3.249647288656988,2.7211780509022554,9.5786542,2.759460870406554,3.041232872504537,9.5786542,9.5786542,9.5786542,4.211507358975151
José Alvarado,621237,449,5.059131403118039,3.254235617783108,9.5786542,2.3193096045673074,9.5786542,9.5786542,9.5786542,4.898942527972029,4.931035184560043,9.5786542
Logan Evans,688138,1338,4.986943198804185,3.25485,4.434189785867723,3.713672966418719,9.5786542,2.7483513594130096,3.756500937025189,4.011598808221749,2.4250789437809366,9.5786542
Adrian Houser,605288,1892,4.892182875264271,3.259092384,4.677195814054054,2.6814110874470054,2.739180528986301,9.5786542,3.65032618031834,4.27880323677828,9.5786542,9.5786542
Bryce Elder,693821,2508,4.958496810207336,3.266037383795309,4.521112211066719,3.8473763634362745,2.0499874815717334,9.5786542,3.5398267662772502,9.5786542,9.5786542,9.5786542
Yu Darvish,506433,1152,4.966727430555555,3.2703063424479164,2.9401545557142854,4.591042810975609,1.647769199127907,2.236992692857142,9.5786542,3.99724425,1.723719711956522,4.844124652439024
Eury Pérez,691587,1655,5.031570996978852,3.2719656604525387,2.4450411613508445,9.5786542,4.177290343283033,2.724493010463221,6.02921608402367,3.8171969295605055,9.5786542,9.5786542
Sean Newcomb,656794,1545,4.99295145631068,3.2755127003610114,3.833984533804805,2.540924061533007,9.5786542,9.5786542,3.970681380613381,2.665176332323965,4.105324266686058,9.5786542
Clarke Schmidt,657376,1225,4.917689795918367,3.2760849279661017,3.809412134052387,4.463087243644067,3.1542490160873315,2.4345015146596505,9.5786542,2.901549436136658,3.5339937888702844,9.5786542
Ben Lively,594902,700,4.954071428571429,3.2783211181343286,3.185651734410141,3.463759138691161,9.5786542,2.8321011532909224,4.225734605676972,3.345103286865671,2.9710582388059703,9.5786542
Connor Brogdon,641401,840,5.058666666666667,3.278925191489362,3.774094206963249,9.5786542,9.5786542,9.5786542,2.74909045212766,9.5786542,3.36864824155194,9.5786542
Carlos Rodón,607074,3207,4.984777050202681,3.283598434120753,3.1151515956088485,4.136062460783989,2.8647239701467986,9.5786542,3.7244709278936257,4.239342106753202,9.5786542,9.5786542
Joey Cantillo,676282,1636,5.019070904645477,3.2879362342657346,3.7847577308455738,9.5786542,3.4948446550773173,9.5786542,2.9101270393007,2.695777385982096,9.5786542,9.5786542
Lucas Erceg,668674,962,4.926392931392932,3.29716575,3.581614731055901,2.8124997951916897,3.285704515478568,9.5786542,3.3718818317580346,9.5786542,9.5786542,9.5786542
Grant Anderson,681982,1157,4.9805704407951605,3.2974893301435406,3.515729606160287,3.147432758514912,3.156731777960526,3.1367027542180805,3.87589983104067,9.5786542,9.5786542,9.5786542
Tony Santillan,663574,1228,5.002833876221498,3.299450513423585,3.5451183083605637,9.5786542,3.225936862449553,9.5786542,9.5786542,1.9872059460075528,9.5786542,9.5786542
Kodai Senga,673540,1898,4.993919915700738,3.2995167352941177,3.710783452881959,6.314035399271213,3.989820454804892,4.002364411213235,9.5786542,6.117364077022061,3.096422515321478,1.900229484451452
Slade Cecconi,677944,2044,4.914447162426614,3.3059572017990564,2.8819032500252804,3.5375054969963955,3.126570655994551,9.5786542,4.220735561436951,4.006738328542781,3.5638442215909087,9.5786542
Riley O'Brien,676617,757,4.93005284015852,3.306059931638045,9.5786542,3.437451559426229,2.762947530844156,4.014725944444444,9.5786542,3.743921935150376,9.5786542,9.5786542
Kody Funderburk,681892,723,5.029585062240664,3.306631829268293,9.5786542,3.320367782459781,3.246047368902439,3.95701497934697,2.8630581093355763,9.5786542,3.08857416197278,9.5786542
J.T. Ginn,669372,1571,5.030725652450669,3.307111346649724,9.5786542,3.138827284796219,2.7439470366543666,9.5786542,4.315140636054838,9.5786542,4.291525628858158,9.5786542
Tanner Bibee,676440,2969,4.959184910744359,3.314526663619744,4.289463847530649,3.736364727989784,3.552626266595222,2.530237299131626,3.206699442669104,3.1841255096201,2.361204242080717,9.5786542
Jeff Hoffman,656546,1128,4.972047872340426,3.314907661764706,2.92398956880611,1.5723052184873954,3.590512897189736,9.5786542,9.5786542,9.5786542,9.5786542,4.154880362159789
Abner Uribe,682842,1164,4.890412371134021,3.317171973451328,3.8172243683628326,3.775966776979272,2.777165668339717,9.5786542,9.5786542,9.5786542,9.5786542,9.5786542
Carlos Hernández,672578,738,5.046476964769648,3.31887099174484,2.791416286863905,9.5786542,3.677173404847207,9.5786542,9.5786542,3.615562474208144,9.5786542,4.234526071115639
Ryan Rolison,669020,676,4.953994082840237,3.3198075354330707,3.707519794825647,9.5786542,2.3426873149606293,9.5786542,4.059773426908593,3.1883424357884462,9.5786542,9.5786542
Jared Koenig,657649,1030,4.925368932038835,3.321307566725508,9.5786542,3.0877437251926043,9.5786542,9.5786542,4.247990285167464,3.505794285353536,3.429946691505216,9.5786542
Edwin Uceta,670955,1214,4.9434925864909385,3.3259437236842104,3.4185569623678878,3.458043059210527,9.5786542,1.918419506578948,3.616722863068689,9.5786542,2.6270981518952827,9.5786542
Jack Flaherty,656427,2830,5.045303886925795,3.3295028198757763,3.190213259722813,7.564466956521739,2.933824339191712,9.5786542,7.406824091614906,3.2812540502611816,9.5786542,9.5786542
Brad Keller,641745,1105,4.9340995475113125,3.3299938421052637,3.5719614753634032,4.620093118022328,2.54081494531784,2.6182528299514543,2.840476067802544,9.5786542,9.5786542,9.5786542
Eric Lauer,641778,1681,4.952784057108865,3.3306664114702724,3.6776601132242974,9.5786542,3.4653970145536066,9.5786542,4.615383934879741,2.945087261883456,2.242562206062065,9.5786542
Shinnosuke Ogasawara,829272,661,5.02,3.3314581807606034,3.2851070864752456,9.5786542,3.7351671107586215,9.5786542,2.5404815886206897,3.95235045829992,9.5786542,9.5786542
Anthony Banda,607455,1065,4.94875117370892,3.334294246153846,2.6817422412587417,2.5943124814374814,3.9327505459483274,9.5786542,4.233838274999999,9.5786542,9.5786542,9.5786542
Ronel Blanco,669854,793,4.956065573770491,3.3344346413793104,3.42831930193737,9.5786542,3.152936240465309,9.5786542,4.030727021943573,3.0238840068965525,9.5786542,9.5786542
Valente Bellozo,678368,1321,4.95672975018925,3.339111024590164,4.397891507646679,9.5786542,9.5786542,2.6827716165192346,4.041087018667926,3.700319219857219,2.3002946420853743,5.57681196670082
Shawn Armstrong,542888,1116,4.851666666666667,3.34292962630776,3.984622023648649,4.145499337580928,9.5786542,2.192653873440748,9.5786542,9.5786542,2.8971583435647554,9.5786542
Brent Suter,608718,1116,4.971362007168459,3.343496187192118,3.001219746477989,3.667943609577271,2.894993456244567,9.5786542,3.895293557749297,9.5786542,9.5786542,9.5786542
Tanner Houck,656557,749,4.977316421895861,3.3437941832061067,6.546761195870924,2.8342318479942623,9.5786542,3.3570581955062657,9.5786542,9.5786542,9.5786542,3.395935479518332
Jack Perkins,678022,626,4.953019169329074,3.348912417883112,4.400095941199177,9.5786542,9.5786542,2.275601238406659,3.224077903213167,9.5786542,2.7242389701666023,9.5786542
Jeffrey Springs,605488,2846,4.97964160224877,3.349246894736841,4.189644275990635,9.5786542,2.567995104631218,2.634990061663033,2.441096168128655,9.5786542,4.660530024342106,9.5786542
Jake Woodford,663765,617,5.01742301458671,3.3514877124440545,4.812917144495412,2.7608902827185924,9.5786542,2.483434633027524,3.964587996282821,9.5786542,3.415846589227582,9.5786542
Casey Legumina,668984,845,5.032532544378698,3.357222415122514,3.321428032851312,2.754289304697987,9.5786542,2.970411027552102,4.989854587467174,9.5786542,9.5786542,9.5786542
Colin Rea,607067,2533,4.938116857481248,3.3578475439330537,3.62069009798456,4.368457944445359,2.385346140071877,1.827426743141787,9.5786542,2.5321685772173037,3.954861806282899,3.876257287656903
Edwin Díaz,621242,1064,4.913317669172932,3.3587077463445043,3.256208228081373,9.5786542,3.4721676091347824,9.5786542,9.5786542,9.5786542,9.5786542,9.5786542
Cade Horton,690990,1782,4.86627946127946,3.3609210044512925,2.951215466413468,4.770740042542373,9.5786542,3.291011810242196,4.771720207627119,2.985583368183492,9.5786542,9.5786542
Ryne Stanek,592773,1063,5.092756349952964,3.361079571428572,2.812985358996235,9.5786542,3.664711482142858,3.756937521992482,9.5786542,9.5786542,9.5786542,5.125148977221597
Wandy Peralta,593974,1138,4.911933216168718,3.362005213953488,4.189575846976744,3.8523791455926473,3.036193073754153,9.5786542,2.77345250765134,9.5786542,9.5786542,9.5786542
Bryce Miller,682243,1523,4.980748522652659,3.365903414759664,2.5512228212083707,3.973786816930757,4.070183068583789,4.440529367661859,9.5786542,3.941658035397839,9.5786542,3.7529943317947465
Mike Burrows,681347,1537,4.952108002602473,3.36599540625,3.460026200404229,3.9074254044331393,3.1066309903125,9.5786542,3.1730103028253422,3.6118169298155736,9.5786542,9.5786542
Robbie Ray,592662,3056,4.99675392670157,3.3663296446729896,2.660587034734917,9.5786542,4.107259268833544,9.5786542,4.428460617503539,3.870355223995624,9.5786542,9.5786542
Randy Vásquez,681190,2148,4.913896648044693,3.3663355586034918,3.932137754722326,3.1027087712272725,3.0554163835148973,2.589916444353036,3.67682405216688,3.3798306317239395,3.446319627909588,9.5786542
Rafael Montero,606160,1087,5.0415179392824285,3.368110674033149,3.112669171232877,2.943433100138121,2.812162845370432,9.5786542,9.5786542,9.5786542,9.5786542,3.7245988939226513
Paul Blackburn,621112,666,5.000705705705706,3.3701790000000003,4.509030412087911,3.9417080030314513,1.9626188708272865,3.349556181818182,2.78964070295858,4.5787567896200185,2.617384293081221,9.5786542
Carlos Carrasco,471911,763,4.983630406290956,3.3712477885794647,3.9571081702244872,3.98817949903957,2.913065844603357,9.5786542,2.2249919951338204,4.415952630893668,9.5786542,9.5786542
Austin Cox,680735,410,5.132878048780488,3.3719306546112806,2.515969593133224,9.5786542,3.5881731582733813,9.5786542,9.5786542,4.080153931875,9.5786542,4.438558553267047
Mitchell Parker,680730,2704,4.94433801775148,3.376460568825911,3.4811469625263163,9.5786542,3.2667591801242235,9.5786542,9.5786542,2.946782277511961,9.5786542,3.840082657894737
Greg Weissert,669711,1069,4.922198316183349,3.3789417313432835,3.6391944770249873,3.1084205692108022,2.2554332306490803,3.408396309235075,4.588660735835386,4.635932782367234,9.5786542,9.5786542
Isaac Mattson,676755,769,4.954252275682705,3.384927606127292,3.3608870269517364,9.5786542,3.1297759763471817,9.5786542,3.736741497579344,9.5786542,9.5786542,9.5786542
Génesis Cabrera,650893,715,4.988573426573426,3.3889480312500004,2.3301565366242043,4.282572099609375,9.5786542,9.5786542,9.5786542,2.3124725146133094,3.533055692690497,4.829467500000001
Gordon Graceffo,700669,737,5.019850746268657,3.3916174107475308,3.605894163438692,9.5786542,2.9124380067780766,9.5786542,1.4883196186046517,3.720905954919499,9.5786542,9.5786542
Caleb Boushley,676961,742,4.987722371967656,3.393168092307692,3.1581480690716184,3.8138990625840177,2.2576323665158373,2.723152005835544,3.954681721978021,3.996457661538461,3.0864656057421445,9.5786542
Hunter Brown,686613,2962,4.91177245104659,3.393417399280576,3.383825562887401,3.338006672782689,2.543550970219173,9.5786542,4.074106735348799,3.3222037660648835,3.103445379790712,9.5786542
Jimmy Herget,623474,1271,4.887222659323367,3.395555293822188,7.41530110888421,3.908759844469274,2.4017246964,9.5786542,4.53673509971831,2.6491784651162797,9.5786542,9.5786542
Dustin May,669160,2151,4.938154346815434,3.3992596666104564,4.683711555793451,3.461764953556204,9.5786542,2.732099073036047,9.5786542,9.5786542,3.6905999395466,9.5786542
Ben Brown,676962,1759,4.975076748152359,3.400065987460815,3.721738034742389,9.5786542,9.5786542,9.5786542,4.565208794670847,2.8183160775917973,9.5786542,9.5786542
Chase Shugart,663767,692,4.85764450867052,3.401252,4.782153298461538,3.617215379710145,9.5786542,2.683955730653267,4.849866465306123,9.5786542,2.619659577272727,9.5786542
Taj Bradley,671737,2271,4.916891237340379,3.4017627406542057,2.898826890177981,6.735488859813083,9.5786542,9.5786542,9.5786542,4.413938250902402,3.38541532855068,3.7094553228148137
Keider Montero,672456,1472,4.928294836956522,3.407111612359634,3.32503067296455,3.721045243537944,2.345689560166636,9.5786542,4.648254965861344,3.656940307019654,9.5786542,9.5786542
Jake Irvin,663623,2945,4.933066213921902,3.4085395,4.204882674154334,3.5594533118238023,3.232852228846154,9.5786542,3.041703208333333,2.575963331901489,3.2625488842975203,9.5786542
Jonathan Loáisiga,642528,434,4.873248847926266,3.417186524879614,9.5786542,3.680383324631385,9.5786542,9.5786542,3.4712859748467824,2.4358788530570554,9.5786542,9.5786542
Jordan Leasure,673929,1121,5.011329170383586,3.4179250963887724,3.278883087107689,9.5786542,3.508886533224442,9.5786542,9.5786542,9.5786542,9.5786542,4.7528973359518645
Erik Sabrowski,681870,502,4.966892430278885,3.419612590909091,2.828148654904306,9.5786542,4.348795032467533,9.5786542,9.5786542,5.054209183313397,9.5786542,9.5786542
Lucas Giolito,608337,2365,4.943733615221987,3.4223537793103445,3.6565360796566777,9.5786542,3.616878464576803,9.5786542,2.433511006728343,5.144634624474347,9.5786542,9.5786542
Enyel De Los Santos,660853,1105,4.956488687782805,3.4246186363636366,3.553046578282829,9.5786542,3.2578513584840856,9.5786542,3.4059014975649338,9.5786542,9.5786542,9.5786542
Cade Povich,700249,1969,5.004809547993905,3.4262590595099423,3.260707579408024,3.220707360220151,9.5786542,3.17000192736594,5.019410012884331,2.5750623304119804,5.351930092492022,9.5786542
Clayton Kershaw,477132,1755,4.875703703703704,3.426485639690487,3.965945528731527,9.5786542,2.64801241671618,9.5786542,9.5786542,3.836864794598025,9.5786542,4.499658384736143
Davis Martin,663436,2307,4.937009102730818,3.4282554182242992,4.133673322944354,2.5987535065343,2.96282994075119,9.5786542,2.738455129971745,4.119293452323819,3.522288940760677,9.5786542
Mason Montgomery,682254,858,5.064778554778555,3.4302486521739124,3.338407266227802,9.5786542,3.610131090854572,9.5786542,9.5786542,9.5786542,9.5786542,9.5786542
Johan Oviedo,670912,664,4.959322289156627,3.4310747603305787,3.967263462132502,5.345688396694215,2.03639282114455,9.5786542,4.713886275905913,3.376284379853423,9.5786542,9.5786542
Erick Fedde,607200,2368,4.9577449324324325,3.4323200816920645,9.5786542,4.087392090261157,9.5786542,2.973933431759212,4.079415847505111,9.5786542,2.7839349000673925,9.5786542
Corbin Burnes,669203,1008,4.873045634920635,3.441661890682828,9.5786542,3.881831364617275,2.340463852849741,9.5786542,4.9382863438143225,3.556089719673095,3.306208462037747,9.5786542
Joe Ross,605452,862,4.967273781902552,3.442582941176471,3.778658977175728,3.591629525877304,2.8608041133353868,9.5786542,3.038294442352941,3.446440242966752,9.5786542,9.5786542
Kade Strowd,669704,406,4.870073891625616,3.4429538734177205,3.717992178227848,5.084987229300684,9.5786542,3.0391458004467613,9.5786542,3.591210439629991,2.796803949518684,9.5786542
Reed Garrett,657585,978,4.98581799591002,3.4430403253012045,5.819875582616179,3.5660266333979984,9.5786542,2.38250212206106,9.5786542,9.5786542,2.986299817967521,4.432395372886039
Austin Gomber,596295,999,4.997847847847848,3.4450753005780355,4.635929543976138,9.5786542,3.421745731050279,9.5786542,1.9811617162695625,3.1021841940145447,4.003568868641618,1.1789747583815031
Cade Cavalli,676917,786,4.914592875318067,3.448130054794521,3.546795217120348,3.679195085498348,9.5786542,9.5786542,3.25295141364742,3.4314983875164784,2.937898938798056,9.5786542
Camilo Doval,666808,1103,4.960924750679963,3.44880849489796,9.5786542,4.412618142051557,2.971844163226728,9.5786542,9.5786542,9.5786542,3.730276631820075,9.5786542
Yerry De los Santos,660787,590,4.927322033898305,3.452219747663552,3.512677335598981,3.3986357242990657,4.264600839452604,9.5786542,3.256600378992031,9.5786542,9.5786542,9.5786542
MacKenzie Gore,669022,2817,5.0039119630812925,3.459819739039666,2.916830709548892,9.5786542,2.955068603904531,9.5786542,5.655406501657866,3.5791792230196453,5.01454180170154,9.5786542
Justin Verlander,434378,2598,4.979349499615089,3.460749587455938,3.7092667141330486,9.5786542,2.794030436532508,2.826629257339329,4.063192817923186,3.739424326783016,9.5786542,9.5786542
Brady Singer,663903,2850,4.936042105263158,3.462188463654224,4.767043419126857,3.6363947583395264,2.755651908815189,3.468880560260145,9.5786542,9.5786542,3.5099331169385835,9.5786542
Matt Gage,657424,505,4.959267326732673,3.4632994053018207,4.862972843570481,6.210276221198156,2.039636905433583,9.5786542,4.217960075497598,9.5786542,9.5786542,9.5786542
Ian Seymour,693855,971,4.998990731204943,3.468053219144669,3.561499497758592,5.138488391812866,9.5786542,2.803408135964912,3.2485210635266517,9.5786542,3.4538549631087063,9.5786542
Jonathan Cannon,686563,1792,4.9920647321428575,3.468532601286173,4.5331108260961015,4.43499730425841,9.5786542,2.4411430432956416,2.962075631588694,9.5786542,2.877429840684341,9.5786542
Brandon Eisert,685126,1214,4.98685337726524,3.470588655502392,3.707212792688397,6.103498848803827,2.465240897145686,9.5786542,4.149873721625445,9.5786542,9.5786542,9.5786542
Logan Allen,671106,2706,4.958847006651885,3.4724282936170217,3.4420029157297334,3.700417283844213,9.5786542,3.444214977082068,3.906786733888126,9.5786542,2.676688673799392,9.5786542
Brad Lord,695418,2127,4.91223319228961,3.475486698979592,3.626552507888808,3.2341850301520094,3.4985905415233067,9.5786542,3.2176645123788727,9.5786542,9.5786542,9.5786542
Seth Lugo,607625,2378,4.923915054667788,3.4761778555045866,4.392493776918884,3.9129898939768646,3.0329564125617496,3.3752443939557475,3.465638118522192,2.686785290650769,3.534948046723068,5.509125144495413
Matt Bowman,621199,424,5.019268867924528,3.47650206826874,9.5786542,3.981940235232654,9.5786542,3.2482985847193344,9.5786542,9.5786542,2.6904070017780937,3.722810092105263
Yariel Rodriguez,684320,1157,4.882299049265341,3.4771613424657533,4.161992172347881,3.823388690019568,2.523801878640497,9.5786542,9.5786542,9.5786542,9.5786542,4.242655602739727
Kyle Backhus,679775,428,4.9468224299065415,3.4801892292793903,9.5786542,3.0585881347599773,9.5786542,3.4904076731301945,6.2590232830552,9.5786542,9.5786542,9.5786542
Joey Wentz,666214,1815,5.042506887052342,3.483156489795918,3.909051342091836,9.5786542,2.689807428252551,9.5786542,3.502058374635568,3.7428254637786793,3.1850727520408166,9.5786542
Cam Schlittler,693645,1251,4.961606714628297,3.484698826451168,3.861189676396964,4.145246308980214,9.5786542,1.1371060821917809,9.5786542,3.219362520035162,2.7101295030703825,9.5786542
Will Warren,701542,2801,4.968175651553017,3.484737369609856,3.6883371469283848,3.4081307180258142,9.5786542,2.4632452690293656,4.165213847601269,4.563033150326866,9.5786542,9.5786542
José Soriano,667755,2773,4.912430580598629,3.4879760271126687,4.9308198511302015,3.388788097198115,3.850233034980856,9.5786542,9.5786542,3.167197524306608,9.5786542,3.359286552593108
Huascar Brazobán,623211,1011,4.877675568743818,3.493280857142857,4.194143128571429,2.9944123537414966,9.5786542,9.5786542,3.5043158204081637,9.5786542,4.276252426339285,9.5786542
Landon Knack,689017,772,5.0249222797927455,3.4937224015748027,2.8583883006442368,9.5786542,3.6152084070523776,9.5786542,4.470760123333593,3.7733053001211374,9.5786542,9.5786542
Sean Burke,680732,2375,5.001296842105263,3.4945300049627788,3.38672677482855,4.633042099030002,3.1435096422265696,9.5786542,5.544236310333786,3.204288849944245,9.5786542,9.5786542
Quinn Priester,682990,2468,4.846523500810373,3.495365599576272,9.5786542,3.963241983050848,2.726550071383465,9.5786542,4.90615944365552,3.563851175427462,3.4292640576573845,9.5786542
Kaleb Ort,672391,786,4.963104325699746,3.495478695652174,3.333537685469912,9.5786542,9.5786542,3.4411199233158145,5.675922084280938,9.5786542,2.9357759068322986,9.5786542
Ryan Walker,676254,1017,4.912881022615536,3.4970749239130434,9.5786542,3.5304713609465934,3.441559904236854,9.5786542,9.5786542,9.5786542,9.5786542,9.5786542
Jason Adam,592094,1083,4.908153277931671,3.497943669653457,3.595155084276626,9.5786542,2.7628481400256435,5.455365004709577,3.714665243801653,9.5786542,9.5786542,9.5786542
Brayan Bello,678394,2697,4.883222098628105,3.4989731460000004,4.223843249823529,3.7359742389862154,2.7916461251729325,2.794411878394737,4.311964652487806,9.5786542,2.338789280170213,9.5786542
Tyler Glasnow,607192,1480,4.957013513513513,3.500400852398524,3.120397225148587,3.775365492710665,3.1748266671180474,9.5786542,9.5786542,4.184723210332104,9.5786542,9.5786542
Tanner Gordon,685299,1231,4.93982940698619,3.502701434721034,4.253066644684204,9.5786542,2.8952214690265485,9.5786542,2.3465657936000546,9.5786542,9.5786542,9.5786542
Taylor Rogers,573124,892,4.966076233183856,3.504329095711884,9.5786542,4.403338164473684,9.5786542,2.640885220879121,9.5786542,9.5786542,9.5786542,9.5786542
Michael Lorenzen,547179,2318,4.920081967213115,3.505276969411765,3.671019552969023,3.599160400887904,2.232294613574661,3.2769290050479403,4.218356993750916,4.192687624989859,2.617086906172956,9.5786542
Jacob Lopez,682052,1665,4.993471471471472,3.514045435251798,5.003403903434255,3.0233748199072314,1.572423931428531,9.5786542,3.962855692567022,9.5786542,3.559417967625899,9.5786542
Carson Fulmer,608334,461,4.8785683297180045,3.515040715909091,3.4740331363636368,3.951592951968135,3.8792294356060606,9.5786542,3.1285266729701595,2.9575379130094044,9.5786542,9.5786542
Chris Murphy,669684,563,4.92088809946714,3.523171034567564,4.108672343723584,3.99238281,3.645226799089069,3.5627182716346155,4.456278578912468,2.6153195705671446,9.5786542,9.5786542
Grant Holmes,656550,1960,4.933260204081633,3.5253581380834067,3.891778740500576,9.5786542,3.019804218163697,9.5786542,4.184066245746692,4.2969105566939305,3.081528852114958,9.5786542
Connor Gillispie,687362,466,4.988068669527897,3.525652665100234,4.045685071699159,9.5786542,3.088540765822785,3.4703415354088265,3.7128921016126246,9.5786542,2.956983861733203,9.5786542
Cole Winn,668390,613,4.808433931484503,3.52604363291354,3.3813531715813947,4.565290949581396,2.3986407714957982,9.5786542,9.5786542,9.5786542,2.342608521559322,5.721112154880001
Tommy Kahnle,592454,1031,4.906129970902036,3.5268225176666204,5.478459960591132,9.5786542,9.5786542,9.5786542,3.2074236133505325,9.5786542,9.5786542,9.5786542
Juan Morillo,666661,617,4.994084278768233,3.5286441553398054,4.1229961518154,2.297301720422716,3.075663209484689,9.5786542,3.827161656997395,9.5786542,9.5786542,9.5786542
Adam Mazur,800049,489,4.901002044989776,3.5290356000000003,3.113038497413793,3.954103518987342,2.7260799942857146,4.16730201,5.409716356097561,3.749510835849056,9.5786542,9.5786542
Andrés Muñoz,662253,1015,4.887083743842365,3.5331281711229945,3.034980161544993,4.251867431149732,3.6363835861649214,9.5786542,5.329180030384055,9.5786542,9.5786542,9.5786542
Eduardo Rodriguez,593958,2585,4.935029013539651,3.5453560043196544,3.832336265227147,4.374480024829161,3.048111843506063,9.5786542,3.065564003519416,2.9538125377969764,3.133978232523837,9.5786542
Shawn Dubin,681869,547,4.896124314442414,3.552693950983764,4.15350144155222,4.267812274001559,9.5786542,2.5591914288635382,2.8681327793316838,3.096997380445545,3.914050321782178,9.5786542
Mitch Keller,656605,2865,4.882680628272252,3.5605048122012293,4.0270509198811775,4.422583884799288,2.587282900251436,2.149236529568603,3.625392766111017,4.79379864531461,9.5786542,9.5786542
Chris Bassitt,605135,2829,4.895616825733475,3.560542996086105,4.5871072710630285,3.485920594848756,3.393593107632093,1.5551042515097306,3.0520072050146765,3.5956834194716243,3.5595569998771786,5.010063511561643
Jack Leiter,683004,2584,4.935201238390094,3.56198396043956,3.229874277810263,3.367270355779161,2.997109848122028,9.5786542,4.6950576673025095,4.589198523653396,9.5786542,9.5786542
Anthony Veneziano,685107,480,5.0513125,3.5689017600000006,3.686102595918368,3.7663796571428576,3.1987417600000008,3.175066833027524,5.526850909090909,9.5786542,9.5786542,9.5786542
Fernando Cruz,518585,792,4.904835858585859,3.570338625,3.5099052352941174,4.846242305309735,4.145153170212766,9.5786542,9.5786542,9.5786542,9.5786542,3.2322444895615865
Jose Fermin,820862,628,5.032420382165604,3.5724714336621117,3.292778379171479,9.5786542,3.84687061330434,9.5786542,9.5786542,9.5786542,9.5786542,9.5786542
Spencer Arrighetti,681293,618,4.969077669902913,3.5763423113207544,3.425592550600343,2.9165126155215377,9.5786542,5.131977568059299,4.073908069616135,3.443836835346817,2.689197103334796,9.5786542
Gavin Williams,668909,2912,4.940978708791209,3.5814289251100546,3.604141777009178,3.052142524954982,9.5786542,3.505174163178822,9.5786542,4.134009661843183,3.002700115283907,9.5786542
Reese Olson,681857,1157,4.893699222126188,3.5984830906344665,2.9982000643486115,3.607592121060492,3.529654714089137,9.5786542,3.402662077572816,6.810056540221914,9.5786542,9.5786542
Victor Vodnik,680767,916,4.99061135371179,3.5992712368421054,3.6605719778393353,9.5786542,2.221928064674398,9.5786542,4.290082685526316,9.5786542,2.827814936842106,9.5786542
Jose Quintana,500779,2167,4.872187355791416,3.602074484265128,3.6469419014651656,3.94306822802288,9.5786542,9.5786542,3.6411709918670887,2.855423191497493,9.5786542,9.5786542
José Buttó,676130,1090,4.845908256880734,3.610957164179105,3.401732496367719,3.782131389519792,3.397847685202038,3.2145583701492537,4.458889625045504,9.5786542,9.5786542,9.5786542
Jackson Jobe,695549,873,4.970927835051547,3.616404802019777,3.055243587127159,5.690151244365572,2.633577306122449,9.5786542,4.388236991036956,4.433504225639551,2.8032756388642417,9.5786542
Ryan Zeferjahn,666171,1021,4.964446620959843,3.6238938916439,4.701927242690059,9.5786542,2.877675147190009,2.926287962274568,9.5786542,9.5786542,3.548309309716599,9.5786542
Danny Coulombe,543056,718,4.886364902506964,3.624001325581396,4.584219146155152,4.3800101521594685,9.5786542,4.237912539177104,9.5786542,3.7112847508305657,2.523889302004812,9.5786542
Martín Pérez,527048,900,4.854711111111111,3.6286907142857134,4.191210876623376,4.065659274193549,9.5786542,9.5786542,3.0403366689560443,3.9727722857142864,3.576076249294184,9.5786542
Taijuan Walker,592836,2060,4.886936893203884,3.633551708894878,3.4545789964752225,4.358711253272314,3.4901013651361645,9.5786542,9.5786542,3.741392139513203,3.2067587624516585,3.669231949452165
Ryan Pressly,519151,660,4.843878787878788,3.6355898467741934,3.3636122947214075,6.435779962779156,2.8200365564516123,9.5786542,5.879438670444638,2.890551765287948,9.5786542,9.5786542
Javier Assad,665871,556,4.770161870503597,3.638721060664981,4.13271573445946,3.536437755675676,9.5786542,4.115033506563706,3.362315351351352,4.035224337837838,3.163612941255305,9.5786542
Luis Gil,661563,970,4.967175257731959,3.641490789473684,3.102140166148569,9.5786542,3.672581734736842,9.5786542,4.763972971730636,9.5786542,9.5786542,9.5786542
Félix Bautista,642585,625,4.947264,3.652320539492308,9.5786542,3.3405143376536475,4.025532091511937,9.5786542,9.5786542,9.5786542,9.5786542,4.2072620830468415
Nic Enright,663671,531,4.888210922787194,3.654941804264625,3.564382692863017,9.5786542,3.360144084151473,9.5786542,9.5786542,5.471178096774194,9.5786542,9.5786542
Michael Kelly,547184,631,4.856576862123613,3.66172749116382,5.297370201680672,6.125434729411765,2.685890405931785,2.7203433389355745,9.5786542,9.5786542,9.5786542,9.5786542
Dan Altavilla,656186,456,4.808486842105263,3.663884172413793,4.465159075862069,3.9810723183023873,2.5109366896551726,9.5786542,3.64647475862069,9.5786542,9.5786542,9.5786542
Seth Halvorsen,678020,631,4.818129952456418,3.66765637243804,4.090162645953118,9.5786542,3.2330433115966386,9.5786542,9.5786542,9.5786542,9.5786542,3.117836171602788
Brennan Bernardino,657514,832,4.814435096153846,3.670278793548387,9.5786542,3.257545313631633,3.8558454284629984,9.5786542,3.663170477419355,4.289361992399471,3.79054707773254,9.5786542
Porter Hodge,687863,621,5.015636070853462,3.670302503293808,4.855523576143601,9.5786542,1.5855779220779218,2.6527134980079685,9.5786542,9.5786542,9.5786542,9.5786542
Tylor Megill,656731,1234,4.944870340356564,3.671335536585366,3.124676557464538,3.920703877081233,3.802412030155211,9.5786542,5.167062086818307,4.287956809067433,9.5786542,9.5786542
Erik Miller,669062,482,4.835228215767635,3.6739431,5.281339727272728,1.995231153488372,3.3037464728971964,9.5786542,3.0187803822580643,9.5786542,9.5786542,9.5786542
Ryan Fernandez,681676,524,4.936164122137405,3.675470241758242,3.948088993006993,9.5786542,3.097914110246029,9.5786542,4.012335042386185,9.5786542,5.689781866349867,9.5786542
Andre Pallante,669467,2716,4.859642857142857,3.675923414725126,3.129137204870058,5.228644608816583,3.320332815452611,9.5786542,9.5786542,4.647244785207177,9.5786542,9.5786542
Griffin Canning,656288,1334,4.936581709145427,3.681054790798924,4.780459914983919,9.5786542,2.9018166763178046,9.5786542,2.988444417697525,3.118395558801386,5.331389909067559,9.5786542
Bryse Wilson,669060,853,4.981066822977726,3.6853661408450704,4.709299926263463,3.291661755194533,9.5786542,9.5786542,3.50863661028169,3.4015469063331034,3.636400271830986,9.5786542
Gregory Soto,642397,1025,4.877960975609757,3.687980188346584,3.588882669198895,3.449055355524861,3.9799118957125232,4.291644614917127,9.5786542,9.5786542,9.5786542,9.5786542
Jalen Beeks,656222,916,4.804628820960699,3.700482331395349,3.1744202010174414,9.5786542,9.5786542,9.5786542,4.329418706572296,9.5786542,4.090886431893686,9.5786542
Ryan Borucki,621366,588,4.867227891156462,3.704636686880466,9.5786542,3.396611452747253,4.031047017040359,4.161363221938776,9.5786542,9.5786542,9.5786542,2.9222558721649485
Nestor Cortes,641482,597,4.895527638190955,3.7108733767868474,2.9848692617937638,9.5786542,9.5786542,3.0332004924757285,5.661865259094632,9.5786542,3.9866436116504858,9.5786542
Brendon Little,663893,1232,4.933936688311688,3.7112749680076025,9.5786542,3.62023915493201,9.5786542,9.5786542,9.5786542,3.6192733833119375,4.782162985164698,9.5786542
Marcus Stroman,573186,704,4.965340909090909,3.726974076923077,6.2130112,4.309619759353486,2.7681670411449018,9.5786542,9.5786542,2.414887129973475,3.392034461538461,4.888017132307692
Alek Jacob,689690,586,4.896808873720137,3.72864492,4.065348700887096,3.897740392941175,9.5786542,2.4823556071875,3.632808217142857,9.5786542,9.5786542,9.5786542
Tyler Gilbert,656457,838,4.843830548926015,3.736877848799663,4.006275360144057,3.631239304328524,9.5786542,3.518699870960241,9.5786542,9.5786542,3.6722821199095024,4.750047852941177
Walker Buehler,621111,2188,4.90304844606947,3.740264928571428,4.224803162970603,4.829118123703113,2.640171900818926,2.522035317857142,4.977120397350993,3.956606177304964,2.7492863778552072,9.5786542
Brant Hurter,676428,1052,4.838479087452472,3.7514107142857145,4.766726763636363,3.696836162231982,9.5786542,3.385317440619621,4.607484923469388,9.5786542,9.5786542,9.5786542
Kirby Yates,489446,762,4.9465091863517054,3.7559922096774185,3.3025542423387098,9.5786542,9.5786542,9.5786542,9.5786542,9.5786542,9.5786542,4.375596885543978
Matt Sauer,669422,507,4.882406311637081,3.758571065221727,3.681750857142857,3.89315077752809,4.4674770337078655,9.5786542,9.5786542,9.5786542,2.9765453345281583,4.973938680996581
José Ureña,570632,934,4.843779443254818,3.7590642,4.099290387643424,3.360487080351906,3.071355623181818,9.5786542,4.192543334703558,9.5786542,9.5786542,4.0701457583577705
Jordan Hicks,663855,1198,4.900308848080133,3.7878852029702967,5.443070144296169,3.1611401510930754,5.459546788010309,3.647743160779745,9.5786542,9.5786542,9.5786542,5.661232771039604
Bowden Francis,670102,1141,4.898895705521473,3.790821093749999,3.310904283010563,9.5686542,4.6089357890625005,9.5786542,9.5786542,4.668334533105469,9.5786542,3.777979139648437
Simeon Woods Richardson,680573,1877,4.83548748002131,3.7924017305389217,4.029351936589978,9.5786542,3.3311041315075727,9.5786542,4.172029184842814,3.6023188111206164,9.5786542,4.05373578532774
AJ Smith-Shawver,700363,711,4.757946554149086,3.79279292481203,3.3672679624741604,9.5786542,4.595410576691728,9.5786542,9.5786542,4.138112216165413,9.5786542,4.121205112875163
Shane Smith,681343,2418,4.849346567411083,3.793998977220957,3.335662176315126,3.8676324489856335,3.489924649278383,9.5786542,3.926409649741351,5.259894512509114,9.5786542,9.5786542
Thomas Hatch,641672,585,4.862905982905983,3.807958235294117,4.549783638107417,3.4860904022491344,3.892023639705882,5.653389611344537,4.28263549257567,9.5786542,2.8524652365728898,9.5786542
Cristian Javier,664299,617,4.800178282009725,3.8100485675675673,4.2381953930501925,5.423373189647275,9.5786542,2.7080569261700727,3.125877112534949,4.010409861212564,9.5786542,9.5786542
Frankie Montas,593423,708,4.923474576271187,3.8141987586206896,4.1049272237369685,4.388543023607427,3.517954703853956,2.3038075862068967,9.5786542,9.5786542,3.359417275862069,4.139844304676429
Easton Lucas,687922,438,4.916073059360731,3.819910808219178,3.22766347706422,9.5786542,4.309770983606558,3.5444628000000007,4.4157695869565226,9.5786542,5.508977062500001,9.5786542
Osvaldo Bido,674370,1380,4.858586956521739,3.820483393305439,4.468374582920164,4.199650528317751,2.6576876859176,9.5786542,4.723009640508924,9.5786542,3.072996358942401,9.5786542
Cal Quantrill,615698,1998,4.846411411411412,3.8249637501339855,4.77128518530245,3.52475997633628,3.1708541278392994,9.5786542,9.5786542,4.09497582397849,2.672645652320015,4.443136430372318
Joey Lucchesi,664192,630,4.799666666666667,3.828089005714285,4.371053032173913,2.9177911953930318,9.5786542,9.5786542,9.5786542,4.9473490919254655,9.5786542,9.5786542
Mike Vasil,678024,1645,4.803890577507599,3.83080696039604,5.069678478847885,3.6391233053031335,9.5786542,3.856891282628262,2.931291055693069,4.210467480368727,3.1163922376237623,9.5786542
Mason Barnett,686930,431,4.998051044083526,3.835315343283582,3.493317901946788,9.5786542,9.5786542,3.745467753406879,3.57294979477612,5.350230326521241,9.5786542,9.5786542
Mark Leiter Jr.,643410,808,4.871646039603961,3.8364912544639806,9.5786542,3.7785085353823087,9.5786542,9.5786542,9.5786542,3.840539713286484,0.9004421261083745,4.149378035677437
Beau Brieske,689225,405,4.937654320987654,3.838777772727273,3.419575168435625,4.847224365671642,5.551755266075388,9.5786542,3.286626913636363,9.5786542,9.5786542,9.5786542
Blake Treinen,595014,511,4.974050880626224,3.8393078625,6.899150268442623,2.9190072360197368,9.5786542,3.54646517909751,9.5786542,9.5786542,4.257034093421053,9.5786542
Luis L. Ortiz,682847,1501,4.848494337108594,3.849648327067668,4.31551745335277,3.0077031567528034,3.473420909658465,9.5786542,4.685072313411078,9.5786542,3.980697855965463,9.5786542
Aaron Civale,650644,1733,4.864212348528564,3.855985659770544,4.654955295745603,4.842901241941983,2.532960598495212,9.5786542,9.5786542,2.715941493384588,3.926478813901993,3.835919571927782
JT Brubaker,664141,450,4.782,3.865389911860465,9.5786542,4.491567469713359,3.5371408095045496,9.5786542,3.0515682688953483,3.067798872819767,9.5786542,9.5786542
Spencer Strider,675911,2110,4.807763033175356,3.86558885106383,3.3455726969708897,9.5786542,4.0229447856254295,9.5786542,6.095386998793597,5.082473036866229,9.5786542,9.5786542
David Morgan,688158,765,4.750575163398693,3.87556786130903,3.924878838654704,3.460508179513444,3.836935459557344,9.5786542,9.5786542,4.2109700909591625,9.5786542,9.5786542
Mick Abel,690953,706,4.908257790368272,3.891674682937458,3.760220212713331,3.0475212732095494,3.4631085820203897,9.5786542,5.849367032967033,4.0556256410256415,9.5786542,9.5786542
Chad Patrick,694477,1996,4.801497995991984,3.902611575309393,4.271188069467341,3.914515963999859,3.815451886737353,9.5786542,5.173706016065297,9.5786542,3.5145097689838924,9.5786542
Emerson Hancock,676106,1423,4.753598032326072,3.9113652,4.494629183197832,3.251917171480144,4.384315607878788,3.5016407818181823,4.220990131615121,9.5786542,9.5786542,9.5786542
Tony Gonsolin,664062,609,4.814055829228243,3.919623,3.69463335,9.5786542,4.850703642857142,9.5786542,9.5786542,4.040413456310679,9.5786542,3.621679099693252
Bradley Blalock,687134,1033,4.884743465634076,3.9416374943181816,4.168955721732956,9.5786542,3.063592359848485,9.5786542,9.5786542,4.545896992566644,3.6464344448694863,3.830679260893168
Kyle Nicolas,693312,649,4.841479198767334,3.9420852029438,3.841471190650342,9.5786542,3.5936945648820324,9.5786542,9.5786542,4.594329710526316,9.5786542,9.5786542
Juan Mejia,675848,1047,4.848204393505253,3.9508151724648064,4.177919844109544,9.5786542,3.4551885638297866,9.5786542,9.5786542,9.5786542,9.5786542,9.5786542
Clayton Beeter,690925,465,4.8741290322580655,3.978030434210526,4.107282426347243,9.5786542,3.826431135022135,9.5786542,9.5786542,9.5786542,9.5786542,9.5786542
John Brebbia,605154,454,4.958612334801762,4.00539136972939,4.537893764158164,9.5786542,3.21212131959799,9.5786542,5.249914067281106,9.5786542,9.5786542,9.5786542
Antonio Senzatela,622608,2283,4.840372317126588,4.007902361538462,3.978571578738614,4.10804963704257,3.511538568602826,9.5786542,4.581554981299735,4.54701351402439,2.465210996703296,9.5786542
Angel Chivilli,683409,1022,4.846389432485323,4.020248454545455,3.975912499151968,9.5786542,3.771348462607924,9.5786542,4.194972148760331,9.5786542,9.5786542,9.5786542
PJ Poulin,676571,419,4.798830548926015,4.034146986486486,4.523180177511751,1.571784649662162,9.5786542,3.4041277148782445,4.80163988815411,9.5786542,9.5786542,9.5786542
Kumar Rocker,677958,1127,4.81793256433008,4.039122217616581,4.151188668439635,4.456346958320892,3.570511572813848,9.5786542,3.878275103626944,5.314032005829015,3.53135276006377,9.5786542
Carson Seymour,693313,621,4.782624798711755,4.0430095,4.745994766423357,3.169950200381679,4.602569044354838,9.5786542,9.5786542,5.558497687499999,4.179938479838709,9.5786542
Ian Hamilton,641656,640,4.70228125,4.05233055,3.6859856,3.961136470588236,4.301824131147541,9.5786542,9.5786542,9.5786542,9.5786542,9.5786542
Charlie Morton,450203,2542,4.82912667191188,4.062785957746479,5.364688918672032,4.12771431272007,9.5786542,9.5786542,3.431799342203418,3.461791588966175,3.232853890952703,9.5786542
Jorge Alcala,660896,1058,4.906502835538753,4.070176527272727,4.033440829629629,4.024338611824539,3.69341489534368,9.5786542,5.47743528,4.307123888682746,9.5786542,9.5786542
Grant Wolfram,664991,519,4.927071290944123,4.074374523121387,4.202052037974684,4.346210090047393,3.589775386363636,6.40695342857143,9.5786542,3.3840995328947368,9.5786542,9.5786542
Elvis Alvarado,665660,759,4.8133860342556,4.098941645669291,4.0159518724409455,2.7509472407480304,4.58775391863517,9.5786542,4.83020062052324,9.5786542,9.5786542,9.5786542
Germán Márquez,608566,2082,4.74920749279539,4.104648142480211,4.516784887739767,4.165401338242302,3.4048972190907607,9.5786542,5.289985760287431,3.781838991001756,9.5786542,9.5786542
Yoendrys Gómez,672782,1098,4.813542805100183,4.131293122340425,3.9405586431387327,4.293707924879566,3.496671653561517,3.400759063712883,4.290691561550152,4.959629299519561,4.68248688,9.5786542
Zach Agnos,688642,523,4.745411089866157,4.132517570033766,4.370205408510639,9.5786542,9.5786542,4.642541025455928,9.5786542,9.5786542,3.510134498972437,4.408960489361703
Yohan Ramírez,670990,575,4.859965217391304,4.137277487791304,3.8567868405882346,4.604589549473683,9.5786542,3.894009915405405,9.5786542,4.945304824615385,9.5786542,9.5786542
Ryan Feltner,663372,522,4.747241379310345,4.13893889010989,5.151673105746713,4.233529501177395,2.2089909956043954,2.473944697458791,5.010497666208791,4.319480121878122,9.5786542,9.5786542
Joe Boyle,671212,933,4.821071811361199,4.142910857036853,4.667512505348955,9.5786542,3.07818493902439,9.5786542,9.5786542,9.5786542,9.5786542,4.877026346659919
Tyler Ferguson,621053,990,4.746323232323232,4.158020637931035,4.336985038012489,4.944281896551725,9.5786542,3.8568814793864896,5.393049146341463,9.5786542,2.8620925764476253,9.5786542
Paxton Schultz,687606,446,4.80645739910314,4.166135223366864,3.9021480711931447,9.5786542,3.7252286977886975,9.5786542,4.55383962721342,9.5786542,4.465851816467629,9.5786542
Seranthony Domínguez,622554,1097,4.770948040109389,4.16704718921042,3.50886215622085,3.869335980472166,9.5786542,4.518956926703932,9.5786542,5.069958590425532,9.5786542,5.413907373626374
Jaden Hill,677955,477,4.742222222222222,4.167860545240138,4.792134492943549,3.237306511909091,4.0730950596590905,9.5786542,4.577393521022728,9.5786542,9.5786542,9.5786542
Scott Barlow,605130,1274,4.83403453689168,4.182244814634147,4.333834571375978,4.775962021463415,3.951190816994493,3.5599469474892405,9.5786542,4.773228494620143,9.5786542,9.5786542
Lou Trivino,642152,831,4.772322503008424,4.202073538259574,5.175769294024158,4.299330301150462,9.5786542,3.782732135664335,3.59541413046953,9.5786542,4.249377764235764,9.5786542
Daysbel Hernández,678226,713,4.855764375876578,4.205925486486486,5.252987241091408,9.5786542,3.381922000406421,9.5786542,9.5786542,9.5786542,9.5786542,9.5786542
Sean Reynolds,669308,493,4.817728194726166,4.208754333333333,4.799450377777776,9.5786542,3.5050088218029347,3.813686888888888,3.545057357142857,9.5786542,9.5786542,9.5786542
Kevin Ginkel,656464,491,4.8664765784114055,4.22068838961039,4.437963946173661,3.7635288691558446,4.056600811284409,9.5786542,9.5786542,9.5786542,9.5786542,9.5786542
Sam Long,669674,786,4.872709923664122,4.248840049586776,4.546232800853106,2.7861931245643725,3.3242036422495462,9.5786542,9.5786542,5.267990901845352,9.5786542,5.3335189022982
Tayler Scott,605463,511,4.884011741682975,4.250271532814663,4.713637671493902,9.5786542,5.080619739512196,9.5786542,9.5786542,9.5786542,9.5786542,2.949261518804092
George Soriano,666277,676,4.82457100591716,4.254970489107048,4.805531634965035,4.591928267716536,3.575068363636364,9.5786542,4.379372154802744,9.5786542,9.5786542,9.5786542
Caden Dana,702674,562,4.717633451957295,4.256186195876289,4.851898402510085,9.5786542,3.153879819487861,9.5786542,4.116181073110754,5.042916383505154,9.5786542,9.5786542
Lance McCullers Jr.,621121,1146,4.96891797556719,4.267833560240964,7.222849273401296,5.993669379774417,2.13843304130809,6.195389909638553,4.055929897217736,4.484700107853876,4.383844724309001,9.5786542
Chase Dollander,801403,1765,4.833331444759207,4.271037784783488,4.037361326248146,3.9351903795918366,9.5786542,9.5786542,5.214645242236025,4.924400298906899,3.7056424618585297,9.5786542
Josh Simpson,681006,611,4.864075286415711,4.2906747717391305,6.4689404246785065,4.365982852173913,4.988626889541716,3.377580285326087,4.419226208955225,3.898827275262369,9.5786542,9.5786542
Anthony Molina,683627,592,4.81160472972973,4.300774076565748,4.440679536713286,9.5786542,4.031838815671032,9.5786542,4.690882632321807,3.661710601379599,9.5786542,9.5786542
Mitch Farris,815083,405,4.658074074074074,4.311198739726027,5.221764313712193,9.5786542,2.326245832732516,9.5786542,4.354127260273972,9.5786542,9.5786542,9.5786542
Andrew Chafin,605177,610,4.763950819672131,4.3298278325921125,3.8851228183283446,5.330650383866256,3.5414997495926803,9.5786542,9.5786542,9.5786542,9.5786542,9.5786542
Jackson Rutledge,671131,1338,4.769170403587443,4.337347622727274,4.5790560916110925,3.24475163900362,4.896176770671937,9.5786542,9.5786542,9.5786542,3.947425058061276,6.573188255844156
Tim Herrin,682120,750,4.711706666666666,4.35151321875,4.508721724759615,4.624528459821428,3.4120588852611946,9.5786542,9.5786542,4.557721020921612,9.5786542,9.5786542
Orlando Ribalta,687377,500,4.886519999999999,4.3856906301369865,3.5658773047019627,5.515160627485639,3.5097771338250787,9.5786542,5.805753816046967,9.5786542,9.5786542,9.5786542
Jack Kochanowicz,686799,1859,4.668289402904787,4.394605054054054,5.317202924924925,4.224623445744252,3.801933570870872,5.369499197348292,3.93830102889096,9.5786542,9.5786542,9.5786542
Cole Henry,669371,951,4.73098843322818,4.435149515473386,4.201908912082854,5.755372974683545,9.5786542,9.5786542,5.777786620253164,4.349964989982396,3.962808524050633,9.5786542
Carson Whisenhunt,687931,404,4.6897772277227725,4.442875113437058,9.5786542,5.60804706989011,4.264448210526316,9.5786542,3.014992231578948,9.5786542,9.5786542,9.5786542
Héctor Neris,593576,530,4.870792452830188,4.466510298679245,4.597518107812499,4.174515174375,9.5786542,9.5786542,4.268032762499998,9.5786542,9.5786542,4.415633940441176
Colin Holderman,670059,471,4.806433121019108,4.471968292828191,5.830554623376623,3.959899318778519,9.5786542,5.730431710575139,9.5786542,9.5786542,3.512318400772781,9.5786542
Konnor Pilkington,663455,498,4.683473895582329,4.483612792345854,3.882612921236292,9.5786542,4.076675665634675,9.5786542,6.483186764705883,9.5786542,9.5786542,9.5786542
Hayden Birdsong,806185,1194,4.717537688442211,4.489492568527918,4.194171904603204,9.5786542,4.483092262466408,9.5786542,4.121065354193499,5.937282278680202,9.5786542,9.5786542
Lyon Richardson,680689,672,4.684241071428572,4.544530874288876,5.77126335282801,4.2699715551742825,9.5786542,9.5786542,3.882616359817175,5.54802636596324,9.5786542,9.5786542
Eduardo Salazar,674285,536,4.752425373134328,4.547865889732372,5.870092392398691,4.500057599176076,3.563239547538369,9.5786542,9.5786542,9.5786542,9.5786542,9.5786542
Cionel Pérez,672335,424,4.8212735849056605,4.602882802140783,5.051397712499999,6.035919931221718,3.5458631406593404,9.5786542,9.5786542,2.477649535714286,9.5786542,9.5786542
Roki Sasaki,808963,605,4.59806611570248,4.6158586093411165,4.420949282805563,9.5786542,5.138098009807023,9.5786542,9.5786542,9.5786542,9.5786542,4.687911798694425
Carson Palmquist,687223,704,4.853309659090909,4.618952268452117,4.5300425242718445,9.5786542,0.615232281553398,5.208720909634055,6.784672770873785,9.5786542,4.298045878199471,9.5786542
Zach Brzykcy,694350,459,4.782854030501089,4.638863739130435,4.534335151730257,9.5786542,9.5786542,9.5786542,4.623360260869566,4.881639263198757,9.5786542,9.5786542
Travis Adams,701519,662,4.765332326283988,4.6825648217821785,4.7693431521706025,3.8220657687985016,5.26788281530559,9.5786542,5.201133114797967,5.009281900990099,3.883592860249959,9.5786542
Kai-Wei Teng,678906,572,4.739965034965035,4.754515853932584,5.495628496597562,6.7811111441683805,9.5786542,3.2520585247851947,5.424696911826319,5.303580745839852,9.5786542,9.5786542
Luis Mey,682825,408,4.589411764705883,5.389071050420168,9.5786542,5.331149010338346,5.55838162912088,9.5786542,9.5786542,9.5786542,9.5786542,9.5786542
Luis Peralta,678821,426,4.803708920187794,5.4785788465530025,5.37804852631579,9.5786542,9.5786542,9.5786542,9.5786542,5.740980021409456,9.5786542,9.5786542
McCade Brown,685326,502,4.542549800796812,5.518045051948052,9.5786542,5.442663623783881,4.217898095595127,9.5786542,5.886673196660483,7.045013236363637,9.5786542,9.5786542
