player_name,category
Aaron Judge,MINE
Vladimir Guerrero Jr.,MINE
Corbin Carroll,MINE
Max Fried,MINE
Elly De La Cruz,MINE
Freddy Peralta,MINE
Jhoan Duran,MINE
Pete Alonso,MINE
Wyatt Langford,MINE
Luis Arraez,MINE
Bo Bichette,MINE
Tyler Glasnow,MINE
Michael Harris II,MINE
Ryan Helsley,MINE
Carlos Rodon,MINE
Hunter Greene,MINE
Jose Soriano,MINE
Parker Messick,MINE
Tanner Scott,MINE
Will Warren,MINE
Jordan Walker,MINE
Max Muncy,MINE
Roki Sasaki,MINE
Jacob Latz,MINE
Hunter Goodman,MINE
Reid Detmers,MINE
Dustin May,MINE
Dominic Canzone,MINE
Bryce Eldridge,MINE
Trea Turner,FA-H
Austin Riley,FA-H
Kyle Bradish,FA-SP
Salvador Perez,FA-H
Brent Rooker,FA-H
Spencer Strider,FA-SP
Tanner Bibee,FA-SP
Jeremy Pena,FA-H
Eury Perez,FA-SP
Michael Soroka,FA-SP
Michael Wacha,FA-SP
Willy Adames,FA-H
Luis Castillo,FA-SP
Robbie Ray,FA-SP
Vinnie Pasquantino,FA-H
Eugenio Suarez,FA-H
Abner Uribe,FA-RP
Colson Montgomery,FA-H
TJ Rumfield,FA-H
Andrew Abbott,FA-SP
Zack Gelof,FA-H
Michael Busch,FA-H
Marcus Semien,FA-H
Brendan Donovan,FA-H
Pete Fairbanks,FA-RP
Jeff Hoffman,FA-RP
Gabriel Moreno,FA-H
Kenley Jansen,FA-RP
Bryson Stott,FA-H
Jo Adell,FA-H
Aaron Nola,FA-SP
Chandler Simpson,FA-H
Daniel Palencia,FA-RP
Jose Caballero,FA-H
Ryan Weathers,FA-SP
Samuel Basallo,FA-H
Isaac Paredes,FA-H
Bryan Abreu,FA-RP
Kris Bubic,FA-SP
Jakob Marsee,FA-H
Brooks Lee,FA-H
Griffin Jax,FA-RP
Jack Flaherty,FA-SP
Carter Jensen,FA-H
Trevor Rogers,FA-SP
Luis Garcia Jr.,FA-H
Sal Frelick,FA-H
Travis Bazzana,FA-H
J.T. Ginn,FA-SP
Kyle Stowers,FA-H
Ryan Jeffers,FA-H
Landen Roupp,FA-SP
Caleb Durbin,FA-H
Stephen Kolek,FA-SP
Edward Cabrera,FA-SP
Mitch Keller,FA-SP
Trent Grisham,FA-H
Ezequiel Duran,FA-H
Randy Vasquez,FA-SP
Gage Jump,FA-SP
Willi Castro,FA-H
Merrill Kelly,FA-SP
Michael McGreevy,FA-SP
Bubba Chandler,FA-SP
Paul Goldschmidt,FA-H
Troy Melton,FA-RP
Andre Pallante,FA-SP
Seranthony Dominguez,FA-RP
Alec Bohm,FA-H
Walbert Urena,FA-SP
Sam Antonacci,FA-H
Tatsuya Imai,FA-SP
Kody Clemens,FA-H
Aaron Ashby,FA-RP
Joey Cantillo,FA-RP
Bailey Ober,FA-SP
Dalton Rushing,FA-H
Brandon Young,FA-SP
Martin Perez,FA-SP
Clay Holmes,FA-SP
Tyler Rogers,FA-RP
Erik Sabrowski,FA-RP
Jason Adam,FA-RP
Spencer Horwitz,FA-H
Jack Leiter,FA-SP
Gavin Sheets,FA-H
J.T. Realmuto,FA-H
Colt Emerson,FA-H
Keider Montero,FA-SP
Lucas Erceg,FA-RP
Jeffrey Springs,FA-SP
Logan Henderson,FA-SP
Royce Lewis,FA-H
Chase Meidroth,FA-H
Josh Bell,FA-H
Carson Kelly,FA-H
Heliot Ramos,FA-H
Sean Burke,FA-SP
Troy Johnston,FA-H
Grant Holmes,FA-SP
Alex Vesia,FA-RP
Kerry Carpenter,FA-H
Andres Gimenez,FA-H
Lawrence Butler,FA-H
Daulton Varsho,FA-H
Matt McLain,FA-H
Luke Raley,FA-H
Jake Burger,FA-H
Nick Gonzales,FA-H
Adrian Morejon,FA-RP
Slade Cecconi,FA-SP
JoJo Romero,FA-RP
Carlos Correa,FA-H
Francisco Alvarez,FA-H
Ian Seymour,FA-RP
Walker Buehler,FA-SP
Cole Young,FA-H
Dennis Santana,FA-RP
Kevin Kelly,FA-RP
Carlos Cortes,FA-H
Nasim Nunez,FA-H
Jeremiah Jackson,FA-H
Yoendrys Gomez,FA-RP
Curtis Mead,FA-H
Jorge Soler,FA-H
Cam Smith,FA-H
Jeremiah Estrada,FA-RP
Ryne Nelson,FA-SP
Javier Assad,FA-SP
J.P. Crawford,FA-H
Masyn Winn,FA-H
Zebby Matthews,FA-SP
A.J. Ewing,FA-H
Jake McCarthy,FA-H
Andrew Painter,FA-SP
Blaze Alexander,FA-H
Fernando Cruz,FA-RP
Hogan Harris,FA-RP
Brady Singer,FA-SP
Jeff McNeil,FA-H
Colt Keith,FA-H
Adolis Garcia,FA-H
Andrew Vaughn,FA-H
Anthony Kay,FA-SP
Tony Santillan,FA-RP
Ramon Laureano,FA-H
Antonio Senzatela,FA-SP
Dylan Crews,FA-H
Christian Scott,FA-SP
Anthony Volpe,FA-H
Chad Patrick,FA-SP
Alex Lange,FA-RP
Luke Weaver,FA-RP
Kai-Wei Teng,FA-SP
Will Vest,FA-RP
Hunter Gaddis,FA-RP
Marcell Ozuna,FA-H
Trevor Larnach,FA-H
Henry Bolte,FA-H
Chase Dollander,FA-SP
Bryan King,FA-RP
Nolan Schanuel,FA-H
Colin Rea,FA-SP
Colton Cowser,FA-H
Brad Keller,FA-RP
Luis Severino,FA-SP
Elvis Alvarado,FA-RP
Noah Schultz,FA-SP
Jameson Taillon,FA-SP
Ezequiel Tovar,FA-H
David Peterson,FA-SP
Trevor McDonald,FA-SP
Eric Lauer,FA-SP
Steven Matz,FA-RP
Brad Lord,FA-RP
Matthew Liberatore,FA-SP
Javier Sanoja,FA-H
Andrew Benintendi,FA-H
Reynaldo Lopez,FA-SP
Justin Crawford,FA-H
Garrett Mitchell,FA-H
Chris Bassitt,FA-SP
Shane Drohan,FA-SP
Jesus Sanchez,FA-H
Rhett Lowder,FA-SP
Dominic Smith,FA-H
Kyle Leahy,FA-RP
Kumar Rocker,FA-SP
Kyle Manzardo,FA-H
JR Ritchie,FA-SP
Brett Baty,FA-H
Mark Vientos,FA-H
Zack Littell,FA-SP
Brandon Valenzuela,FA-H
Aaron Civale,FA-SP
Matt Shaw,FA-H
Brayan Bello,FA-SP
Tomoyuki Sugano,FA-SP
Daniel Schneemann,FA-H
Andrew Alvarez,FA-SP
Sean Manaea,FA-SP
Jack Perkins,FA-RP
Camilo Doval,FA-RP
Gary Sanchez,FA-H
Didier Fuentes,FA-SP
Carmen Mlodzinski,FA-RP
Jake Mangum,FA-H
Logan O'Hoppe,FA-H
Eduard Bazardo,FA-RP
Owen Caissie,FA-H
Moises Ballesteros,FA-H
Victor Caratini,FA-H
Clayton Beeter,FA-RP
Kyle Finnegan,FA-RP
Lance McCullers Jr.,FA-SP
Robert Gasser,FA-SP
Juan Morillo,FA-RP
Caleb Kilian,FA-RP
Mike Burrows,FA-SP
Evan Carter,FA-H
Matt Brash,FA-RP
Oswald Peraza,FA-H
Tyler Stephenson,FA-H
Marcelo Mayer,FA-H
Nolan Gorman,FA-H
Matt Strahm,FA-RP
Cedric Mullins,FA-H
Jacob Young,FA-H
Tyler Phillips,FA-RP
Nick Fortes,FA-H
Connor Prielipp,FA-SP
Miguel Andujar,FA-H
Nathaniel Lowe,FA-H
Michael Lorenzen,FA-SP
Jorge Mateo,FA-H
Joe Mack,FA-H
Rhys Hoskins,FA-H
Wade Meckler,FA-H
Jose Ferrer,FA-RP
Garrett Cleavinger,FA-RP
Kyle Isbel,FA-H
Mike Yastrzemski,FA-H
David Hamilton,FA-H
Taylor Clarke,FA-RP
Jose Fernandez,FA-H
Orion Kerkering,FA-RP
Tyler Alexander,FA-RP
Tristan Peters,FA-H
Joc Pederson,FA-H
Esteury Ruiz,FA-H
Brandon Sproat,FA-SP
Brandon Pfaadt,FA-SP
Kevin Ginkel,FA-RP
Patrick Corbin,FA-SP
Janson Junk,FA-SP
Joel Kuhnel,FA-RP
Austin Martin,FA-H
Christian Vazquez,FA-H
Leody Taveras,FA-H
Vaughn Grissom,FA-H
Coby Mayo,FA-H
Hyeseong Kim,FA-H
Braydon Fisher,FA-RP
Nathan Lukes,FA-H
Gabe Speier,FA-RP
Ryan McMahon,FA-H
Brooks Raley,FA-RP
Erick Fedde,FA-SP
Will Klein,FA-RP
Donovan Walton,FA-H
Anthony Bender,FA-RP
Nathan Church,FA-H
Justin Sterner,FA-RP
Daniel Lynch IV,FA-RP
Jack Kochanowicz,FA-SP
Dylan Beavers,FA-H
Lane Thomas,FA-H
Graham Ashcraft,FA-RP
Jack Dreyer,FA-RP
Tim Herrin,FA-RP
Keaton Winn,FA-RP
Colin Holderman,FA-RP
Spencer Miles,FA-SP
Gus Varland,FA-RP
Connor Norby,FA-H
Sean Newcomb,FA-RP
Brent Headrick,FA-RP
Miguel Rojas,FA-H
Victor Scott II,FA-H
Isiah Kiner-Falefa,FA-H
Miles Mikolas,FA-SP
Masataka Yoshida,FA-H
Brady House,FA-H
Amed Rosario,FA-H
Tyler Mahle,FA-SP
Huascar Brazoban,FA-RP
Jonah Heim,FA-H
Luisangel Acuna,FA-H
Blake Dunn,FA-H
Jacob Webb,FA-RP
George Soriano,FA-RP
Joey Ortiz,FA-H
Jose Alvarado,FA-RP
Kyle Freeland,FA-SP
Miguel Amaya,FA-H
Michael Massey,FA-H
Tim Hill,FA-RP
Sam Bachman,FA-RP
Kyle Karros,FA-H
Calvin Faucher,FA-RP
Griffin Canning,FA-SP
Tyler Holton,FA-RP
Adrian Houser,FA-SP
Tyler Freeman,FA-H
Drew Anderson,FA-SP
Kyle Higashioka,FA-H
Ryne Stanek,FA-RP
Isaac Collins,FA-H
Michael Petersen,FA-RP
Heriberto Hernandez,FA-H
Yohendrick Pinango,FA-H
Ryan Feltner,FA-SP
Jake Irvin,FA-SP
Yennier Cano,FA-RP
Tobias Myers,FA-RP
Luis Rengifo,FA-H
Bryan Hudson,FA-RP
Taylor Rogers,FA-RP
Enyel De Los Santos,FA-RP
Ty Madden,FA-SP
Shawn Armstrong,FA-RP
Alex Freeland,FA-H
Caleb Thielbar,FA-RP
Jesse Scholtens,FA-SP
Henry Davis,FA-H
Blake Treinen,FA-RP
Anthony Banda,FA-RP
Jonny DeLuca,FA-H
Mason Montgomery,FA-RP
Yohan Ramirez,FA-RP
Tyler Wells,FA-SP
Mason Fluharty,FA-RP
Brice Matthews,FA-H
Ty France,FA-H
Wenceel Perez,FA-H
Richie Palacios,FA-H
Edmundo Sosa,FA-H
Tristan Gray,FA-H
Tyler Kinley,FA-RP
Andrew Morris,FA-SP
Anthony Nunez,FA-RP
Ryan Rolison,FA-RP
Ben Williamson,FA-H
Erik Miller,FA-RP
Edouard Julien,FA-H
Taylor Walls,FA-H
Steven Okert,FA-RP
Richard Lovelady,FA-RP
Yuki Matsui,FA-RP
Luis Torrens,FA-H
AJ Blubaugh,FA-RP
Matt Vierling,FA-H
Scott Barlow,FA-RP
Lake Bachar,FA-RP
Kyle Hurt,FA-RP
Ryan Yarbrough,FA-RP
Ryan Zeferjahn,FA-RP
Gordon Graceffo,FA-RP
Ryan Vilade,FA-H
Jose Siri,FA-H
Ryan Kreidler,FA-H
Mark Leiter Jr.,FA-RP
Bradgley Rodriguez,FA-RP
Edgardo Henriquez,FA-RP
Drew Gilbert,FA-H
Alex Call,FA-H
Eli White,FA-H
Hoby Milner,FA-RP
Brock Burke,FA-RP
Jaden Hill,FA-RP
Ryan Thompson,FA-RP
Isaac Mattson,FA-RP
John King,FA-RP
Nick Loftin,FA-H
John Schreiber,FA-RP
Randal Grichuk,FA-H
Myles Straw,FA-H
Greg Weissert,FA-RP
Jonathan Loaisiga,FA-RP
Dylan Dodd,FA-RP
Brant Hurter,FA-RP
Dane Myers,FA-H
Chase Silseth,FA-RP
Cole Winn,FA-RP
Evan Sisk,FA-RP
Tim Mayza,FA-RP
Juan Mejia,FA-RP
Matt Festa,FA-RP
Grant Anderson,FA-RP
Cooper Criswell,FA-SP
DL Hall,FA-RP
Pierce Johnson,FA-RP
Brent Suter,FA-RP
Wandy Peralta,FA-RP
PJ Poulin,FA-RP
Austin Warren,FA-RP
Jovani Moran,FA-RP
Connor Phillips,FA-RP
Jose Fermin,FA-H
Jimmy Herget,FA-RP
Luis Medina,FA-SP
Cal Quantrill,FA-SP
Paul Blackburn,FA-RP
Alejandro Osuna,FA-H
Jorbit Vivas,FA-H
Mitchell Parker,FA-SP
Tejay Antone,FA-RP
Jalen Beeks,FA-RP
Jake Bird,FA-RP
Casey Legumina,FA-RP
Kody Funderburk,FA-RP
Enmanuel De Jesus,FA-SP
Brandyn Garcia,FA-RP
Jose Suarez,FA-SP
Cole Sulser,FA-RP
Matt Gage,FA-RP
JT Brubaker,FA-RP
Albert Suarez,FA-RP
Jonathan Bowlan,FA-RP
Kyle Hart,FA-RP
Sam Moll,FA-RP
Grant Wolfram,FA-RP
Ryan Watson,FA-RP
Brennan Bernardino,FA-RP
Eric Orze,FA-RP
Ron Marinaccio,FA-RP
Tommy Nance,FA-RP
Orlando Ribalta,FA-RP
Chase Shugart,FA-RP
Justin Bruihl,FA-RP
Paxton Schultz,FA-RP
Mitch Farris,FA-SP
Trevor Richards,FA-RP
Peyton Gray,FA-RP
Andrew Nardi,FA-RP
