team_name,player_name,position,pos_group,batter,career_%ile,career_l150_median,current_l150,form_bucket,sust_bucket,fp_2026,fp_prior,n_material,form_gap,rh3_per_pa,rh3_per_game,rh3_signal,rh3_rank,replacement_delta,slump_bounce_pct,slump_n_comparable,slump_next_rate,slump_delta,n_l21d,l21d_xwoba,l21d_xwobacon,anchor_xwoba,shrunk_gap,anchor_in_ci,cal_hist,process_verdict,process_notes,whiff_pct_25,whiff_pct_26,whiff_pct_l21d,chase_pct_25,chase_pct_26,chase_pct_l21d,ev90_25,ev90_26,ev90_l21d,avg_bat_speed_25,avg_bat_speed_26,slump_source,pitch_mix_shift,pitch_mix_note,peak_type,peak_note,player_id,injury_class,injury_overlap,injury_note,should_modify_verdict,mc_p_bounce_median,mc_p_bounce_current,mc_expected_xwoba_30pa,mc_ci95_low,mc_ci95_high,bayes_posterior_mu,bayes_posterior_sigma,bayes_ci95_low,bayes_ci95_high,bayes_p_above_career,bayes_p_above_avg,bayes_games_to_200fp,hist_n_comps,hist_p_bounce_30pa,hist_p_bounce_60pa,hist_median_next_30pa,hist_p10_next_30pa,hist_p90_next_30pa,peak_p_still_peak_30pa,peak_p_still_peak_60pa,peak_expected_weeks_reversion,peak_trade_window,xwobacon_gap,peak_p_still_peak_30pa_ci_low,peak_p_still_peak_30pa_ci_high,peak_p_still_peak_60pa_ci_low,peak_p_still_peak_60pa_ci_high,cross_verdict,verdict_rationale
Boone's Bad Bullpen,Junior Caminero,3B,3B,691406,0.895,0.3406411326657143,0.393,HIGH,STABLE,1.98,2.42,4,0.0059,0.6611829495408199,2.31,add,7.0,0.1415,92.8,111.0,0.405,0.1036,,,,,,False,{},STABLE,whiff% -0.7pt (improving); chase% -2.5pt (improving); z-contact% +5.6pt (improving); EV90 +1.6mph (power up); hard-hit% +2.1pt (up); bat speed +1.7mph,0.2194,0.187,0.2126,0.3213,0.2794,0.2967,109.5,111.1,111.1,76.8,78.2,UNKNOWN,False,,,,4905921,NONE,NO_OVERLAP,,False,0.4284,0.0,0.3431,0.3347,0.3552,0.3755,0.0274,0.3217,0.4292,0.8803,0.9785,82.4,,,,,,,,,,,,,,,,STABLE_HIGH,"high career form, holding"
Boone's Bad Bullpen,Gunnar Henderson,SS,SS,683002,0.021,0.3523331138998674,0.285,SLUMPING,REGRESS,1.35,1.98,0,-0.0028,0.5376363886629547,1.88,hold,73.0,0.0175,100.0,45.0,0.28,0.1295,21,0.393,0.516,0.271,0.0151,True,{},DECLINING,whiff% +0.2pt (worsening); chase% +6.6pt (worsening); z-contact% +0.8pt (improving); EV90 -0.6mph (power flagging); hard-hit% -7.4pt (down); bat speed -0.4mph,0.2172,0.2292,0.2197,0.2766,0.348,0.3427,106.8,105.0,106.2,73.5,73.0,DISCIPLINE_COLLAPSE,True,Fastball -8pt in L21d (pitchers adjusting),,,42507,NONE,NO_OVERLAP,,False,0.3946,1.0,0.3488,0.3365,0.3581,0.3236,0.0253,0.274,0.3733,0.1607,0.5572,86.4,292,0.7808219178082192,0.8047945205479452,0.3182360416597739,0.24383225717253837,0.4173552649792304,,,,,0.245,,,,,HOLD_NOISE,L21d CI includes anchor — statistically indistinguishable from baseline
Boone's Bad Bullpen,William Contreras,C,C,661388,0.781,0.3346635223070277,0.357,ABOVE_MEDIAN,STABLE,2.0,1.93,2,-0.0025,0.6008399120905279,2.1,add,25.0,0.0744,61.0,464.0,0.3105,0.0287,,,,,,False,{},IMPROVING,whiff% -4.3pt (improving); chase% +2.3pt (worsening); z-contact% +8.9pt (improving); EV90 -0.3mph (power flagging); hard-hit% -0.4pt (down); bat speed +0.6mph,0.2113,0.1463,0.1681,0.2529,0.2723,0.2759,107.4,106.1,107.1,71.2,71.7,UNKNOWN,False,,,,39895,NONE,NO_OVERLAP,,False,0.7001,0.0,0.3383,0.3306,0.3486,0.3466,0.0229,0.3016,0.3915,0.6404,0.8766,90.7,,,,,,,,,,,,,,,,CONSENSUS_HOLD_TYPICAL,baseline performer
Boone's Bad Bullpen,Steven Kwan,LF,OF,680757,0.208,0.3143911736829837,0.296,BELOW_MEDIAN,REGRESS,1.3,1.96,1,0.0026,0.4654299230960842,1.63,hold,178.0,-0.0237,100.0,23.0,0.38,0.1283,21,0.331,0.228,0.297,0.0042,True,{},DECLINING,whiff% +1.9pt (worsening); chase% -7.0pt (improving); z-contact% -5.0pt (worsening); EV90 -4.9mph (power flagging); hard-hit% -10.2pt (down); bat speed -1.0mph,0.0749,0.0694,0.0938,0.227,0.2042,0.157,98.0,94.0,93.1,61.5,60.6,HOLDING,True,Fastball +5pt in L21d; Offspeed -6pt in L21d (pitchers adjusting),,,41996,NONE,NO_OVERLAP,,False,0.6151,1.0,0.3165,0.3092,0.3261,0.3138,0.0227,0.2693,0.3584,0.455,0.3934,90.7,692,0.5621387283236994,0.6069364161849711,0.31430702592592596,0.23552998666666666,0.4109527885507247,,,,,-0.069,,,,,CONSENSUS_HOLD_TYPICAL,"below median, no structural decline confirmed"
Boone's Bad Bullpen,Pete Crow-Armstrong,CF,OF,691718,0.765,0.3106224215070953,0.337,ABOVE_MEDIAN,REGRESS,1.34,2.13,2,0.0127,0.4747304485648572,1.66,hold,157.0,-0.0144,98.7,76.0,0.2673,0.1962,,,,,,False,{},MIXED,whiff% +2.0pt (worsening); chase% +4.3pt (worsening); z-contact% -3.2pt (worsening); EV90 +2.3mph (power up); hard-hit% +3.2pt (up); bat speed +2.3mph,0.2465,0.2306,0.2667,0.4119,0.3917,0.4545,105.2,105.5,107.5,70.2,71.4,UNKNOWN,False,,,,4717833,NONE,NO_OVERLAP,,False,0.397,0.0,0.3092,0.2965,0.3172,0.3259,0.0261,0.2747,0.377,0.7386,0.589,94.3,,,,,,,,,,,,,,,,CONSENSUS_HOLD_TYPICAL,baseline performer
Boone's Bad Bullpen,Freddie Freeman,1B,1B,518692,0.141,0.3930565233333333,0.358,SLUMPING,STABLE,1.72,2.2,3,-0.0141,0.6124571445946689,2.14,hold,22.0,0.0418,86.0,430.0,0.4089,0.125,21,0.33,0.514,0.369,-0.0048,True,{},IMPROVING,whiff% -5.7pt (improving); chase% -4.5pt (improving); z-contact% +5.4pt (improving); EV90 +1.8mph (power up); hard-hit% +11.8pt (up); bat speed +0.6mph,0.2516,0.1794,0.1944,0.2841,0.2784,0.2391,104.3,105.5,106.1,68.3,69.2,K_DRIVEN,True,Fastball +10pt in L21d; Breaking -12pt in L21d (pitchers adjusting),,,30193,NONE,NO_OVERLAP,,False,0.5528,1.0,0.3878,0.3722,0.4012,0.375,0.0293,0.3176,0.4324,0.3318,0.9697,77.0,104,0.49038461538461536,0.5673076923076923,0.3204955259530792,0.2500549980399742,0.42201233740938726,,,,,0.145,,,,,CONSENSUS_HOLD_BOUNCE,"process IMPROVING (whiff/chase/Z-contact) despite career-low percentile — outcome noise, not skill decline"
Boone's Bad Bullpen,Tyler Soderstrom,LF,OF,691016,0.316,0.3352473541616694,0.326,BELOW_MEDIAN,REGRESS,1.43,2.03,1,-0.0063,0.5081328393342112,1.78,hold,118.0,0.019,98.4,125.0,0.3251,0.1457,21,0.218,0.211,0.341,-0.0151,True,{},DECLINING,whiff% +4.8pt (worsening); chase% +8.0pt (worsening); z-contact% -0.2pt (worsening); EV90 -1.1mph (power flagging); hard-hit% -7.1pt (down); bat speed +0.2mph,0.2042,0.2022,0.2523,0.2878,0.299,0.3679,107.2,106.4,106.1,72.1,72.0,BABIP_DRIVEN,False,No significant mix shift,,,4686066,NONE,NO_OVERLAP,,False,0.6802,1.0,0.3369,0.3288,0.3446,0.3261,0.0216,0.2837,0.3685,0.3107,0.6116,103.7,328,0.5365853658536586,0.5304878048780488,0.30170163333333333,0.21390711175438598,0.3976774231468532,,,,,-0.13,,,,,CONSENSUS_HOLD_TYPICAL,"below median, no structural decline confirmed"
Boone's Bad Bullpen,Bryan Reynolds,RF,OF,668804,0.323,0.3524994249113047,0.338,BELOW_MEDIAN,STABLE,1.66,1.45,3,-0.0079,0.4707629361622487,1.65,hold,166.0,-0.0183,79.7,389.0,0.2562,0.0733,21,0.346,0.436,0.341,0.0006,True,{},IMPROVING,whiff% -4.2pt (improving); chase% +1.1pt (worsening); z-contact% +3.8pt (improving); EV90 -0.1mph (power flagging); hard-hit% -4.9pt (down); bat speed +1.4mph,0.255,0.2421,0.2128,0.2585,0.2328,0.2696,106.3,106.1,106.2,69.9,70.6,BABIP_DRIVEN,False,No significant mix shift,,,38980,NONE,NO_OVERLAP,,False,0.5165,0.9972,0.3501,0.3416,0.3601,0.3526,0.024,0.3057,0.3996,0.5416,0.9135,107.6,758,0.5303430079155673,0.5501319261213721,0.32842704194940864,0.236237846504065,0.4258283054545456,,,,,0.095,,,,,CONSENSUS_HOLD_TYPICAL,"below median, no structural decline confirmed"
Boone's Bad Bullpen,Zach Neto,SS,SS,687263,0.486,0.3301282845862655,0.33,TYPICAL,REGRESS,1.39,1.93,1,0.0086,0.4924116830238972,1.72,hold,129.0,-0.0277,97.6,42.0,0.2843,0.1918,,,,,,False,{},DECLINING,whiff% -0.3pt (improving); chase% +0.1pt (worsening); z-contact% -2.7pt (worsening); EV90 -1.0mph (power flagging); hard-hit% -10.3pt (down); bat speed -1.6mph,0.2667,0.2754,0.2639,0.2997,0.3164,0.3007,105.7,104.6,104.7,68.9,67.9,UNKNOWN,False,,,,4666100,NONE,NO_OVERLAP,,False,0.2745,0.6745,0.3281,0.3183,0.3353,0.331,0.0205,0.2908,0.3712,0.5532,0.7038,99.1,,,,,,,,,,,,,,,,CONSENSUS_HOLD_TYPICAL,baseline performer
Boone's Bad Bullpen,Ryan O'Hearn,1B,1B,656811,0.655,0.3321259347524284,0.348,ABOVE_MEDIAN,STABLE,2.02,1.9,1,-0.0291,0.5332826819554873,1.87,hold,82.0,0.0442,58.6,544.0,0.2624,0.0205,,,,,,False,{},IMPROVING,whiff% -3.7pt (improving); chase% +1.5pt (worsening); z-contact% +8.8pt (improving); EV90 +1.0mph (power up); hard-hit% +8.5pt (up); bat speed -0.3mph,0.1931,0.1858,0.1562,0.2691,0.2995,0.2837,103.1,104.1,104.1,69.9,69.0,UNKNOWN,False,,,,35183,DTD,UNKNOWN,"DTD (Strain, Right) — slump window unknown",False,0.5672,0.03,0.3383,0.3285,0.348,0.3267,0.0253,0.2771,0.3762,0.3229,0.6039,93.6,,,,,,,,,,,,,,,,CONSENSUS_HOLD_TYPICAL,baseline performer
Boone's Bad Bullpen,Jac Caglianone,RF,OF,695506,0.903,0.3241048658479532,0.34,PEAK,STABLE,1.07,1.06,6,-0.0004,0.3699875718120285,1.29,drop,341.0,-0.1191,100.0,25.0,0.1793,0.0653,,,,,,False,{},IMPROVING,whiff% +8.2pt (worsening); chase% -5.4pt (improving); z-contact% -4.2pt (worsening); EV90 +1.6mph (power up); hard-hit% +15.4pt (up); bat speed -1.4mph,0.2432,0.2937,0.3254,0.3854,0.3088,0.3311,109.4,110.8,111.0,75.7,74.7,UNKNOWN,False,,PROCESS_DRIVEN,EV90 +2.5mph — chase% -7.7pt — xwOBAcon +0.077 — all physical inputs improved,4926296,NONE,NO_OVERLAP,,False,0.5275,0.0,0.3246,0.3213,0.3276,0.3253,0.0101,0.3056,0.345,0.5393,0.7015,160.7,15,0.0,0.06666666666666667,0.25310804949494947,0.1990377545419103,0.2983197422222222,0.927,0.822,6.7,HOLD_SHORT,,0.925,0.928,0.82,0.824,CONSENSUS_HOLD_PEAK,at career peak
Boone's Bad Bullpen,Kazuma Okamoto,3B,3B,672960,,,,INSUFFICIENT,NO_BASELINE,1.22,0.0,0,-0.0097,0.4554331334704454,1.59,hold,202.0,-0.0643,,0.0,,,,,,,,False,{},MIXED,no baseline data,,0.3199,0.3566,,0.2538,0.2961,,107.8,106.6,,70.9,UNKNOWN,False,,,,5134636,NONE,NO_OVERLAP,,False,0.7701,1.0,0.3578,0.3554,0.3617,0.3572,0.0089,0.3398,0.3746,0.485,1.0,110.3,,,,,,,,,,,,,,,,INSUFFICIENT_DATA,no career sample
Boone's Bad Bullpen,Ryan Jeffers,C,C,680777,0.999,0.321083711959613,0.395,PEAK,IMPROVING,2.53,1.67,6,-0.0058,0.5947137573361317,2.08,hold,26.0,0.0683,63.7,419.0,0.2512,0.0444,,,,,,False,{},IMPROVING,whiff% -7.5pt (improving); chase% +0.5pt (worsening); z-contact% +11.2pt (improving); EV90 +1.8mph (power up); hard-hit% +0.1pt (up); bat speed +1.1mph,0.1836,0.144,0.1089,0.2437,0.233,0.2483,105.7,107.7,107.5,70.4,71.5,UNKNOWN,False,,PROCESS_DRIVEN,bat_speed +1.1mph — EV90 +1.7mph — whiff% -4.9pt — z_contact% +5.6pt — xwOBAcon +0.050 — all physical inputs improved,41587,DTD,UNKNOWN,"DTD (Surgery, Left) — slump window unknown",False,0.5969,0.0,0.322,0.314,0.3308,0.3402,0.0231,0.2949,0.3855,0.7853,0.8091,102.9,362,0.1464088397790055,0.08839779005524862,0.3096593916666667,0.22449338666666668,0.4012830324242425,0.927,0.822,6.7,HOLD_SHORT,,0.925,0.928,0.82,0.824,CONSENSUS_HOLD_PEAK,at career peak
Boone's Bad Bullpen,Konnor Griffin,SS,SS,804606,,,,INSUFFICIENT,NO_BASELINE,1.26,0.0,0,0.0074,0.4131358230351711,1.45,drop,284.0,-0.107,,0.0,,,,,,,,False,{},MIXED,no baseline data,,0.2953,0.3789,,0.3747,0.44,,106.2,108.7,,72.4,UNKNOWN,False,,,,5218285,NONE,NO_OVERLAP,,False,0.1235,0.9695,0.3227,0.321,0.3244,0.3229,0.0051,0.3129,0.333,0.5155,0.7145,110.3,,,,,,,,,,,,,,,,INSUFFICIENT_DATA,no career sample
Boone's Bad Bullpen,Mauricio Dubon,LF,OF,643289,0.678,0.2869957516050958,0.299,ABOVE_MEDIAN,STABLE,1.66,1.7,4,-0.0074,0.4755754666092924,1.66,hold,155.0,-0.0445,70.6,398.0,0.26,0.0501,,,,,,False,{},MIXED,whiff% +0.7pt (worsening); chase% -1.8pt (improving); z-contact% +1.0pt (improving); EV90 -1.2mph (power flagging); hard-hit% -5.4pt (down); bat speed +2.2mph,0.1331,0.1503,0.14,0.3474,0.3629,0.3299,99.8,101.1,98.6,65.2,67.2,UNKNOWN,False,,,,35304,NONE,NO_OVERLAP,,False,0.61,0.0242,0.287,0.281,0.2935,0.2882,0.0185,0.252,0.3244,0.5274,0.0427,105.2,,,,,,,,,,,,,,,,CONSENSUS_HOLD_TYPICAL,baseline performer
Boone's Bad Bullpen,Angel Martinez,CF,OF,682657,0.969,0.2614113577642196,0.32,PEAK,STABLE,1.7,1.36,5,-0.0051,0.5104534303689121,1.79,hold,114.0,0.0214,55.2,145.0,0.1741,0.0155,,,,,,False,{},IMPROVING,whiff% -3.3pt (improving); chase% -2.5pt (improving); z-contact% +1.8pt (improving); EV90 +2.7mph (power up); hard-hit% +6.3pt (up); bat speed +0.5mph,0.1719,0.1299,0.1389,0.3878,0.3983,0.3628,102.2,105.4,104.9,67.1,68.6,UNKNOWN,False,,PROCESS_DRIVEN,bat_speed +1.2mph — EV90 +2.6mph — whiff% -5.3pt — z_contact% +5.8pt — xwOBAcon +0.065 — all physical inputs improved,42497,NONE,NO_OVERLAP,,False,0.987,0.0,0.2665,0.2615,0.2767,0.2718,0.021,0.2306,0.3129,0.6021,0.0108,134.7,86,0.10465116279069768,0.046511627906976744,0.2785191046995378,0.21685732222222223,0.35670428662516507,0.927,0.822,6.7,HOLD_SHORT,,0.925,0.928,0.82,0.824,CONSENSUS_HOLD_PEAK,at career peak
Boone's Bad Bullpen,Dillon Dingler,C,C,693307,0.583,0.3619820654488386,0.372,TYPICAL,STABLE,1.73,1.62,4,-0.0206,0.5129217710523858,1.8,hold,104.0,-0.0135,76.0,121.0,0.2637,0.0599,,,,,,False,{},DECLINING,whiff% +2.2pt (worsening); chase% +6.7pt (worsening); z-contact% +2.6pt (improving); EV90 -4.0mph (power flagging); hard-hit% -4.0pt (down); bat speed -0.8mph,0.2149,0.1755,0.2373,0.3024,0.3403,0.3696,105.4,105.3,101.4,70.2,69.8,UNKNOWN,False,,,,4345620,NONE,NO_OVERLAP,,False,0.3307,0.0465,0.3622,0.3499,0.3726,0.3538,0.0283,0.2984,0.4092,0.385,0.8841,123.7,,,,,,,,,,,,,,,,CONSENSUS_HOLD_TYPICAL,baseline performer
Team Solomon,Cal Raleigh,C,C,663728,0.198,0.3384260554948062,0.315,SLUMPING,REGRESS,0.87,2.57,0,-0.0209,0.4579471075377563,1.6,hold,194.0,-0.0685,95.4,108.0,0.2494,0.1893,21,0.204,0.26,0.311,-0.0132,True,{},DECLINING,whiff% -0.2pt (improving); chase% +11.2pt (worsening); z-contact% -7.1pt (worsening); EV90 -2.0mph (power flagging); hard-hit% -20.7pt (down); bat speed -0.4mph,0.2717,0.2779,0.2701,0.3183,0.3784,0.4301,107.0,105.8,105.0,73.1,72.3,DISCIPLINE_COLLAPSE,False,No significant mix shift,,,41292,DTD,POSSIBLE_FACTOR,"DTD (Strain, Right) — active DTD note",False,0.7663,1.0,0.345,0.3345,0.3546,0.3151,0.0273,0.2615,0.3687,0.1378,0.4294,87.1,615,0.567479674796748,0.616260162601626,0.31349600972127295,0.23264427586206898,0.4062149866666667,,,,,-0.051,,,,,HOLD_NOISE,L21d CI includes anchor — statistically indistinguishable from baseline
Team Solomon,Manny Machado,3B,3B,592518,0.07,0.3558262133333332,0.302,SLUMPING,REGRESS,1.31,2.11,1,-0.0082,0.5118224347001348,1.79,hold,107.0,-0.0079,92.4,329.0,0.3695,0.1568,21,0.349,0.494,0.299,0.0062,True,{},IMPROVING,whiff% -3.7pt (improving); chase% -2.9pt (improving); z-contact% +2.1pt (improving); EV90 +0.1mph (power up); hard-hit% -3.5pt (down); bat speed -1.7mph,0.2358,0.2199,0.1987,0.2977,0.2956,0.2682,107.7,106.4,107.8,72.8,72.0,DISCIPLINE_COLLAPSE,False,No significant mix shift,,,31097,NONE,NO_OVERLAP,,False,0.5353,1.0,0.3502,0.3389,0.3614,0.3268,0.0279,0.2722,0.3815,0.2017,0.5965,87.2,138,0.6376811594202898,0.7246376811594203,0.33113443333333326,0.2509866840332205,0.43978608660119833,,,,,0.195,,,,,CONSENSUS_HOLD_BOUNCE,"process IMPROVING (whiff/chase/Z-contact) despite career-low percentile — outcome noise, not skill decline"
Team Solomon,Brent Rooker,DH,UTIL/DH,667670,0.224,0.3505071668287632,0.319,BELOW_MEDIAN,REGRESS,0.95,2.01,0,0.0018,0.4518459259791498,1.58,hold,218.0,-0.0373,100.0,41.0,0.2886,0.29,21,0.303,0.379,0.319,-0.002,True,{},DECLINING,whiff% +22.5pt (worsening); chase% +13.2pt (worsening); z-contact% -10.0pt (worsening); EV90 -2.0mph (power flagging); hard-hit% -14.8pt (down); bat speed +1.4mph,0.2751,0.3774,0.5,0.265,0.3207,0.3966,105.8,106.2,103.8,71.3,72.4,MIXED,False,No significant mix shift,,,40926,NONE,NO_OVERLAP,,False,0.7346,1.0,0.3532,0.3402,0.3711,0.3535,0.0307,0.2933,0.4138,0.504,0.8621,91.6,440,0.6,0.5818181818181818,0.31909551330749353,0.23413843333333337,0.42424256666666665,,,,,0.06,,,,,CONSENSUS_HOLD_TYPICAL,"below median, no structural decline confirmed"
Team Solomon,Matt Olson,1B,1B,621566,0.749,0.3715333455197228,0.394,ABOVE_MEDIAN,STABLE,2.29,2.01,2,-0.0171,0.6362793545036232,2.23,hold,11.0,0.0656,55.8,1014.0,0.3134,0.0142,,,,,,False,{},IMPROVING,whiff% -7.6pt (improving); chase% +1.5pt (worsening); z-contact% +6.8pt (improving); EV90 +0.6mph (power up); hard-hit% -6.2pt (down); bat speed +0.2mph,0.2336,0.1928,0.1576,0.2491,0.281,0.264,108.4,108.6,109.0,72.2,72.5,UNKNOWN,False,,,,32767,NONE,NO_OVERLAP,,False,0.2295,0.0,0.3662,0.3519,0.3776,0.3675,0.0287,0.3112,0.4238,0.518,0.9509,85.6,,,,,,,,,,,,,,,,CONSENSUS_HOLD_TYPICAL,baseline performer
Team Solomon,James Wood,LF,OF,695578,0.937,0.3734217982180088,0.441,PEAK,STABLE,1.91,1.76,6,-0.0152,0.5761009511557692,2.02,add,41.0,0.087,82.1,112.0,0.26,0.0941,,,,,,False,{},MIXED,whiff% +0.9pt (worsening); chase% -1.2pt (improving); z-contact% +2.4pt (improving); EV90 -1.7mph (power flagging); hard-hit% -1.9pt (down); bat speed +0.5mph,0.3015,0.2912,0.3101,0.2435,0.2252,0.2318,112.0,111.1,110.3,73.6,74.1,UNKNOWN,False,,MIXED,Partial process improvement (2/6). Improving: z_contact% +4.0pt; xwOBAcon +0.080,4918256,NONE,NO_OVERLAP,,False,0.2984,0.0,0.3718,0.353,0.3859,0.3906,0.0321,0.3278,0.4534,0.7214,0.9862,105.2,219,0.1643835616438356,0.0547945205479452,0.29826020000000003,0.2209308123076923,0.385699609122807,0.914,0.8,5.6,HOLD_SHORT,,0.913,0.915,0.798,0.802,CONSENSUS_HOLD_PEAK,at career peak
Team Solomon,Seiya Suzuki,DH,UTIL/DH,673548,0.276,0.3451756821172736,0.333,BELOW_MEDIAN,STABLE,1.54,2.0,1,-0.0226,0.5338677318705046,1.87,hold,79.0,0.0448,71.1,370.0,0.2786,0.0715,21,0.193,0.223,0.351,-0.0194,True,{},DECLINING,whiff% +2.5pt (worsening); chase% +5.3pt (worsening); z-contact% +1.1pt (improving); EV90 -1.9mph (power flagging); hard-hit% -10.9pt (down); bat speed -1.2mph,0.2086,0.2547,0.234,0.2025,0.2421,0.256,107.0,106.0,105.1,71.2,70.4,MIXED,True,Breaking +8pt in L21d; Offspeed -6pt in L21d (pitchers adjusting),,,4142424,NONE,NO_OVERLAP,,False,0.8089,1.0,0.3508,0.3412,0.3611,0.3258,0.0239,0.2789,0.3726,0.147,0.5955,93.8,419,0.5298329355608592,0.5369928400954654,0.3157935333333333,0.22965687058823528,0.4217644569818427,,,,,-0.128,,,,,CONSENSUS_HOLD_TYPICAL,"below median, no structural decline confirmed"
Team Solomon,Corey Seager,SS,SS,608369,0.047,0.3798689261889619,0.317,SLUMPING,REGRESS,1.29,2.16,0,-0.0145,0.5078315339714556,1.78,hold,119.0,-0.0123,100.0,63.0,0.355,0.1705,21,0.218,0.261,0.342,-0.0153,True,{},DECLINING,whiff% +4.6pt (worsening); chase% +8.3pt (worsening); z-contact% -4.4pt (worsening); EV90 -1.5mph (power flagging); hard-hit% -8.6pt (down); bat speed -0.7mph,0.2437,0.3026,0.2899,0.2298,0.2882,0.3125,108.0,107.4,106.5,71.0,70.2,DISCIPLINE_COLLAPSE,True,Breaking -8pt in L21d (pitchers adjusting),,,32691,DTD,POSSIBLE_FACTOR,"DTD (Inflammation, Not Specified) — active DTD note",False,0.6804,1.0,0.3859,0.3733,0.3976,0.354,0.0283,0.2986,0.4094,0.1295,0.8854,77.3,340,0.7205882352941176,0.7764705882352941,0.33019457508685157,0.24713854538461535,0.44366532014381466,,,,,-0.081,,,,,HOLD_NOISE,L21d CI includes anchor — statistically indistinguishable from baseline
Team Solomon,Bryce Harper,1B,1B,547180,0.587,0.3884319504988185,0.399,TYPICAL,STABLE,2.19,2.16,2,0.0018,0.6074330907607232,2.13,hold,23.0,0.0368,77.4,678.0,0.3657,0.0762,,,,,,False,{},MIXED,whiff% -1.0pt (improving); chase% +2.3pt (worsening); z-contact% +3.0pt (improving); EV90 +1.0mph (power up); hard-hit% -4.7pt (down); bat speed -1.0mph,0.2764,0.2482,0.2667,0.3543,0.3689,0.3771,107.2,107.0,108.2,72.3,72.2,UNKNOWN,False,,,,30951,NONE,NO_OVERLAP,,False,0.7758,0.041,0.3867,0.3744,0.4004,0.408,0.0298,0.3495,0.4664,0.7633,0.9984,83.1,,,,,,,,,,,,,,,,CONSENSUS_HOLD_TYPICAL,baseline performer
Team Solomon,Mike Trout,DH,UTIL/DH,545361,0.453,0.4192399613537526,0.415,TYPICAL,MIXED,2.15,1.59,4,-0.0388,0.562589762670609,1.97,add,50.0,0.0735,73.2,514.0,0.395,0.0662,,,,,,False,{},IMPROVING,whiff% -14.9pt (improving); chase% -4.6pt (improving); z-contact% +14.0pt (improving); EV90 -0.5mph (power flagging); hard-hit% -5.9pt (down); bat speed +1.5mph,0.2568,0.1681,0.1078,0.2077,0.1825,0.1615,107.9,108.5,107.4,72.0,73.0,UNKNOWN,False,,,,30836,NONE,NO_OVERLAP,,False,0.5131,0.0817,0.4043,0.3852,0.4192,0.3558,0.0319,0.2932,0.4184,0.064,0.8691,104.6,,,,,,,,,,,,,,,,CONSENSUS_HOLD_TYPICAL,baseline performer
Team Solomon,JJ Wetherholt,SS,SS,802139,,,,INSUFFICIENT,NO_BASELINE,1.91,0.0,0,-0.0039,0.5055909588971702,1.77,hold,121.0,-0.0116,,0.0,,,,,,,,False,{},MIXED,no baseline data,,0.2071,0.1696,,0.2318,0.2162,,103.1,102.8,,70.1,UNKNOWN,False,,,,4941056,NONE,NO_OVERLAP,,False,0.7546,0.0,0.3643,0.3618,0.3671,0.3643,0.0085,0.3475,0.381,0.4962,1.0,110.3,,,,,,,,,,,,,,,,INSUFFICIENT_DATA,no career sample
Team Solomon,Jazz Chisholm Jr.,2B,2B,665862,0.26,0.3202573347135143,0.301,BELOW_MEDIAN,REGRESS,1.23,2.14,0,-0.0004,0.4252428054135541,1.49,drop,267.0,-0.092,100.0,35.0,0.235,0.1334,21,0.331,0.48,0.284,0.0057,True,{},DECLINING,whiff% -4.0pt (improving); chase% +1.8pt (worsening); z-contact% +1.5pt (improving); EV90 -5.1mph (power flagging); hard-hit% -13.4pt (down); bat speed -1.9mph,0.2949,0.272,0.2544,0.2665,0.2766,0.2842,105.4,103.7,100.3,71.9,70.5,DISCIPLINE_COLLAPSE,True,Fastball -12pt in L21d; Breaking +17pt in L21d (pitchers adjusting),,,41433,NONE,NO_OVERLAP,,False,0.2267,1.0,0.3192,0.3065,0.3322,0.3011,0.0262,0.2496,0.3525,0.245,0.2353,93.7,643,0.5723172628304821,0.6158631415241057,0.32097664285714284,0.23639195333333335,0.42078001042288293,,,,,0.196,,,,,CONSENSUS_HOLD_TYPICAL,"below median, no structural decline confirmed"
Team Solomon,Austin Riley,3B,3B,663586,0.151,0.3575135107876555,0.318,SLUMPING,STABLE,1.3,1.49,0,0.0159,0.4576933126884815,1.6,hold,195.0,-0.062,93.2,73.0,0.2167,0.1976,21,0.32,0.415,0.326,-0.0008,True,{},DECLINING,whiff% -1.5pt (improving); chase% +4.6pt (worsening); z-contact% +5.8pt (improving); EV90 -4.8mph (power flagging); hard-hit% -8.0pt (down); bat speed -1.4mph,0.2629,0.2729,0.2481,0.2786,0.3327,0.325,109.2,106.2,104.4,74.0,73.4,K_DRIVEN,True,Fastball -5pt in L21d; Offspeed +5pt in L21d (pitchers adjusting),,,34982,NONE,NO_OVERLAP,,False,0.5193,1.0,0.3543,0.3409,0.3676,0.3569,0.0293,0.2994,0.4143,0.5345,0.8956,102.3,819,0.6031746031746031,0.6422466422466423,0.31579066666666666,0.22965952,0.41780921812686445,,,,,0.089,,,,,HOLD_NOISE,L21d CI includes anchor — statistically indistinguishable from baseline
Team Solomon,Jose Altuve,2B,2B,514888,0.071,0.3362351186504591,0.282,SLUMPING,BAD_LUCK,1.49,2.02,4,-0.0081,0.5263932951147492,1.84,hold,90.0,0.0092,97.1,205.0,0.3431,0.113,21,0.302,0.328,0.309,-0.001,True,{},MIXED,whiff% +8.7pt (worsening); chase% -0.6pt (improving); z-contact% -3.3pt (worsening); EV90 -0.0mph (power flagging); hard-hit% +4.1pt (up); bat speed +0.1mph,0.1673,0.2258,0.2547,0.383,0.3333,0.3769,102.4,102.4,102.4,66.7,66.2,MIXED,False,No significant mix shift,,,31662,DTD,POSSIBLE_FACTOR,"DTD (Strain, Left) — active DTD note",False,0.4695,1.0,0.3286,0.3172,0.3408,0.3153,0.0271,0.2622,0.3683,0.3114,0.4306,87.5,153,0.6339869281045751,0.7058823529411765,0.32481290269360275,0.24751082923076922,0.4421713406096747,,,,,0.019,,,,,HOLD_NOISE,L21d CI includes anchor — statistically indistinguishable from baseline
Late Night Bettsing,Jose Ramirez,3B,3B,608070,0.819,0.3485327498149356,0.381,HIGH,BAD_LUCK,2.0,2.76,4,-0.0153,0.668858199851687,2.34,add,5.0,0.1491,90.2,439.0,0.435,0.1128,,,,,,False,{},DECLINING,whiff% +3.2pt (worsening); chase% +0.3pt (worsening); z-contact% -0.7pt (worsening); EV90 -0.9mph (power flagging); hard-hit% +11.8pt (up); bat speed -0.0mph,0.1275,0.1295,0.1593,0.2903,0.2964,0.2932,104.2,104.0,103.3,69.1,68.6,UNKNOWN,False,,,,32801,NONE,NO_OVERLAP,,False,0.5342,0.0,0.3487,0.3382,0.3588,0.3539,0.0247,0.3055,0.4022,0.5836,0.9151,67.5,,,,,,,,,,,,,,,,STABLE_HIGH,"high career form, holding"
Late Night Bettsing,Kyle Tucker,RF,OF,663656,0.29,0.3750993716361379,0.35,BELOW_MEDIAN,REGRESS,1.74,2.51,0,0.0073,0.5681171969664884,1.99,add,45.0,0.079,100.0,40.0,0.3871,0.1971,21,0.394,0.42,0.34,0.0066,True,{},DECLINING,whiff% +2.5pt (worsening); chase% +2.3pt (worsening); z-contact% -1.8pt (worsening); EV90 -1.9mph (power flagging); hard-hit% +9.8pt (up); bat speed +1.1mph,0.1729,0.201,0.1979,0.175,0.2353,0.1983,103.9,102.4,102.0,69.6,68.8,K_DRIVEN,True,Fastball +10pt in L21d; Breaking -9pt in L21d (pitchers adjusting),,,34967,NONE,NO_OVERLAP,,False,0.4763,1.0,0.373,0.3632,0.3832,0.3748,0.0272,0.3215,0.4281,0.5252,0.978,69.9,855,0.5146198830409356,0.5263157894736842,0.3139739666666666,0.23367987999999995,0.411593449362971,,,,,0.08,,,,,CONSENSUS_HOLD_TYPICAL,"below median, no structural decline confirmed"
Late Night Bettsing,Yordan Alvarez,DH,UTIL/DH,670541,0.704,0.4229854871289983,0.447,ABOVE_MEDIAN,NOISE,2.59,1.95,3,-0.0421,0.7351060881953801,2.57,add,1.0,0.246,52.9,616.0,0.4254,0.0156,,,,,,False,{},DECLINING,whiff% -4.8pt (improving); chase% +1.2pt (worsening); z-contact% +2.3pt (improving); EV90 -2.4mph (power flagging); hard-hit% -10.6pt (down); bat speed +0.8mph,0.1989,0.1505,0.1513,0.267,0.2716,0.2788,110.3,110.8,107.9,74.8,74.8,UNKNOWN,False,,,,36018,DTD,UNKNOWN,"DTD (Spasms, Right) — slump window unknown",False,0.5953,0.0,0.4278,0.4117,0.4422,0.4139,0.0314,0.3523,0.4755,0.3294,0.9986,73.0,,,,,,,,,,,,,,,,CONSENSUS_HOLD_TYPICAL,baseline performer
Late Night Bettsing,Mookie Betts,SS,SS,605141,0.537,0.3597808318734472,0.365,TYPICAL,STABLE,2.21,2.63,0,0.0058,0.6286517249593564,2.2,add,14.0,0.1085,,,,,,,,,,False,{},IMPROVING,whiff% -2.4pt (improving); chase% -3.6pt (improving); z-contact% +0.9pt (improving); EV90 +1.1mph (power up); hard-hit% +17.8pt (up); bat speed +0.5mph,0.1313,0.1101,0.1071,0.2161,0.178,0.1803,101.6,102.0,102.7,66.6,67.3,UNKNOWN,False,,,,33039,NONE,NO_OVERLAP,,False,0.7059,0.4332,0.3645,0.3488,0.379,0.3793,0.0374,0.3061,0.4526,0.6549,0.9438,73.4,,,,,,,,,,,,,,,,CONSENSUS_HOLD_TYPICAL,baseline performer
Late Night Bettsing,Ben Rice,1B,1B,700250,0.528,0.3852624040905129,0.388,TYPICAL,STABLE,2.61,2.2,4,-0.0351,0.6199406738984206,2.17,hold,18.0,0.0493,87.5,152.0,0.3573,0.09,,,,,,False,{},DECLINING,whiff% +0.8pt (worsening); chase% +0.7pt (worsening); z-contact% +0.7pt (improving); EV90 -1.8mph (power flagging); hard-hit% -0.1pt (down); bat speed -0.5mph,0.1905,0.226,0.1983,0.2127,0.2364,0.2199,107.7,106.2,105.9,71.6,70.0,UNKNOWN,False,,,,5016968,NONE,NO_OVERLAP,,False,0.5753,0.5412,0.3892,0.3796,0.4001,0.3731,0.027,0.3203,0.4259,0.278,0.9756,92.0,,,,,,,,,,,,,,,,CONSENSUS_HOLD_TYPICAL,baseline performer
Late Night Bettsing,Jackson Merrill,CF,OF,701538,0.006,0.3505588598080133,0.297,SLUMPING,REGRESS,1.27,1.85,1,0.0015,0.520637016285183,1.82,hold,94.0,0.0315,100.0,13.0,0.325,0.1976,21,0.194,0.259,0.327,-0.0163,True,{},MIXED,whiff% +0.8pt (worsening); chase% -3.4pt (improving); z-contact% +2.3pt (improving); EV90 -3.0mph (power flagging); hard-hit% -0.8pt (down); bat speed +1.0mph,0.2238,0.2396,0.232,0.3767,0.359,0.3431,105.3,103.6,102.3,70.2,71.4,DISCIPLINE_COLLAPSE,False,No significant mix shift,,,4872691,NONE,NO_OVERLAP,,False,0.9741,1.0,0.357,0.3477,0.3705,0.3427,0.0286,0.2867,0.3987,0.308,0.7865,89.1,108,0.7962962962962963,0.8518518518518519,0.3194149333333333,0.23835127049095609,0.4181800413838728,,,,,-0.068,,,,,HOLD_NOISE,L21d CI includes anchor — statistically indistinguishable from baseline
Late Night Bettsing,Gleyber Torres,2B,2B,650402,0.504,0.33812854,0.338,TYPICAL,STABLE,1.73,1.95,1,-0.0063,0.4617605638614079,1.62,hold,185.0,-0.0555,73.4,503.0,0.2703,0.0649,,,,,,False,{},DECLINING,whiff% +4.9pt (worsening); chase% -2.4pt (improving); z-contact% -3.5pt (worsening); EV90 -6.9mph (power flagging); hard-hit% -18.5pt (down); bat speed -3.3mph,0.1628,0.1737,0.2118,0.171,0.1672,0.1471,104.6,98.5,97.7,68.6,65.9,UNKNOWN,False,,,,33804,DTD,UNKNOWN,"DTD (Strain, Left) — slump window unknown",False,0.4897,0.8737,0.341,0.3288,0.3523,0.3478,0.0272,0.2945,0.4011,0.5998,0.8466,98.4,,,,,,,,,,,,,,,,CONSENSUS_HOLD_TYPICAL,baseline performer
Late Night Bettsing,Alec Burleson,LF,OF,676475,0.923,0.3398927020320128,0.388,PEAK,STABLE,2.03,2.04,4,-0.0104,0.5787050050732474,2.03,hold,37.0,0.0081,66.6,299.0,0.3433,0.038,,,,,,False,{},MIXED,whiff% +2.8pt (worsening); chase% +9.7pt (worsening); z-contact% -12.0pt (worsening); EV90 +0.3mph (power up); hard-hit% +12.5pt (up); bat speed +0.4mph,0.1486,0.1784,0.1765,0.2882,0.3571,0.3853,106.1,106.5,106.4,70.3,70.4,UNKNOWN,False,,MIXED,Partial process improvement (1/6). Improving: xwOBAcon +0.063,4345070,NONE,NO_OVERLAP,,False,0.67,0.0,0.3445,0.3328,0.3528,0.363,0.0252,0.3137,0.4123,0.7683,0.9563,92.2,542,0.1881918819188192,0.11070110701107011,0.30872215000000003,0.2264005666666667,0.39759850999999996,0.914,0.8,5.6,HOLD_SHORT,,0.913,0.915,0.798,0.802,CONSENSUS_HOLD_PEAK,at career peak
Late Night Bettsing,Yandy Diaz,DH,UTIL/DH,650490,0.768,0.3511504632730794,0.372,ABOVE_MEDIAN,STABLE,2.27,2.24,1,-0.0108,0.6370943109147595,2.23,hold,10.0,0.0665,64.2,746.0,0.3507,0.0323,,,,,,False,{},IMPROVING,whiff% -6.5pt (improving); chase% -1.0pt (improving); z-contact% +4.2pt (improving); EV90 -0.8mph (power flagging); hard-hit% -11.0pt (down); bat speed +1.0mph,0.1509,0.1036,0.086,0.2396,0.2649,0.2294,109.2,106.5,108.4,72.1,71.8,UNKNOWN,False,,,,33481,NONE,NO_OVERLAP,,False,0.5778,0.0,0.3551,0.3469,0.3658,0.3563,0.0246,0.3082,0.4044,0.5197,0.9303,86.6,,,,,,,,,,,,,,,,CONSENSUS_HOLD_TYPICAL,baseline performer
Late Night Bettsing,Andy Pages,CF,OF,681624,0.618,0.320185106511888,0.331,ABOVE_MEDIAN,STABLE,1.98,1.95,3,-0.0056,0.5604445206067642,1.96,hold,51.0,0.0713,81.2,176.0,0.2874,0.0886,,,,,,False,{},DECLINING,whiff% +1.5pt (worsening); chase% +7.2pt (worsening); z-contact% +3.8pt (improving); EV90 -2.2mph (power flagging); hard-hit% -8.7pt (down); bat speed -0.8mph,0.1915,0.2041,0.2067,0.3361,0.3522,0.4082,104.4,105.9,102.2,70.6,70.4,UNKNOWN,False,,,,42468,NONE,NO_OVERLAP,,False,0.7032,0.0807,0.3241,0.3163,0.3347,0.3296,0.0234,0.2838,0.3754,0.5908,0.6588,101.6,,,,,,,,,,,,,,,,CONSENSUS_HOLD_TYPICAL,baseline performer
Late Night Bettsing,CJ Abrams,SS,SS,682928,0.852,0.3106700179375206,0.355,HIGH,STABLE,2.32,1.97,3,-0.0166,0.5572965678276413,1.95,hold,54.0,0.0372,57.6,474.0,0.2847,0.0196,,,,,,False,{},MIXED,whiff% +0.7pt (worsening); chase% +3.7pt (worsening); z-contact% -0.7pt (worsening); EV90 +0.2mph (power up); hard-hit% +0.4pt (up); bat speed -0.2mph,0.2123,0.256,0.2194,0.3253,0.3458,0.3625,104.1,104.5,104.3,70.3,70.2,UNKNOWN,False,,,,42402,NONE,NO_OVERLAP,,False,0.5971,0.0,0.3141,0.3016,0.326,0.3247,0.0281,0.2696,0.3797,0.6478,0.5658,93.7,,,,,,,,,,,,,,,,STABLE_HIGH,"high career form, holding"
Late Night Bettsing,Jackson Holliday,2B,2B,702616,0.489,0.3125893596798646,0.312,TYPICAL,STABLE,1.53,1.04,3,,,,,,,,,,,,,,,,False,{},INSUFFICIENT,only 15 swings in L21d (need 25),0.2075,0.4667,0.4667,0.2208,0.2143,0.2143,103.7,96.9,96.9,68.6,64.6,UNKNOWN,False,,,,5080633,NONE,NO_OVERLAP,,False,0.0431,0.595,0.3069,0.2966,0.3146,0.3018,0.0292,0.2446,0.359,0.4322,0.2666,332.7,,,,,,,,,,,,,,,,CONSENSUS_HOLD_TYPICAL,baseline performer
Late Night Bettsing,Willson Contreras,1B,1B,575929,0.843,0.350672554352811,0.39,HIGH,STABLE,1.78,1.86,3,-0.0131,0.5135439549359142,1.8,hold,103.0,-0.0571,72.6,543.0,0.2822,0.0535,,,,,,False,{},MIXED,whiff% +0.7pt (worsening); chase% -2.5pt (improving); z-contact% +3.7pt (improving); EV90 +0.9mph (power up); hard-hit% -5.8pt (down); bat speed +0.1mph,0.2476,0.2943,0.2541,0.3008,0.3214,0.2761,108.2,109.0,109.1,74.1,73.6,UNKNOWN,False,,,,32532,NONE,NO_OVERLAP,,False,0.5233,0.0,0.36,0.3491,0.3698,0.3636,0.0268,0.3111,0.416,0.5552,0.9482,97.8,,,,,,,,,,,,,,,,STABLE_HIGH,"high career form, holding"
Late Night Bettsing,Jonathan Aranda,1B,1B,666018,0.294,0.3654755866666666,0.35,BELOW_MEDIAN,STABLE,1.77,1.97,1,0.0074,0.5243696594787258,1.84,hold,91.0,-0.0463,96.6,119.0,0.2906,0.1131,21,0.312,0.367,0.37,-0.0072,True,{},DECLINING,whiff% -7.8pt (improving); chase% +1.8pt (worsening); z-contact% +4.6pt (improving); EV90 -4.5mph (power flagging); hard-hit% -20.7pt (down); bat speed -0.5mph,0.218,0.1785,0.1395,0.2792,0.2942,0.297,106.9,103.8,102.4,68.7,68.7,BABIP_DRIVEN,True,Breaking -7pt in L21d (pitchers adjusting),,,40810,NONE,NO_OVERLAP,,False,0.2843,0.9807,0.3617,0.3458,0.3703,0.3731,0.0278,0.3186,0.4275,0.6584,0.972,98.7,269,0.5092936802973977,0.5613382899628253,0.2976954424242424,0.21257876000000003,0.39319228049165306,,,,,-0.003,,,,,CONSENSUS_HOLD_TYPICAL,"below median, no structural decline confirmed"
Late Night Bettsing,Brayan Rocchio,SS,SS,677587,0.962,0.290801239722959,0.319,PEAK,NOISE,1.95,1.42,2,0.0051,0.4568130588886465,1.6,hold,198.0,-0.0633,71.1,232.0,0.195,0.0409,,,,,,False,{},STABLE,whiff% -0.3pt (improving); chase% -2.5pt (improving); z-contact% +2.2pt (improving); EV90 -0.3mph (power flagging); hard-hit% +7.5pt (up); bat speed +2.5mph,0.2157,0.1928,0.2124,0.3033,0.3022,0.2786,102.3,100.6,102.0,67.3,68.5,UNKNOWN,False,,MIXED,Partial process improvement (2/6). Improving: whiff% -2.2pt; z_contact% +2.7pt,41217,NONE,NO_OVERLAP,,False,0.2629,0.0,0.2899,0.2839,0.295,0.2992,0.0173,0.2652,0.3331,0.7017,0.1145,132.3,203,0.1330049261083744,0.054187192118226604,0.28759908888888897,0.21114605777777784,0.37869236954036745,0.914,0.8,5.6,HOLD_SHORT,,0.913,0.915,0.798,0.802,CONSENSUS_HOLD_PEAK,at career peak
U Just Lost To Edwin Diaz,Ronald Acuna Jr.,RF,OF,660670,0.31,0.3973618232181002,0.376,BELOW_MEDIAN,REGRESS,1.63,2.31,2,-0.0206,0.5658627096361174,1.98,add,47.0,0.0768,95.6,180.0,0.3921,0.1756,21,0.352,0.331,0.378,-0.0032,True,{},DECLINING,whiff% -9.4pt (improving); chase% +3.4pt (worsening); z-contact% +8.3pt (improving); EV90 -4.8mph (power flagging); hard-hit% -9.1pt (down); bat speed +0.4mph,0.2662,0.2255,0.1719,0.2317,0.2553,0.2653,109.8,106.8,105.0,74.1,73.1,MIXED,True,Fastball -11pt in L21d; Breaking +12pt in L21d (pitchers adjusting),,,36185,NONE,NO_OVERLAP,,False,0.7741,1.0,0.4054,0.3946,0.4199,0.3985,0.0372,0.3256,0.4714,0.4268,0.9825,69.3,956,0.5271966527196653,0.5355648535564853,0.3204395536585365,0.23371656666666663,0.42508240616246495,,,,,-0.047,,,,,CONSENSUS_HOLD_TYPICAL,"below median, no structural decline confirmed"
U Just Lost To Edwin Diaz,Vinnie Pasquantino,1B,1B,686469,0.387,0.3371428423196023,0.326,BELOW_MEDIAN,REGRESS,1.24,2.2,1,0.0021,0.5562562810288499,1.95,hold,55.0,-0.0144,100.0,26.0,0.3672,0.1824,21,0.265,0.321,0.319,-0.0065,True,{},MIXED,whiff% -1.1pt (improving); chase% +1.1pt (worsening); z-contact% +2.0pt (improving); EV90 -0.1mph (power flagging); hard-hit% -15.3pt (down); bat speed -3.7mph,0.1496,0.1512,0.1387,0.3043,0.3252,0.3148,105.7,103.6,105.6,71.0,67.5,K_DRIVEN,True,Fastball -9pt in L21d; Breaking +10pt in L21d (pitchers adjusting),,,4109109,NONE,NO_OVERLAP,,False,0.6451,0.9758,0.3357,0.326,0.3463,0.3319,0.0263,0.2804,0.3835,0.4425,0.675,84.8,653,0.5267993874425727,0.5405819295558959,0.31809029999999994,0.23507924888888887,0.41836555236099043,,,,,0.002,,,,,CONSENSUS_HOLD_TYPICAL,"below median, no structural decline confirmed"
U Just Lost To Edwin Diaz,Geraldo Perdomo,SS,SS,672695,0.774,0.2949360194575082,0.342,ABOVE_MEDIAN,REGRESS,1.64,2.53,1,0.0015,0.5856875025192184,2.05,hold,31.0,0.0656,62.9,383.0,0.2723,0.0454,,,,,,False,{},STABLE,whiff% -0.8pt (improving); chase% +0.4pt (worsening); z-contact% +0.1pt (improving); EV90 -0.0mph (power flagging); hard-hit% +5.9pt (up); bat speed -2.4mph,0.1036,0.1006,0.0952,0.187,0.2138,0.1915,101.7,100.3,101.7,65.2,61.4,UNKNOWN,False,,,,41355,NONE,NO_OVERLAP,,False,0.9403,0.0,0.3139,0.3031,0.3277,0.3303,0.0304,0.2706,0.39,0.705,0.6326,82.8,,,,,,,,,,,,,,,,CONSENSUS_HOLD_TYPICAL,baseline performer
U Just Lost To Edwin Diaz,Maikel Garcia,3B,3B,672580,0.078,0.3212867492080293,0.294,SLUMPING,REGRESS,1.6,2.22,0,-0.0088,0.5197276355314808,1.82,hold,97.0,0.0,59.1,281.0,0.2178,0.029,21,0.205,0.239,0.315,-0.0135,True,{},DECLINING,whiff% -2.3pt (improving); chase% +1.6pt (worsening); z-contact% +4.0pt (improving); EV90 -2.7mph (power flagging); hard-hit% -11.8pt (down); bat speed +0.6mph,0.1267,0.1323,0.1038,0.2084,0.2019,0.2246,105.5,105.0,102.8,69.9,70.4,BABIP_DRIVEN,True,Fastball -7pt in L21d; Offspeed +6pt in L21d (pitchers adjusting),,,4905884,NONE,NO_OVERLAP,,False,0.4513,1.0,0.3223,0.3135,0.328,0.319,0.0185,0.2827,0.3553,0.4282,0.4775,97.1,431,0.7192575406032483,0.7749419953596288,0.3166421151515151,0.2383195,0.41298079938286575,,,,,-0.076,,,,,HOLD_NOISE,L21d CI includes anchor — statistically indistinguishable from baseline
U Just Lost To Edwin Diaz,Ernie Clement,3B,3B,676391,0.496,0.290323437729988,0.29,TYPICAL,STABLE,1.65,1.94,0,0.004,0.548406399284971,1.92,hold,62.0,0.0312,71.4,280.0,0.345,0.0562,,,,,,False,{},DECLINING,whiff% +1.1pt (worsening); chase% +9.7pt (worsening); z-contact% +1.8pt (improving); EV90 -1.5mph (power flagging); hard-hit% -1.6pt (down); bat speed -0.1mph,0.1249,0.1268,0.1359,0.3626,0.45,0.46,100.3,99.6,98.8,64.8,65.0,UNKNOWN,False,,,,41287,NONE,NO_OVERLAP,,False,0.377,0.7561,0.2886,0.2826,0.2934,0.2892,0.0163,0.2572,0.3211,0.5166,0.0293,93.0,,,,,,,,,,,,,,,,CONSENSUS_HOLD_TYPICAL,baseline performer
U Just Lost To Edwin Diaz,Shea Langeliers,C,C,669127,0.984,0.3257774359829722,0.423,PEAK,STABLE,2.11,2.3,4,-0.0073,0.6246909691697021,2.19,add,15.0,0.0983,63.1,369.0,0.2512,0.0399,,,,,,False,{},DECLINING,whiff% +2.6pt (worsening); chase% -0.0pt (improving); z-contact% -0.0pt (worsening); EV90 +0.5mph (power up); hard-hit% -4.6pt (down); bat speed +1.6mph,0.217,0.2225,0.2426,0.3206,0.3214,0.3203,107.8,108.3,108.3,72.5,74.1,UNKNOWN,False,,MIXED,Partial process improvement (2/6). Improving: bat_speed +1.6mph; xwOBAcon +0.094,42598,NONE,NO_OVERLAP,,False,0.3545,0.0,0.3288,0.3145,0.3444,0.3688,0.031,0.308,0.4297,0.9024,0.9422,98.0,396,0.15151515151515152,0.0707070707070707,0.3121112,0.22764181666666666,0.39096474999999997,0.914,0.8,5.6,HOLD_SHORT,,0.913,0.915,0.798,0.802,CONSENSUS_HOLD_PEAK,at career peak
U Just Lost To Edwin Diaz,Byron Buxton,CF,OF,621439,0.748,0.32652504,0.355,ABOVE_MEDIAN,STABLE,2.08,2.41,2,0.008,0.6009826999872355,2.1,add,24.0,0.1119,74.4,585.0,0.25,0.0969,,,,,,False,{},IMPROVING,whiff% -4.7pt (improving); chase% +6.9pt (worsening); z-contact% +7.3pt (improving); EV90 -1.5mph (power flagging); hard-hit% -9.3pt (down); bat speed -0.7mph,0.2867,0.2912,0.2395,0.2943,0.3557,0.3636,108.6,106.9,107.1,73.2,72.2,UNKNOWN,False,,,,32655,NONE,NO_OVERLAP,,False,0.5413,0.0117,0.3387,0.3216,0.3543,0.3664,0.0334,0.3009,0.4319,0.7961,0.9174,84.7,,,,,,,,,,,,,,,,CONSENSUS_HOLD_TYPICAL,baseline performer
U Just Lost To Edwin Diaz,Jakob Marsee,CF,OF,805300,0.586,0.2979679804545055,0.301,TYPICAL,REGRESS,1.22,2.26,1,0.0137,0.4977957398183882,1.74,hold,126.0,0.0087,,0.0,,,,,,,,False,{},DECLINING,whiff% +2.6pt (worsening); chase% +3.1pt (worsening); z-contact% +0.5pt (improving); EV90 -4.2mph (power flagging); hard-hit% -4.5pt (down); bat speed -1.8mph,0.1671,0.1573,0.1932,0.199,0.2323,0.23,104.6,101.8,100.4,68.5,67.9,UNKNOWN,False,,,,4866735,NONE,NO_OVERLAP,,False,0.9939,0.4878,0.3013,0.2975,0.3107,0.3054,0.0172,0.2716,0.3392,0.5895,0.1988,84.8,,,,,,,,,,,,,,,,CONSENSUS_HOLD_TYPICAL,baseline performer
U Just Lost To Edwin Diaz,Otto Lopez,SS,SS,672640,0.418,0.3288331896296296,0.321,TYPICAL,STABLE,1.93,1.9,2,-0.0159,0.5290690712099192,1.85,hold,87.0,0.009,81.1,169.0,0.3064,0.0606,,,,,,False,{},MIXED,whiff% +2.1pt (worsening); chase% +5.0pt (worsening); z-contact% +2.0pt (improving); EV90 -1.2mph (power flagging); hard-hit% +9.6pt (up); bat speed -0.3mph,0.1594,0.1855,0.1802,0.2944,0.3495,0.3443,104.6,106.0,103.4,69.9,69.7,UNKNOWN,False,,,,41917,NONE,NO_OVERLAP,,False,0.3134,0.8842,0.3271,0.3183,0.3348,0.3245,0.0231,0.2792,0.3697,0.4542,0.5765,101.2,,,,,,,,,,,,,,,,CONSENSUS_HOLD_TYPICAL,baseline performer
U Just Lost To Edwin Diaz,Xavier Edwards,2B,2B,669364,0.943,0.3008312746727781,0.365,PEAK,STABLE,2.08,1.73,8,-0.0085,0.5836333436727299,2.04,hold,33.0,0.0664,49.3,201.0,0.2611,-0.0027,,,,,,False,{},IMPROVING,whiff% +5.9pt (worsening); chase% -3.0pt (improving); z-contact% -1.9pt (worsening); EV90 +0.4mph (power up); hard-hit% +0.6pt (up); bat speed +0.9mph,0.1043,0.1366,0.1633,0.2579,0.2133,0.2283,100.5,100.3,100.9,63.6,65.5,UNKNOWN,False,,PROCESS_DRIVEN,bat_speed +2.3mph — EV90 +1.6mph — chase% -4.5pt — xwOBAcon +0.043 — all physical inputs improved,41326,NONE,NO_OVERLAP,,False,0.8679,0.0,0.3058,0.2985,0.3169,0.3132,0.0246,0.2649,0.3615,0.6188,0.391,100.6,292,0.1643835616438356,0.0547945205479452,0.30469668333333333,0.22207453619047618,0.3938583771582151,0.927,0.822,6.7,HOLD_SHORT,,0.925,0.928,0.82,0.824,CONSENSUS_HOLD_PEAK,at career peak
U Just Lost To Edwin Diaz,Chase DeLauter,RF,OF,800050,,,,INSUFFICIENT,NO_BASELINE,2.06,0.0,0,-0.0161,0.5881756146217234,2.06,add,28.0,0.0991,,0.0,,,,,,,,False,{},MIXED,no baseline data,,0.1352,0.1717,,0.1825,0.2277,,105.4,105.2,,69.9,UNKNOWN,False,,,,4619649,NONE,NO_OVERLAP,,False,0.6229,1.0,0.3596,0.3571,0.362,0.3579,0.0097,0.3389,0.3768,0.4289,1.0,110.3,,,,,,,,,,,,,,,,INSUFFICIENT_DATA,no career sample
U Just Lost To Edwin Diaz,Liam Hicks,C,C,689414,0.337,0.3252841542083411,0.314,BELOW_MEDIAN,IMPROVING,2.41,1.74,6,-0.0218,0.5822499934361123,2.04,hold,34.0,0.0558,64.8,88.0,0.34,0.1597,21,0.242,0.242,0.335,-0.0114,True,{},MIXED,whiff% +1.4pt (worsening); chase% +11.7pt (worsening); z-contact% +4.8pt (improving); EV90 +0.4mph (power up); hard-hit% +23.5pt (up); bat speed +1.8mph,0.1252,0.081,0.1389,0.1756,0.2681,0.2921,100.6,102.2,101.0,65.0,65.9,DISCIPLINE_COLLAPSE,False,No significant mix shift,,,4725251,NONE,NO_OVERLAP,,False,0.5631,1.0,0.3254,0.3196,0.3329,0.3184,0.0178,0.2836,0.3532,0.3444,0.4645,106.2,138,0.4492753623188406,0.43478260869565216,0.2841695833333333,0.20488982195767194,0.3626455967251461,,,,,-0.093,,,,,CONSENSUS_HOLD_TYPICAL,"below median, no structural decline confirmed"
U Just Lost To Edwin Diaz,Christian Walker,1B,1B,572233,0.208,0.3414893641053959,0.318,BELOW_MEDIAN,STABLE,1.97,1.54,3,-0.0229,0.5354399660468073,1.87,hold,74.0,-0.0352,56.7,926.0,0.2822,0.0155,21,0.244,0.313,0.325,-0.01,True,{},IMPROVING,whiff% -4.1pt (improving); chase% -1.5pt (improving); z-contact% +1.1pt (improving); EV90 +0.1mph (power up); hard-hit% +2.7pt (up); bat speed +2.2mph,0.2772,0.2581,0.2358,0.2814,0.2934,0.2661,107.5,106.9,107.6,71.6,72.4,BABIP_DRIVEN,True,Breaking +6pt in L21d; Offspeed -5pt in L21d (pitchers adjusting),,,32758,NONE,NO_OVERLAP,,False,0.5891,1.0,0.3392,0.3302,0.3485,0.3237,0.0239,0.2769,0.3705,0.2588,0.5622,98.7,363,0.5482093663911846,0.5977961432506887,0.31772039999999996,0.2319717557894737,0.42407132361194355,,,,,-0.012,,,,,CONSENSUS_HOLD_TYPICAL,"below median, no structural decline confirmed"
U Just Lost To Edwin Diaz,Mickey Moniak,RF,OF,666160,0.511,0.3081207769495933,0.314,TYPICAL,STABLE,2.24,2.11,0,-0.0085,0.5557589086567907,1.95,hold,57.0,0.0667,69.1,356.0,0.2344,0.0919,,,,,,False,{},DECLINING,whiff% -7.6pt (improving); chase% -0.2pt (improving); z-contact% +12.0pt (improving); EV90 -5.6mph (power flagging); hard-hit% -7.2pt (down); bat speed +1.3mph,0.2467,0.2335,0.1711,0.3774,0.4145,0.375,106.0,105.5,100.4,71.5,72.4,UNKNOWN,False,,,,36181,DTD,UNKNOWN,"DTD (Tendinitis, Right) — slump window unknown",False,0.0316,0.3553,0.3102,0.2979,0.3197,0.3138,0.0298,0.2554,0.3722,0.5484,0.4174,105.7,,,,,,,,,,,,,,,,CONSENSUS_HOLD_TYPICAL,baseline performer
U Just Lost To Edwin Diaz,Brandon Marsh,CF,OF,669016,0.373,0.3239102522300304,0.312,BELOW_MEDIAN,STABLE,1.65,1.68,2,-0.0034,0.5085222253481957,1.78,hold,116.0,0.0194,61.9,483.0,0.1733,0.0335,21,0.199,0.38,0.34,-0.0174,True,{},MIXED,whiff% -1.6pt (improving); chase% +11.2pt (worsening); z-contact% -2.5pt (worsening); EV90 +1.5mph (power up); hard-hit% +7.7pt (up); bat speed +0.5mph,0.199,0.1677,0.1826,0.2876,0.395,0.4,103.7,103.8,105.2,69.4,69.6,DISCIPLINE_COLLAPSE,False,No significant mix shift,,,40803,NONE,NO_OVERLAP,,False,0.1987,0.989,0.3224,0.3122,0.3291,0.3256,0.0238,0.279,0.3721,0.553,0.5927,112.8,687,0.5211062590975255,0.5458515283842795,0.31624573333333333,0.23154970286738352,0.42042934752722577,,,,,0.04,,,,,CONSENSUS_HOLD_TYPICAL,"below median, no structural decline confirmed"
U Just Lost To Edwin Diaz,Jake Bauers,1B,1B,641343,0.989,0.3043365838120749,0.371,PEAK,STABLE,2.1,1.79,3,0.0064,0.4902591940619014,1.72,drop,132.0,-0.0804,59.7,523.0,0.1478,0.0331,,,,,,False,{},DECLINING,whiff% -0.5pt (improving); chase% -1.6pt (improving); z-contact% +2.1pt (improving); EV90 -1.3mph (power flagging); hard-hit% +12.0pt (up); bat speed +1.0mph,0.2188,0.2148,0.2136,0.204,0.192,0.1881,107.4,106.9,106.1,74.5,75.1,UNKNOWN,False,,OUTCOME_DRIVEN,No process metrics improved. Surface outcomes likely inflated over true skill.,35013,NONE,NO_OVERLAP,,False,0.4948,0.0,0.3193,0.3097,0.3277,0.3408,0.0288,0.2843,0.3973,0.7719,0.7647,124.8,329,0.16109422492401215,0.10030395136778116,0.3178377666666667,0.23284141333333336,0.4165581533333333,0.892,0.762,5.6,HOLD_SHORT,,0.89,0.895,0.759,0.765,CONSENSUS_HOLD_PEAK,at career peak
2015 Draft First Round,Bobby Witt Jr.,SS,SS,677951,0.729,0.3723011106126329,0.391,ABOVE_MEDIAN,BAD_LUCK,1.86,2.39,3,-0.0083,0.6671108980489568,2.33,add,6.0,0.147,71.5,172.0,0.2716,0.0287,,,,,,False,{},MIXED,whiff% +1.1pt (worsening); chase% +4.4pt (worsening); z-contact% +4.1pt (improving); EV90 -1.0mph (power flagging); hard-hit% +5.9pt (up); bat speed -0.2mph,0.2097,0.2063,0.2204,0.3063,0.3432,0.3507,108.8,108.4,107.8,72.7,71.8,UNKNOWN,False,,,,42403,NONE,NO_OVERLAP,,False,0.4436,0.0,0.3731,0.3605,0.3838,0.3801,0.0258,0.3296,0.4306,0.6082,0.9902,71.7,,,,,,,,,,,,,,,,CONSENSUS_HOLD_TYPICAL,baseline performer
2015 Draft First Round,Ketel Marte,2B,2B,606466,0.77,0.3480554470114942,0.378,ABOVE_MEDIAN,REGRESS,1.62,2.52,0,-0.0049,0.6199116009861747,2.17,add,19.0,0.1027,86.8,121.0,0.31,0.1535,,,,,,False,{},IMPROVING,whiff% -4.2pt (improving); chase% +13.9pt (worsening); z-contact% +11.5pt (improving); EV90 -0.9mph (power flagging); hard-hit% +2.8pt (up); bat speed +0.4mph,0.1844,0.1866,0.1429,0.2479,0.3442,0.3871,107.4,108.0,106.5,72.8,72.8,UNKNOWN,False,,,,32512,NONE,NO_OVERLAP,,False,0.371,0.0084,0.3583,0.3436,0.3724,0.3594,0.0312,0.2983,0.4204,0.5136,0.8966,74.3,,,,,,,,,,,,,,,,CONSENSUS_HOLD_TYPICAL,baseline performer
2015 Draft First Round,Kyle Schwarber,DH,UTIL/DH,656941,0.725,0.3672652133333333,0.393,ABOVE_MEDIAN,BAD_LUCK,1.83,2.48,3,-0.0046,0.6129402588009782,2.15,add,21.0,0.1238,73.2,811.0,0.285,0.0642,,,,,,False,{},DECLINING,whiff% +4.5pt (worsening); chase% +8.6pt (worsening); z-contact% -6.9pt (worsening); EV90 +0.4mph (power up); hard-hit% -10.9pt (down); bat speed -0.3mph,0.2979,0.3015,0.3429,0.2149,0.2515,0.3012,109.8,109.7,110.2,74.2,74.0,UNKNOWN,False,,,,33712,NONE,NO_OVERLAP,,False,0.5599,0.3044,0.3793,0.3689,0.3917,0.3772,0.0286,0.3211,0.4333,0.4696,0.9772,83.4,,,,,,,,,,,,,,,,CONSENSUS_HOLD_TYPICAL,baseline performer
2015 Draft First Round,Alex Bregman,3B,3B,608324,0.473,0.347258994149583,0.345,TYPICAL,REGRESS,1.29,2.24,0,-0.0079,0.5641897640523547,1.97,hold,49.0,0.0445,98.5,65.0,0.3762,0.1361,,,,,,False,{},DECLINING,whiff% +1.3pt (worsening); chase% +0.3pt (worsening); z-contact% -0.3pt (worsening); EV90 -1.3mph (power flagging); hard-hit% -8.7pt (down); bat speed -1.3mph,0.1252,0.17,0.1379,0.1983,0.2085,0.2016,102.8,102.1,101.5,69.4,67.8,UNKNOWN,False,,,,34886,NONE,NO_OVERLAP,,False,0.5042,0.3702,0.344,0.3339,0.3536,0.3356,0.024,0.2886,0.3826,0.363,0.7423,83.1,,,,,,,,,,,,,,,,CONSENSUS_HOLD_TYPICAL,baseline performer
2015 Draft First Round,Will Smith,C,C,669257,0.526,0.3573193247825148,0.359,TYPICAL,REGRESS,1.43,2.28,2,-0.0012,0.5410472445210206,1.89,hold,70.0,0.0146,95.4,130.0,0.3507,0.1439,,,,,,False,{},DECLINING,whiff% -1.7pt (improving); chase% +8.8pt (worsening); z-contact% -0.6pt (worsening); EV90 -2.5mph (power flagging); hard-hit% -10.2pt (down); bat speed -0.0mph,0.1878,0.1514,0.1707,0.1956,0.2334,0.2838,105.6,104.3,103.1,67.7,68.3,UNKNOWN,False,,,,38309,NONE,NO_OVERLAP,,False,0.3158,0.2381,0.3554,0.3443,0.364,0.3621,0.0249,0.3133,0.4109,0.607,0.9545,85.7,,,,,,,,,,,,,,,,CONSENSUS_HOLD_TYPICAL,baseline performer
2015 Draft First Round,Ian Happ,LF,OF,664023,0.644,0.3386948595506876,0.353,ABOVE_MEDIAN,BAD_LUCK,1.35,1.86,3,0.006,0.4987908805838625,1.75,hold,125.0,0.0097,64.4,827.0,0.2611,0.0496,,,,,,False,{},DECLINING,whiff% +11.7pt (worsening); chase% +10.1pt (worsening); z-contact% -12.0pt (worsening); EV90 -0.5mph (power flagging); hard-hit% -5.5pt (down); bat speed -0.5mph,0.2084,0.3063,0.325,0.2089,0.25,0.3095,105.7,107.1,105.2,70.0,70.4,UNKNOWN,False,,,,34945,NONE,NO_OVERLAP,,False,0.3916,0.3672,0.3421,0.3301,0.3524,0.3511,0.0265,0.2992,0.4029,0.6334,0.8799,97.5,,,,,,,,,,,,,,,,CONSENSUS_HOLD_TYPICAL,baseline performer
2015 Draft First Round,Brandon Nimmo,LF,OF,607043,0.961,0.3398921406228888,0.396,PEAK,STABLE,1.55,1.92,3,-0.0012,0.5778250532769986,2.02,add,38.0,0.0887,86.6,628.0,0.3069,0.066,,,,,,False,{},IMPROVING,whiff% -4.0pt (improving); chase% +10.1pt (worsening); z-contact% +5.6pt (improving); EV90 -1.6mph (power flagging); hard-hit% -3.5pt (down); bat speed +1.1mph,0.2106,0.1663,0.1705,0.2435,0.2846,0.3443,106.2,104.7,104.6,70.3,70.6,UNKNOWN,False,,PROCESS_DRIVEN,whiff% -4.1pt — z_contact% +3.7pt — xwOBAcon +0.059 — all physical inputs improved,32159,NONE,NO_OVERLAP,,False,0.6825,0.0,0.3391,0.3294,0.3491,0.3539,0.0244,0.3061,0.4017,0.7285,0.9178,97.1,329,0.19756838905775076,0.13677811550151975,0.3424350111111111,0.23799792666666658,0.4552896733333333,0.927,0.822,6.7,HOLD_SHORT,,0.925,0.928,0.82,0.824,CONSENSUS_HOLD_PEAK,at career peak
2015 Draft First Round,Riley Greene,LF,OF,682985,0.884,0.3482131393311142,0.39,HIGH,STABLE,1.67,1.82,6,-0.0124,0.4789749750173092,1.68,hold,148.0,-0.0101,71.3,303.0,0.2365,0.052,,,,,,False,{},IMPROVING,whiff% -4.1pt (improving); chase% -9.2pt (improving); z-contact% +5.9pt (improving); EV90 -0.5mph (power flagging); hard-hit% +4.5pt (up); bat speed -1.3mph,0.2628,0.2594,0.2216,0.313,0.2484,0.2207,107.8,107.0,107.3,74.2,73.5,UNKNOWN,False,,,,42179,NONE,NO_OVERLAP,,False,0.2602,0.0,0.3475,0.335,0.3594,0.3519,0.0282,0.2966,0.4072,0.5609,0.8707,102.4,,,,,,,,,,,,,,,,STABLE_HIGH,"high career form, holding"
2015 Draft First Round,Daylen Lile,RF,OF,695734,0.336,0.3495390258585858,0.338,BELOW_MEDIAN,REGRESS,1.61,2.28,1,-0.01,0.5585176188564611,1.95,hold,53.0,0.0694,100.0,4.0,0.4269,0.2055,21,0.194,0.199,0.357,-0.02,True,{},MIXED,whiff% +2.0pt (worsening); chase% +11.2pt (worsening); z-contact% +3.1pt (improving); EV90 +0.3mph (power up); hard-hit% +0.8pt (up); bat speed +1.7mph,0.1471,0.2136,0.1667,0.2673,0.3725,0.3796,103.9,103.7,104.2,67.6,69.0,BABIP_DRIVEN,True,Fastball +12pt in L21d; Breaking -13pt in L21d (pitchers adjusting),,,4917889,NONE,NO_OVERLAP,,False,0.4908,1.0,0.3509,0.3451,0.3568,0.3449,0.0181,0.3095,0.3803,0.3717,0.9162,83.0,101,0.5247524752475248,0.48514851485148514,0.2957994,0.21820246666666662,0.3845915000000001,,,,,-0.158,,,,,CONSENSUS_HOLD_TYPICAL,"below median, no structural decline confirmed"
2015 Draft First Round,Sal Frelick,RF,OF,686217,0.093,0.2922153088191946,0.268,SLUMPING,BAD_LUCK,1.37,2.04,3,-0.0118,0.510828966940666,1.79,hold,112.0,0.0217,81.5,173.0,0.285,0.0457,21,0.225,0.236,0.278,-0.0066,True,{},STABLE,whiff% -0.0pt (improving); chase% -5.1pt (improving); z-contact% +2.0pt (improving); EV90 +1.3mph (power up); hard-hit% +2.3pt (up); bat speed +1.2mph,0.098,0.0883,0.0976,0.2603,0.2121,0.2091,100.3,101.9,101.6,65.5,66.2,BABIP_DRIVEN,False,No significant mix shift,,,4417795,NONE,NO_OVERLAP,,False,0.3546,1.0,0.2913,0.2857,0.2963,0.2864,0.0157,0.2557,0.3171,0.375,0.0159,99.4,313,0.6869009584664537,0.7539936102236422,0.31055418708633853,0.22399496243386247,0.41212968004378764,,,,,-0.042,,,,,HOLD_NOISE,L21d CI includes anchor — statistically indistinguishable from baseline
2015 Draft First Round,Brandon Lowe,2B,2B,664040,0.968,0.3406724733333333,0.404,PEAK,STABLE,2.08,1.88,2,0.0079,0.5549941817573196,1.94,hold,58.0,0.0378,54.1,582.0,0.2624,0.0147,,,,,,False,{},STABLE,whiff% +5.8pt (worsening); chase% -6.3pt (improving); z-contact% +0.7pt (improving); EV90 +2.1mph (power up); hard-hit% +9.4pt (up); bat speed -1.4mph,0.2896,0.2889,0.3471,0.318,0.3115,0.2552,106.4,104.9,108.5,71.7,70.1,UNKNOWN,False,,MIXED,Partial process improvement (1/6). Improving: z_contact% +3.8pt,39961,NONE,NO_OVERLAP,,False,0.762,0.0,0.3429,0.3321,0.3524,0.3667,0.0243,0.319,0.4144,0.836,0.9725,98.4,408,0.18872549019607843,0.1053921568627451,0.31447735,0.23386672544802867,0.4223517150423691,0.914,0.8,5.6,HOLD_SHORT,,0.913,0.915,0.798,0.802,CONSENSUS_HOLD_PEAK,at career peak
2015 Draft First Round,Dansby Swanson,SS,SS,621020,0.496,0.3286642500435405,0.328,TYPICAL,STABLE,1.62,1.68,2,-0.0214,0.4575102602711056,1.6,hold,196.0,-0.0626,68.4,936.0,0.2294,0.0405,,,,,,False,{},MIXED,whiff% +3.3pt (worsening); chase% +1.9pt (worsening); z-contact% +0.2pt (improving); EV90 -2.4mph (power flagging); hard-hit% +3.8pt (up); bat speed -1.3mph,0.2812,0.2761,0.314,0.2525,0.2488,0.2719,104.7,103.3,102.3,69.0,68.9,UNKNOWN,False,,,,34895,NONE,NO_OVERLAP,,False,0.5831,0.9999,0.3343,0.3247,0.344,0.3125,0.0243,0.2649,0.3601,0.1854,0.379,108.2,,,,,,,,,,,,,,,,CONSENSUS_HOLD_TYPICAL,baseline performer
2015 Draft First Round,Ildemaro Vargas,2B,2B,545121,0.717,0.2888370409523809,0.301,ABOVE_MEDIAN,STABLE,2.3,1.85,4,-0.0312,0.5442361858618243,1.9,hold,66.0,-0.0264,54.1,405.0,0.3,0.0157,,,,,,False,{},DECLINING,whiff% -7.0pt (improving); chase% +0.7pt (worsening); z-contact% +6.9pt (improving); EV90 -4.8mph (power flagging); hard-hit% -12.2pt (down); bat speed +1.9mph,0.1713,0.1209,0.1009,0.3738,0.4237,0.3805,104.9,102.7,100.1,68.3,68.7,UNKNOWN,False,,,,32985,NONE,NO_OVERLAP,,False,0.599,0.093,0.2932,0.285,0.3038,0.2829,0.0244,0.2352,0.3307,0.3377,0.064,105.9,,,,,,,,,,,,,,,,CONSENSUS_HOLD_TYPICAL,baseline performer
2015 Draft First Round,Josh Jung,3B,3B,673962,0.903,0.3134162187959047,0.376,PEAK,STABLE,1.87,1.41,2,-0.007,0.5266370925078143,1.84,hold,88.0,0.0069,57.2,292.0,0.1809,0.0305,,,,,,False,{},IMPROVING,whiff% -6.0pt (improving); chase% -5.6pt (improving); z-contact% +7.3pt (improving); EV90 -0.3mph (power flagging); hard-hit% +0.8pt (up); bat speed +0.1mph,0.2188,0.1403,0.1589,0.3316,0.3152,0.2759,103.9,103.9,103.6,69.1,69.2,UNKNOWN,False,,MIXED,Partial process improvement (2/6). Improving: whiff% -8.0pt; z_contact% +7.8pt,42437,DTD,UNKNOWN,"DTD (Soreness, Left) — slump window unknown",False,0.9642,0.0,0.3171,0.3095,0.329,0.3313,0.0267,0.2789,0.3836,0.701,0.6633,121.7,449,0.22271714922049,0.10244988864142539,0.3074116666666667,0.22456186666666664,0.39934485849569146,0.914,0.8,5.6,HOLD_SHORT,,0.913,0.915,0.798,0.802,CONSENSUS_HOLD_PEAK,at career peak
New York Ligers,Aaron Judge,RF,OF,592450,0.391,0.4362982350150959,0.418,BELOW_MEDIAN,REGRESS,2.24,3.12,0,-0.0271,0.7001136150489535,2.45,add,3.0,0.211,64.0,730.0,0.3728,0.0447,21,0.314,0.519,0.462,-0.0181,True,{},MIXED,whiff% +0.6pt (worsening); chase% +5.6pt (worsening); z-contact% +1.2pt (improving); EV90 -1.2mph (power flagging); hard-hit% +0.1pt (up); bat speed +0.3mph,0.3159,0.3095,0.3217,0.2254,0.2657,0.2816,111.9,110.1,110.7,74.8,73.9,DISCIPLINE_COLLAPSE,True,Fastball -9pt in L21d; Breaking +11pt in L21d (pitchers adjusting),,,33192,NONE,NO_OVERLAP,,False,0.5523,1.0,0.4541,0.4398,0.4707,0.402,0.0323,0.3387,0.4652,0.0537,0.9945,61.1,412,0.4830097087378641,0.4830097087378641,0.3378363481481482,0.2359169584126984,0.45168225331234096,,,,,0.057,,,,,CONSENSUS_HOLD_TYPICAL,"below median, no structural decline confirmed"
New York Ligers,Vladimir Guerrero Jr.,1B,1B,665489,0.132,0.3813042083266491,0.34,SLUMPING,REGRESS,1.81,2.34,1,-0.0228,0.5852778392918502,2.05,hold,32.0,0.0146,83.0,499.0,0.3881,0.0689,21,0.385,0.303,0.343,0.0052,True,{},DECLINING,whiff% +3.5pt (worsening); chase% +11.3pt (worsening); z-contact% -9.9pt (worsening); EV90 -5.5mph (power flagging); hard-hit% -9.7pt (down); bat speed -1.0mph,0.1922,0.1792,0.2269,0.2152,0.3103,0.3285,110.3,108.7,104.8,75.2,74.9,BABIP_DRIVEN,True,Fastball +7pt in L21d; Breaking -6pt in L21d (pitchers adjusting),,,35002,DTD,POSSIBLE_FACTOR,"DTD (Bruise, Right) — active DTD note",False,0.5024,1.0,0.3836,0.3681,0.3976,0.35,0.029,0.2931,0.4068,0.1234,0.8492,77.9,596,0.6510067114093959,0.7315436241610739,0.324250734065934,0.24587236666666668,0.42486526114299145,,,,,-0.04,,,,,HOLD_NOISE,L21d CI includes anchor — statistically indistinguishable from baseline
New York Ligers,Corbin Carroll,RF,OF,682998,0.781,0.3490662639012546,0.375,ABOVE_MEDIAN,STABLE,2.11,2.44,2,0.0139,0.635775570650507,2.23,add,12.0,0.1467,90.0,160.0,0.358,0.1125,,,,,,False,{},MIXED,whiff% +0.3pt (worsening); chase% -5.0pt (improving); z-contact% +4.9pt (improving); EV90 -0.6mph (power flagging); hard-hit% -3.8pt (down); bat speed +1.0mph,0.2164,0.2639,0.2193,0.3164,0.3022,0.2667,107.4,106.7,106.8,73.0,73.7,UNKNOWN,False,,,,42404,NONE,NO_OVERLAP,,False,0.4291,0.0014,0.3505,0.3406,0.3605,0.3683,0.0262,0.3169,0.4196,0.7508,0.9673,77.3,,,,,,,,,,,,,,,,CONSENSUS_HOLD_TYPICAL,baseline performer
New York Ligers,Elly De La Cruz,SS,SS,682829,0.858,0.3218900634320504,0.375,HIGH,STABLE,1.93,1.95,7,-0.0102,0.5402980338567024,1.89,hold,72.0,0.0202,66.1,307.0,0.2239,0.1025,,,,,,False,{},IMPROVING,whiff% -3.3pt (improving); chase% -1.6pt (improving); z-contact% +5.6pt (improving); EV90 -0.1mph (power flagging); hard-hit% -0.2pt (down); bat speed +0.2mph,0.2788,0.2598,0.2456,0.2852,0.2495,0.2695,107.7,109.8,107.6,72.5,73.3,UNKNOWN,False,,,,4917694,NONE,NO_OVERLAP,,False,0.6275,0.0,0.3272,0.3161,0.3409,0.3289,0.0287,0.2726,0.3852,0.5244,0.6217,97.0,,,,,,,,,,,,,,,,STABLE_HIGH,"high career form, holding"
New York Ligers,Trea Turner,SS,SS,607208,0.165,0.3402760418215023,0.306,SLUMPING,REGRESS,1.25,2.23,1,0.0006,0.5106177893002026,1.79,hold,113.0,-0.0095,81.4,167.0,0.2886,0.0996,21,0.343,0.386,0.285,0.0071,True,{},STABLE,whiff% +1.1pt (worsening); chase% -0.8pt (improving); z-contact% +0.6pt (improving); EV90 +0.6mph (power up); hard-hit% +5.5pt (up); bat speed +0.6mph,0.2181,0.24,0.2288,0.3117,0.3462,0.3038,104.2,103.7,104.8,69.5,70.0,MIXED,False,No significant mix shift,,,33710,NONE,NO_OVERLAP,,False,0.3262,1.0,0.3322,0.3218,0.3435,0.3144,0.0263,0.2628,0.366,0.2484,0.4157,85.5,370,0.6081081081081081,0.654054054054054,0.34329592900432904,0.25458212478260867,0.44206656073359085,,,,,0.101,,,,,HOLD_NOISE,L21d CI includes anchor — statistically indistinguishable from baseline
New York Ligers,Pete Alonso,1B,1B,624413,0.676,0.3615298012387416,0.379,ABOVE_MEDIAN,REGRESS,1.6,2.25,2,0.0052,0.5752668060776795,2.01,hold,42.0,0.0046,96.6,148.0,0.3448,0.1581,,,,,,False,{},MIXED,whiff% +3.3pt (worsening); chase% -0.9pt (improving); z-contact% +0.5pt (improving); EV90 -1.5mph (power flagging); hard-hit% +6.8pt (up); bat speed +0.3mph,0.2185,0.2601,0.2519,0.2743,0.2624,0.2653,110.1,107.0,108.6,73.6,72.8,UNKNOWN,False,,,,37498,NONE,NO_OVERLAP,,False,0.7565,0.0402,0.3648,0.3542,0.3768,0.3804,0.0265,0.3285,0.4324,0.7225,0.9888,86.3,,,,,,,,,,,,,,,,CONSENSUS_HOLD_TYPICAL,baseline performer
New York Ligers,Wyatt Langford,LF,OF,694671,0.483,0.3355932818592051,0.332,TYPICAL,REGRESS,1.25,1.8,1,0.0071,0.4890996458118476,1.71,hold,135.0,0.0,90.6,85.0,0.2836,0.1538,,,,,,False,{},MIXED,whiff% -3.1pt (improving); chase% +6.9pt (worsening); z-contact% +0.7pt (improving); EV90 -1.8mph (power flagging); hard-hit% -2.2pt (down); bat speed -0.3mph,0.2331,0.2179,0.2025,0.2338,0.2941,0.3026,107.0,105.6,105.2,71.5,70.9,UNKNOWN,False,,,,4719324,DTD,UNKNOWN,"DTD (Strain, Right) — slump window unknown",False,0.6819,0.9397,0.3399,0.3304,0.3477,0.328,0.0251,0.2787,0.3772,0.3167,0.6242,98.6,,,,,,,,,,,,,,,,CONSENSUS_HOLD_TYPICAL,baseline performer
New York Ligers,Luis Arraez,1B,1B,650333,0.309,0.3328962560297577,0.32,BELOW_MEDIAN,STABLE,1.91,2.05,1,0.0083,0.5463723931781026,1.91,hold,65.0,0.0292,94.8,173.0,0.3924,0.0842,21,0.253,0.243,0.326,-0.0089,True,{},MIXED,whiff% +1.3pt (worsening); chase% -3.9pt (improving); z-contact% +0.3pt (improving); EV90 -0.1mph (power flagging); hard-hit% +4.2pt (up); bat speed +0.4mph,0.0382,0.0665,0.0515,0.34,0.3294,0.3014,96.6,96.5,96.5,60.4,61.3,HOLDING,False,No significant mix shift,,,39572,NONE,NO_OVERLAP,,False,0.2758,0.9423,0.3279,0.3187,0.3368,0.3203,0.0244,0.2725,0.368,0.3768,0.5042,87.4,919,0.5223068552774756,0.5266594124047879,0.3202764884531591,0.2329912450574713,0.42228938919965225,,,,,-0.083,,,,,CONSENSUS_HOLD_TYPICAL,"below median, no structural decline confirmed"
New York Ligers,Salvador Perez,C,C,521692,0.145,0.3411060154964513,0.288,SLUMPING,REGRESS,1.17,1.83,0,0.0027,0.46910003747702,1.64,hold,170.0,-0.0573,97.0,201.0,0.2822,0.1554,21,0.459,0.424,0.261,0.0244,False,{},MIXED,whiff% +1.1pt (worsening); chase% +6.7pt (worsening); z-contact% +2.6pt (improving); EV90 -1.0mph (power flagging); hard-hit% +2.5pt (up); bat speed -1.2mph,0.2244,0.2334,0.2353,0.4225,0.4525,0.4894,107.0,105.2,106.0,71.3,70.0,HOLDING,False,No significant mix shift,,,31127,NONE,NO_OVERLAP,,False,0.3207,1.0,0.3428,0.3285,0.3557,0.3219,0.0302,0.2628,0.381,0.2431,0.525,102.5,232,0.6120689655172413,0.646551724137931,0.3319485623188406,0.2522665855555556,0.439727843832442,,,,,0.163,,,,,CONSENSUS_HOLD_BOUNCE,97% historical bounce rate; shrunk gap +0.024
New York Ligers,Bo Bichette,SS,SS,666182,0.541,0.338315307416306,0.342,TYPICAL,REGRESS,1.18,2.27,0,-0.0037,0.5647837975988008,1.98,hold,48.0,0.0451,100.0,41.0,0.2956,0.1618,,,,,,False,{},MIXED,whiff% -1.4pt (improving); chase% +6.0pt (worsening); z-contact% -0.2pt (worsening); EV90 +0.1mph (power up); hard-hit% -1.5pt (down); bat speed +2.2mph,0.1576,0.1376,0.1438,0.3523,0.3841,0.4122,105.5,105.5,105.6,67.1,68.0,UNKNOWN,False,,,,38904,NONE,NO_OVERLAP,,False,0.6701,0.4597,0.3402,0.331,0.3501,0.3347,0.0228,0.2901,0.3794,0.4052,0.7411,94.2,,,,,,,,,,,,,,,,CONSENSUS_HOLD_TYPICAL,baseline performer
New York Ligers,Michael Harris II,CF,OF,671739,0.774,0.3414093584186263,0.376,ABOVE_MEDIAN,STABLE,1.87,1.65,4,-0.0365,0.6243066966766491,2.19,add,16.0,0.1352,59.8,415.0,0.3035,0.0403,,,,,,False,{},MIXED,whiff% +1.5pt (worsening); chase% +2.9pt (worsening); z-contact% +3.6pt (improving); EV90 +1.6mph (power up); hard-hit% +9.8pt (up); bat speed -0.0mph,0.199,0.1956,0.2143,0.4286,0.4347,0.4576,108.6,109.5,110.2,72.0,73.3,UNKNOWN,False,,,,42470,NONE,NO_OVERLAP,,False,0.6237,0.0,0.342,0.3296,0.3582,0.323,0.0308,0.2627,0.3834,0.2688,0.5389,103.4,,,,,,,,,,,,,,,,CONSENSUS_HOLD_TYPICAL,baseline performer
New York Ligers,Jordan Walker,RF,OF,691023,0.818,0.3024972760875403,0.354,HIGH,IMPROVING,2.22,0.95,6,-0.0155,0.5225991084410916,1.83,hold,93.0,0.0335,51.8,228.0,0.1443,0.0068,,,,,,False,{},DECLINING,whiff% -1.6pt (improving); chase% +1.1pt (worsening); z-contact% -10.5pt (worsening); EV90 -0.5mph (power flagging); hard-hit% -11.9pt (down); bat speed +1.3mph,0.3268,0.2905,0.3109,0.3398,0.349,0.3504,110.0,110.8,109.5,76.1,76.9,UNKNOWN,False,,,,4684778,NONE,NO_OVERLAP,,False,1.0,0.0,0.3119,0.3024,0.3254,0.3486,0.0307,0.2884,0.4087,0.8838,0.824,143.8,,,,,,,,,,,,,,,,STABLE_HIGH,"high career form, holding"
New York Ligers,Max Muncy,3B,3B,571970,0.863,0.3674812666666667,0.416,HIGH,REGRESS,1.82,2.33,2,0.0037,0.3791670583573299,1.33,drop,331.0,-0.1406,100.0,11.0,0.1455,0.0621,,,,,,False,{},DECLINING,whiff% +7.5pt (worsening); chase% +7.8pt (worsening); z-contact% -10.0pt (worsening); EV90 -2.3mph (power flagging); hard-hit% -5.8pt (down); bat speed +0.9mph,0.215,0.2624,0.2905,0.1995,0.2462,0.2778,105.8,106.7,103.5,69.1,70.3,UNKNOWN,False,,,,33303,DTD,UNKNOWN,"DTD (Bruise, Right) — slump window unknown",False,0.7747,0.0,0.3721,0.3614,0.386,0.3794,0.029,0.3226,0.4362,0.5971,0.9798,81.7,,,,,,,,,,,,,,,,STABLE_HIGH,"high career form, holding"
Frendy's Fantastic Team,Shohei Ohtani,DH,UTIL/DH,660271,0.448,0.3957178438244925,0.391,TYPICAL,REGRESS,1.84,2.76,2,-0.0143,0.6581326141506562,2.3,hold,8.0,0.0,88.1,285.0,0.3284,0.0983,,,,,,False,{},DECLINING,whiff% -9.1pt (improving); chase% -3.2pt (improving); z-contact% +6.0pt (improving); EV90 -6.0mph (power flagging); hard-hit% -14.0pt (down); bat speed -1.6mph,0.3024,0.2371,0.2117,0.2597,0.2833,0.2273,110.1,107.9,104.1,74.0,73.1,UNKNOWN,False,,,,39832,NONE,NO_OVERLAP,,False,0.7709,1.0,0.4134,0.399,0.4301,0.3993,0.0326,0.3355,0.4631,0.3322,0.9926,63.4,,,,,,,,,,,,,,,,CONSENSUS_HOLD_TYPICAL,baseline performer
Frendy's Fantastic Team,Julio Rodriguez,CF,OF,677594,0.802,0.3412798252125911,0.369,HIGH,REGRESS,1.45,2.19,0,-0.0045,0.5868032478335071,2.05,add,29.0,0.0977,92.1,227.0,0.2624,0.1047,,,,,,False,{},IMPROVING,whiff% -2.1pt (improving); chase% +0.4pt (worsening); z-contact% +5.1pt (improving); EV90 +1.0mph (power up); hard-hit% +2.6pt (up); bat speed +0.4mph,0.2549,0.2343,0.2344,0.3587,0.3833,0.3632,108.8,107.5,109.8,74.9,74.8,UNKNOWN,False,,,,41044,NONE,NO_OVERLAP,,False,0.5815,0.0,0.3428,0.3332,0.3518,0.3456,0.0237,0.2992,0.3921,0.5478,0.8603,91.7,,,,,,,,,,,,,,,,STABLE_HIGH,"high career form, holding"
Frendy's Fantastic Team,Jackson Chourio,CF,OF,694192,0.486,0.3106356513564532,0.31,TYPICAL,STABLE,2.09,2.12,2,-0.0036,0.532502334130315,1.86,hold,83.0,0.0434,,,,,,,,,,False,{},IMPROVING,whiff% -2.6pt (improving); chase% -6.9pt (improving); z-contact% +12.7pt (improving); EV90 +0.4mph (power up); hard-hit% +12.2pt (up); bat speed +1.2mph,0.2257,0.2279,0.2,0.3677,0.3885,0.2985,105.9,107.7,106.3,71.4,71.6,UNKNOWN,False,,,,4917869,NONE,NO_OVERLAP,,False,0.9678,1.0,0.3203,0.3098,0.3334,0.3159,0.0306,0.2558,0.3759,0.4412,0.4463,88.2,,,,,,,,,,,,,,,,CONSENSUS_HOLD_TYPICAL,baseline performer
Frendy's Fantastic Team,Cody Bellinger,LF,OF,641355,0.938,0.3251723674247783,0.421,PEAK,STABLE,2.38,2.4,6,0.0061,0.6452349592130159,2.26,add,9.0,0.1561,56.7,866.0,0.3085,0.0183,,,,,,False,{},MIXED,whiff% -1.2pt (improving); chase% -7.2pt (improving); z-contact% -3.3pt (worsening); EV90 -1.9mph (power flagging); hard-hit% +1.6pt (up); bat speed -0.2mph,0.1489,0.1483,0.1368,0.3009,0.238,0.2288,102.7,103.5,100.8,68.7,68.7,UNKNOWN,False,,MIXED,Partial process improvement (2/6). Improving: chase% -6.3pt; xwOBAcon +0.046,33912,NONE,NO_OVERLAP,,False,0.7603,0.0,0.3266,0.3153,0.3471,0.3798,0.0304,0.3203,0.4394,0.9606,0.9756,78.3,570,0.20526315789473684,0.13859649122807016,0.33935232936507936,0.24475712888888887,0.45422756333333336,0.914,0.8,5.6,HOLD_SHORT,,0.913,0.915,0.798,0.802,CONSENSUS_HOLD_PEAK,at career peak
Frendy's Fantastic Team,Nico Hoerner,2B,2B,663538,0.821,0.3161012821505376,0.336,HIGH,STABLE,2.1,2.22,2,-0.0113,0.576722796528188,2.02,hold,40.0,0.0595,59.7,635.0,0.3317,0.0245,,,,,,False,{},STABLE,whiff% +1.5pt (worsening); chase% -2.1pt (improving); z-contact% +3.0pt (improving); EV90 +0.1mph (power up); hard-hit% +1.5pt (up); bat speed +1.5mph,0.092,0.0886,0.1071,0.3236,0.3101,0.3025,100.7,100.0,100.8,66.7,66.8,UNKNOWN,False,,,,41219,NONE,NO_OVERLAP,,False,0.596,0.0,0.3189,0.3119,0.3267,0.321,0.02,0.2819,0.3602,0.5445,0.5205,86.4,,,,,,,,,,,,,,,,STABLE_HIGH,"high career form, holding"
Frendy's Fantastic Team,George Springer,DH,UTIL/DH,543807,0.017,0.3597922266666666,0.301,SLUMPING,REGRESS,1.01,2.71,0,-0.0042,0.4921456049126929,1.72,hold,130.0,0.0665,95.7,281.0,0.3202,0.1791,21,0.306,0.387,0.274,0.004,True,{},DECLINING,whiff% +0.1pt (worsening); chase% +11.0pt (worsening); z-contact% +5.0pt (improving); EV90 -6.4mph (power flagging); hard-hit% -13.2pt (down); bat speed -2.1mph,0.2308,0.2168,0.2321,0.2046,0.2789,0.3143,107.2,102.9,100.8,71.4,70.1,DISCIPLINE_COLLAPSE,True,Fastball +11pt in L21d; Breaking -6pt in L21d (pitchers adjusting),,,32078,NONE,NO_OVERLAP,,False,0.5421,1.0,0.3591,0.349,0.3729,0.3167,0.0299,0.258,0.3754,0.0787,0.4563,86.3,103,0.6893203883495146,0.7378640776699029,0.33682010269276724,0.24675814923076916,0.44293421919018405,,,,,0.113,,,,,HOLD_NOISE,L21d CI includes anchor — statistically indistinguishable from baseline
Frendy's Fantastic Team,Christian Yelich,DH,UTIL/DH,592885,0.065,0.3640672811740191,0.307,SLUMPING,STABLE,1.75,2.0,0,-0.0029,0.4621222731267093,1.62,hold,184.0,-0.027,92.3,487.0,0.2941,0.133,21,0.258,0.308,0.293,-0.0044,True,{},DECLINING,whiff% +5.8pt (worsening); chase% -0.2pt (improving); z-contact% -7.0pt (worsening); EV90 +0.5mph (power up); hard-hit% -15.5pt (down); bat speed +0.4mph,0.2496,0.2907,0.3077,0.2553,0.2716,0.2535,106.7,104.2,107.2,71.0,70.0,MIXED,False,No significant mix shift,,,31283,NONE,NO_OVERLAP,,False,0.4747,1.0,0.3567,0.3457,0.3731,0.34,0.0363,0.2689,0.4112,0.3226,0.7094,85.9,224,0.6785714285714286,0.71875,0.3371372349726776,0.24804206128453107,0.43768806575757585,,,,,0.015,,,,,HOLD_NOISE,L21d CI includes anchor — statistically indistinguishable from baseline
Frendy's Fantastic Team,Ozzie Albies,2B,2B,645277,0.397,0.3174722333333333,0.31,BELOW_MEDIAN,STABLE,2.05,1.82,1,-0.0104,0.5202813939952132,1.82,hold,95.0,0.0031,55.4,955.0,0.3267,0.0132,21,0.32,0.258,0.301,0.0024,True,{},DECLINING,whiff% +6.0pt (worsening); chase% +1.4pt (worsening); z-contact% +0.7pt (improving); EV90 +1.8mph (power up); hard-hit% -3.1pt (down); bat speed +0.5mph,0.1757,0.1905,0.2358,0.3346,0.3597,0.3488,100.8,100.8,102.6,66.8,66.8,HOLDING,True,Breaking +11pt in L21d; Offspeed -10pt in L21d (pitchers adjusting),,,33783,NONE,NO_OVERLAP,,False,0.6638,0.9669,0.3154,0.3067,0.3258,0.3028,0.0238,0.2562,0.3493,0.3,0.234,91.1,777,0.5096525096525096,0.5225225225225225,0.33476111111111106,0.24412909090909088,0.4523637695637338,,,,,-0.043,,,,,CONSENSUS_HOLD_TYPICAL,"below median, no structural decline confirmed"
Frendy's Fantastic Team,Taylor Ward,LF,OF,621493,0.71,0.3436022412451877,0.362,ABOVE_MEDIAN,STABLE,1.57,1.96,3,-0.0227,0.4906674193262315,1.72,hold,131.0,0.0016,69.7,551.0,0.2906,0.0685,,,,,,False,{},IMPROVING,whiff% -6.1pt (improving); chase% -9.8pt (improving); z-contact% +1.6pt (improving); EV90 -1.8mph (power flagging); hard-hit% -9.3pt (down); bat speed -2.9mph,0.205,0.1538,0.1442,0.2062,0.1084,0.1081,105.1,102.6,103.3,67.6,65.7,UNKNOWN,False,,,,34923,NONE,NO_OVERLAP,,False,0.4517,0.0,0.3434,0.3329,0.3544,0.3232,0.0259,0.2725,0.3738,0.2158,0.5486,100.7,,,,,,,,,,,,,,,,CONSENSUS_HOLD_TYPICAL,baseline performer
Frendy's Fantastic Team,Drake Baldwin,C,C,686948,0.998,0.3636317083788537,0.417,PEAK,STABLE,2.41,2.35,5,0.0091,0.679138741897099,2.38,add,4.0,0.1527,89.8,59.0,0.4109,0.0948,,,,,,False,{},MIXED,whiff% +1.1pt (worsening); chase% +6.8pt (worsening); z-contact% +1.7pt (improving); EV90 +1.8mph (power up); hard-hit% +5.2pt (up); bat speed -1.1mph,0.1592,0.1899,0.1697,0.2878,0.3438,0.3554,106.3,107.4,108.1,73.6,72.9,UNKNOWN,False,,MIXED,Partial process improvement (1/6). Improving: xwOBAcon +0.110,4810190,DTD,UNKNOWN,"DTD (Strain, Right) — slump window unknown",False,0.2655,0.0,0.3641,0.358,0.369,0.3766,0.0171,0.343,0.4102,0.7692,0.9995,80.4,84,0.05952380952380952,0.011904761904761904,0.26288601428571434,0.19885888645502647,0.3356601255555556,0.914,0.8,5.6,HOLD_SHORT,,0.913,0.915,0.798,0.802,CONSENSUS_HOLD_PEAK,at career peak
Frendy's Fantastic Team,Kevin McGonigle,SS,SS,805808,,,,INSUFFICIENT,NO_BASELINE,2.02,0.0,0,-0.026,0.5296048230042207,1.85,hold,86.0,0.0095,,0.0,,,,,,,,False,{},MIXED,no baseline data,,0.123,0.1207,,0.1839,0.1341,,102.6,105.1,,69.5,UNKNOWN,False,,,,5149072,NONE,NO_OVERLAP,,False,0.0863,1.0,0.3817,0.3785,0.3848,0.379,0.008,0.3633,0.3946,0.3883,1.0,110.3,,,,,,,,,,,,,,,,INSUFFICIENT_DATA,no career sample
Frendy's Fantastic Team,Munetaka Murakami,3B,3B,808959,,,,INSUFFICIENT,NO_BASELINE,1.95,0.0,0,-0.0201,0.5085159078839729,1.78,hold,117.0,-0.0621,,0.0,,,,,,,,False,{},MIXED,no baseline data,,0.3949,0.3879,,0.2205,0.2047,,109.0,107.6,,73.3,UNKNOWN,False,,,,4872595,NONE,NO_OVERLAP,,False,0.0,0.0,0.3934,0.3897,0.3963,0.3918,0.0122,0.3679,0.4156,0.4453,1.0,110.3,,,,,,,,,,,,,,,,INSUFFICIENT_DATA,no career sample
Frendy's Fantastic Team,Sal Stewart,1B,1B,701398,,,,INSUFFICIENT,STABLE,2.22,2.23,3,-0.0116,0.5862372815087779,2.05,hold,30.0,0.0156,,0.0,,,,,,,,False,{},DECLINING,whiff% -1.4pt (improving); chase% -3.2pt (improving); z-contact% +0.2pt (improving); EV90 -4.8mph (power flagging); hard-hit% -13.5pt (down); bat speed +0.1mph,0.2124,0.2104,0.1988,0.3273,0.296,0.2952,107.4,105.9,102.6,70.7,70.1,UNKNOWN,False,,,,5080771,NONE,NO_OVERLAP,,False,0.9843,1.0,0.3791,0.3734,0.3875,0.3709,0.0232,0.3255,0.4163,0.3654,0.9859,92.0,,,,,,,,,,,,,,,,INSUFFICIENT_DATA,no career sample
Frendy's Fantastic Team,Cam Smith,RF,OF,701358,0.573,0.329158143655914,0.334,TYPICAL,STABLE,1.09,1.31,5,-0.0041,0.3967294577983863,1.39,drop,305.0,-0.0924,100.0,56.0,0.1681,0.0767,,,,,,False,{},DECLINING,whiff% +9.7pt (worsening); chase% +8.4pt (worsening); z-contact% -4.8pt (worsening); EV90 -3.2mph (power flagging); hard-hit% -10.1pt (down); bat speed +1.1mph,0.252,0.2912,0.3485,0.2962,0.3157,0.3803,105.7,107.7,102.5,72.3,75.0,UNKNOWN,False,,,,5080766,NONE,NO_OVERLAP,,False,0.0,0.0,0.3145,0.2995,0.3243,0.316,0.0324,0.2525,0.3795,0.5224,0.4509,138.0,,,,,,,,,,,,,,,,CONSENSUS_HOLD_TYPICAL,baseline performer
Frendy's Fantastic Team,Jo Adell,CF,OF,666176,0.734,0.3171771153584013,0.343,ABOVE_MEDIAN,REGRESS,1.24,1.91,1,0.0121,0.4524791170018939,1.58,hold,214.0,-0.0366,80.6,232.0,0.165,0.1166,,,,,,False,{},IMPROVING,whiff% -3.5pt (improving); chase% +9.2pt (worsening); z-contact% +5.8pt (improving); EV90 -0.7mph (power flagging); hard-hit% -2.1pt (down); bat speed -0.2mph,0.2528,0.2403,0.2183,0.3276,0.3895,0.4194,109.0,108.7,108.3,75.3,75.3,UNKNOWN,False,,,,40854,NONE,NO_OVERLAP,,False,0.59,0.0311,0.3232,0.3059,0.3433,0.3422,0.0342,0.2751,0.4093,0.7098,0.7419,104.0,,,,,,,,,,,,,,,,CONSENSUS_HOLD_TYPICAL,baseline performer
Frendy's Fantastic Team,Josh Naylor,1B,1B,647304,0.924,0.3287898505894577,0.368,PEAK,REGRESS,1.42,2.45,1,0.0101,0.5706382166694635,2.0,hold,44.0,0.0,98.7,76.0,0.2691,0.0833,,,,,,False,{},DECLINING,whiff% -3.0pt (improving); chase% -7.0pt (improving); z-contact% -0.7pt (worsening); EV90 +0.4mph (power up); hard-hit% +3.1pt (up); bat speed -0.4mph,0.1965,0.1816,0.1667,0.3696,0.3622,0.3,104.3,102.5,104.7,68.6,68.1,UNKNOWN,False,,OUTCOME_DRIVEN,No process metrics improved. Surface outcomes likely inflated over true skill.,35066,NONE,NO_OVERLAP,,False,0.5925,0.0,0.332,0.3251,0.3403,0.3384,0.0212,0.2968,0.3801,0.6183,0.8074,77.7,778,0.21079691516709512,0.15295629820051415,0.31903461973230174,0.2324693763855951,0.4257457566666667,0.892,0.762,5.6,HOLD_SHORT,,0.89,0.895,0.759,0.765,SELL_HIGH_WARNING,PEAK form + process DECLINING + REGRESS (shrunk N/A)
Frendy's Fantastic Team,Miguel Vargas,3B,3B,678246,0.994,0.3067276597777113,0.43,PEAK,STABLE,2.18,1.9,5,0.0092,0.579981998712634,2.03,hold,36.0,0.0603,53.8,240.0,0.2494,0.0224,,,,,,False,{},IMPROVING,whiff% -0.5pt (improving); chase% -0.6pt (improving); z-contact% -1.8pt (worsening); EV90 -0.2mph (power flagging); hard-hit% +3.1pt (up); bat speed +2.9mph,0.1716,0.1486,0.1667,0.2147,0.1757,0.2089,103.1,105.2,102.9,68.5,71.9,UNKNOWN,False,,PROCESS_DRIVEN,bat_speed +3.4mph — whiff% -2.2pt — chase% -3.9pt — xwOBAcon +0.081 — all physical inputs improved,42453,NONE,NO_OVERLAP,,False,0.4703,0.0,0.3121,0.3,0.3303,0.3785,0.0322,0.3154,0.4417,0.9802,0.9654,110.3,222,0.12162162162162163,0.036036036036036036,0.29725510833333335,0.2269397666666667,0.3939134169503546,0.927,0.822,6.7,HOLD_SHORT,,0.925,0.928,0.82,0.824,CONSENSUS_HOLD_PEAK,at career peak
Frendy's Fantastic Team,Ivan Herrera,DH,UTIL/DH,671056,0.382,0.3652097715207756,0.357,BELOW_MEDIAN,STABLE,1.85,2.18,1,-0.0243,0.5506012125243214,1.93,hold,60.0,0.0242,91.8,122.0,0.4,0.1513,21,0.332,0.391,0.355,-0.0029,True,{},IMPROVING,whiff% -2.4pt (improving); chase% -1.9pt (improving); z-contact% +1.8pt (improving); EV90 -0.5mph (power flagging); hard-hit% -0.3pt (down); bat speed -0.0mph,0.2076,0.1781,0.1835,0.2506,0.2634,0.232,107.7,105.5,107.2,72.4,72.3,MIXED,False,No significant mix shift,,,41889,NONE,NO_OVERLAP,,False,0.8062,1.0,0.372,0.3643,0.3799,0.3508,0.0235,0.3048,0.3969,0.1844,0.9052,89.0,287,0.4634146341463415,0.4738675958188153,0.29673573783993784,0.21471122666666667,0.39186982666666664,,,,,0.036,,,,,CONSENSUS_HOLD_TYPICAL,"below median, no structural decline confirmed"
Treasure Island Mashers,Juan Soto,RF,OF,665742,0.498,0.4183362495403655,0.418,TYPICAL,REGRESS,2.05,2.73,2,-0.0205,0.7062379823261242,2.47,add,2.0,0.2171,85.8,490.0,0.4378,0.1083,,,,,,False,{},DECLINING,whiff% +3.0pt (worsening); chase% +4.2pt (worsening); z-contact% +3.1pt (improving); EV90 +1.3mph (power up); hard-hit% -14.8pt (down); bat speed +0.2mph,0.1958,0.1852,0.2258,0.1582,0.2226,0.2,108.0,107.4,109.3,71.0,70.2,UNKNOWN,False,,,,36969,DTD,UNKNOWN,"DTD (Not Specified, Not Specified) — slump window unknown",False,0.5371,0.9548,0.4256,0.4144,0.4385,0.3949,0.0288,0.3385,0.4513,0.1429,0.9954,67.9,,,,,,,,,,,,,,,,CONSENSUS_HOLD_TYPICAL,baseline performer
Treasure Island Mashers,Fernando Tatis Jr.,RF,OF,665487,0.183,0.3785355596569278,0.346,SLUMPING,REGRESS,0.98,2.25,1,-0.0163,0.4704268972221741,1.65,hold,167.0,-0.0187,100.0,11.0,0.3054,0.1849,21,0.339,0.333,0.341,-0.0002,True,{},DECLINING,whiff% +4.3pt (worsening); chase% +10.0pt (worsening); z-contact% +3.3pt (improving); EV90 -0.3mph (power flagging); hard-hit% -8.6pt (down); bat speed +1.2mph,0.2462,0.2751,0.2893,0.2431,0.3048,0.3435,108.6,108.5,108.3,71.3,72.1,MIXED,True,Fastball -8pt in L21d; Offspeed +6pt in L21d (pitchers adjusting),,,35983,NONE,NO_OVERLAP,,False,0.603,1.0,0.3764,0.366,0.3869,0.355,0.0268,0.3023,0.4076,0.213,0.9036,85.7,647,0.5811437403400309,0.6321483771251932,0.31353807113237636,0.23185132372294376,0.409684254552421,,,,,-0.008,,,,,HOLD_NOISE,L21d CI includes anchor — statistically indistinguishable from baseline
Treasure Island Mashers,Roman Anthony,RF,OF,701350,0.103,0.3705478936768175,0.355,SLUMPING,BAD_LUCK,1.12,1.89,3,-0.0004,0.4597277958711054,1.61,hold,190.0,-0.0294,,0.0,,,21,0.409,0.479,0.343,0.0082,True,{},IMPROVING,whiff% -4.9pt (improving); chase% +5.6pt (worsening); z-contact% +5.8pt (improving); EV90 -1.6mph (power flagging); hard-hit% +2.3pt (up); bat speed +1.5mph,0.2792,0.2414,0.2299,0.2006,0.2158,0.2569,107.4,106.4,105.8,72.8,74.0,MIXED,True,Fastball -14pt in L21d; Breaking +12pt in L21d (pitchers adjusting),,,5080767,DTD,POSSIBLE_FACTOR,"DTD (Sprain, Right) — active DTD note",False,0.8863,1.0,0.3724,0.3675,0.3771,0.3742,0.015,0.3447,0.4036,0.5461,0.9998,98.6,26,0.8846153846153846,1.0,0.32414399896214896,0.25293844259259257,0.3844785137917638,,,,,0.136,,,,,CONSENSUS_HOLD_BOUNCE,"process IMPROVING (whiff/chase/Z-contact) despite career-low percentile — outcome noise, not skill decline"
Treasure Island Mashers,Francisco Lindor,SS,SS,596019,0.815,0.3435533799999999,0.388,HIGH,REGRESS,1.57,2.31,1,-0.0062,0.5348478345744044,1.87,hold,75.0,0.0147,99.5,204.0,0.3614,0.152,,,,,,False,{},MIXED,whiff% +7.8pt (worsening); chase% +2.5pt (worsening); z-contact% -1.1pt (worsening); EV90 +0.8mph (power up); hard-hit% +7.0pt (up); bat speed +3.5mph,0.1803,0.226,0.2588,0.2658,0.2763,0.2913,104.5,104.4,105.3,69.0,71.6,UNKNOWN,False,,,,32129,DTD,UNKNOWN,"DTD (Strain, Left) — slump window unknown",False,0.6388,0.0,0.351,0.3397,0.3618,0.3377,0.0283,0.2822,0.3932,0.3189,0.7343,78.8,,,,,,,,,,,,,,,,STABLE_HIGH,"high career form, holding"
Treasure Island Mashers,Nick Kurtz,1B,1B,701762,0.757,0.3923708,0.418,ABOVE_MEDIAN,BAD_LUCK,1.68,2.51,4,-0.0122,0.6310731450927236,2.21,hold,13.0,0.0604,100.0,3.0,0.495,0.3322,,,,,,False,{},IMPROVING,whiff% -4.4pt (improving); chase% +1.7pt (worsening); z-contact% +6.1pt (improving); EV90 +3.3mph (power up); hard-hit% +5.1pt (up); bat speed +1.1mph,0.323,0.3157,0.2789,0.2237,0.2164,0.2404,108.5,111.4,111.8,75.3,76.1,UNKNOWN,False,,,,4966637,NONE,NO_OVERLAP,,False,0.3371,0.0,0.3889,0.3798,0.399,0.3806,0.027,0.3277,0.4334,0.3814,0.9877,75.2,,,,,,,,,,,,,,,,CONSENSUS_HOLD_TYPICAL,baseline performer
Treasure Island Mashers,Brice Turang,2B,2B,668930,0.971,0.3091553430363101,0.407,PEAK,STABLE,2.17,1.99,4,-0.0231,0.5889169313527992,2.06,hold,27.0,0.0717,57.4,383.0,0.2277,0.0225,,,,,,False,{},IMPROVING,whiff% -3.6pt (improving); chase% -7.6pt (improving); z-contact% +0.9pt (improving); EV90 +0.1mph (power up); hard-hit% +7.8pt (up); bat speed +0.6mph,0.1861,0.1606,0.1504,0.2373,0.2045,0.1608,104.2,105.7,104.3,67.6,68.0,UNKNOWN,False,,PROCESS_DRIVEN,whiff% -2.1pt — chase% -3.3pt — xwOBAcon +0.052 — all physical inputs improved,41179,NONE,NO_OVERLAP,,False,0.9195,0.0,0.3214,0.3096,0.3362,0.3314,0.0293,0.2741,0.3888,0.6345,0.6519,102.3,447,0.1610738255033557,0.09172259507829977,0.31299233950617283,0.22549058666666666,0.3909357333333333,0.927,0.822,6.7,HOLD_SHORT,,0.925,0.928,0.82,0.824,CONSENSUS_HOLD_PEAK,at career peak
Treasure Island Mashers,Adley Rutschman,C,C,668939,0.573,0.3413749640949358,0.349,TYPICAL,STABLE,2.03,1.6,3,0.0108,0.5821389342000296,2.04,hold,35.0,0.0557,55.2,451.0,0.3333,0.012,,,,,,False,{},STABLE,whiff% -0.2pt (improving); chase% -0.9pt (improving); z-contact% +0.2pt (improving); EV90 -1.2mph (power flagging); hard-hit% +16.2pt (up); bat speed +1.7mph,0.1273,0.1266,0.125,0.2158,0.2632,0.2063,104.6,102.7,103.4,68.2,69.7,UNKNOWN,False,,,,42178,NONE,NO_OVERLAP,,False,0.7336,0.0924,0.3398,0.3298,0.3518,0.3508,0.0273,0.2973,0.4042,0.6565,0.8703,100.3,,,,,,,,,,,,,,,,CONSENSUS_HOLD_TYPICAL,baseline performer
Treasure Island Mashers,Randy Arozarena,LF,OF,668227,0.349,0.3181707308726144,0.309,BELOW_MEDIAN,STABLE,1.74,1.78,3,0.0009,0.489348546708692,1.71,hold,134.0,0.0002,74.2,453.0,0.2574,0.0763,21,0.41,0.433,0.304,0.013,True,{},DECLINING,whiff% +2.5pt (worsening); chase% +3.8pt (worsening); z-contact% -3.2pt (worsening); EV90 -2.7mph (power flagging); hard-hit% -1.9pt (down); bat speed -1.2mph,0.2637,0.2476,0.2887,0.2526,0.3151,0.2901,106.7,104.3,104.0,70.1,68.2,HOLDING,False,No significant mix shift,,,36488,NONE,NO_OVERLAP,,False,0.7739,1.0,0.323,0.3127,0.3337,0.324,0.0254,0.2741,0.3739,0.5169,0.5627,103.8,811,0.4870530209617756,0.4969173859432799,0.3179139333333333,0.23399960000000006,0.42023333333333335,,,,,0.129,,,,,CONSENSUS_HOLD_TYPICAL,"below median, no structural decline confirmed"
Treasure Island Mashers,Rafael Devers,DH,UTIL/DH,646240,0.018,0.366251079015498,0.273,SLUMPING,REGRESS,0.82,2.04,0,0.0138,0.4542903274305293,1.59,drop,207.0,-0.1163,100.0,7.0,0.4483,0.468,21,0.394,0.552,0.264,0.016,True,{},DECLINING,whiff% +1.5pt (worsening); chase% +7.2pt (worsening); z-contact% -1.8pt (worsening); EV90 -0.2mph (power flagging); hard-hit% -1.9pt (down); bat speed +0.2mph,0.2819,0.2755,0.2966,0.2562,0.3208,0.3282,108.2,106.3,108.0,70.1,70.1,MIXED,False,No significant mix shift,,,33859,NONE,NO_OVERLAP,,False,0.1239,1.0,0.3604,0.3461,0.3713,0.3367,0.0302,0.2776,0.3958,0.2159,0.7098,86.9,293,0.7201365187713311,0.7986348122866894,0.3309664247863248,0.2460634933333333,0.4499165853270978,,,,,0.288,,,,,HOLD_NOISE,L21d CI includes anchor — statistically indistinguishable from baseline
Treasure Island Mashers,Luke Keaschall,2B,2B,807712,0.323,0.2948193318518518,0.282,BELOW_MEDIAN,REGRESS,1.46,2.42,0,0.0089,0.5173901376754454,1.81,hold,99.0,0.0002,,0.0,,,21,0.322,0.305,0.282,0.0049,True,{},IMPROVING,whiff% -2.9pt (improving); chase% +9.1pt (worsening); z-contact% +3.2pt (improving); EV90 +1.1mph (power up); hard-hit% +0.7pt (up); bat speed +3.4mph,0.1667,0.1306,0.1373,0.1974,0.2389,0.2883,100.8,101.4,101.9,63.6,66.3,MIXED,True,Fastball +11pt in L21d; Offspeed -10pt in L21d (pitchers adjusting),,,4977664,NONE,NO_OVERLAP,,False,0.6979,1.0,0.2949,0.289,0.3042,0.2989,0.0217,0.2563,0.3415,0.5749,0.1657,80.2,41,0.5365853658536586,0.6097560975609756,0.29321636666666673,0.22249960000000002,0.34264804957264955,,,,,0.023,,,,,CONSENSUS_HOLD_TYPICAL,"below median, no structural decline confirmed"
Treasure Island Mashers,Oneil Cruz,CF,OF,665833,0.221,0.32979402400322,0.3,BELOW_MEDIAN,STABLE,1.49,1.5,2,-0.0178,0.4719694960041908,1.65,hold,160.0,-0.0171,79.6,181.0,0.1634,0.0579,21,0.212,0.339,0.334,-0.015,True,{},DECLINING,whiff% +3.4pt (worsening); chase% +6.8pt (worsening); z-contact% -1.2pt (worsening); EV90 -2.8mph (power flagging); hard-hit% +3.5pt (up); bat speed +0.3mph,0.3046,0.3252,0.3383,0.2819,0.3367,0.3497,113.8,111.8,111.0,76.1,76.7,DISCIPLINE_COLLAPSE,False,No significant mix shift,,,39712,NONE,NO_OVERLAP,,False,0.5625,1.0,0.3329,0.323,0.3438,0.3138,0.027,0.261,0.3667,0.24,0.4096,116.5,516,0.5697674418604651,0.6027131782945736,0.30981605946651875,0.2192459600129199,0.41156551666666674,,,,,0.005,,,,,CONSENSUS_HOLD_TYPICAL,"below median, no structural decline confirmed"
Treasure Island Mashers,Alejandro Kirk,C,C,672386,0.807,0.3339389721178002,0.375,HIGH,STABLE,2.09,1.68,5,,,,,,,,,,,,,,,,False,{},IMPROVING,whiff% -5.3pt (improving); chase% +11.4pt (worsening); z-contact% +10.3pt (improving); EV90 -1.7mph (power flagging); hard-hit% -6.4pt (down); bat speed -2.3mph,0.1531,0.1,0.1,0.2914,0.4054,0.4054,106.6,104.9,104.9,70.8,68.5,UNKNOWN,False,,,,42081,DTD,UNKNOWN,"DTD (Surgery, Left) — slump window unknown",False,0.966,0.0,0.3434,0.3342,0.3586,0.3363,0.0332,0.2713,0.4014,0.4149,0.6888,167.9,,,,,,,,,,,,,,,,STABLE_HIGH,"high career form, holding"
Treasure Island Mashers,Spencer Torkelson,1B,1B,679529,0.225,0.323478748854883,0.306,BELOW_MEDIAN,BAD_LUCK,0.96,1.79,3,-0.0355,0.4535841799803784,1.59,drop,211.0,-0.1171,72.0,311.0,0.2079,0.038,21,0.166,0.218,0.355,-0.0232,False,{},DECLINING,whiff% +5.1pt (worsening); chase% +2.5pt (worsening); z-contact% -3.5pt (worsening); EV90 -2.5mph (power flagging); hard-hit% -13.5pt (down); bat speed -0.5mph,0.23,0.2663,0.281,0.2235,0.2005,0.2483,104.5,103.4,102.0,71.6,71.6,MIXED,True,Fastball -9pt in L21d; Breaking +10pt in L21d (pitchers adjusting),,,4424286,NONE,NO_OVERLAP,,False,0.7921,1.0,0.327,0.3155,0.3386,0.2909,0.0269,0.2382,0.3437,0.0898,0.1399,109.2,614,0.5977198697068404,0.6237785016286646,0.31483658101938716,0.22636800370370375,0.41668635000000026,,,,,-0.137,,,,,CONSENSUS_HOLD_TYPICAL,"below median, no structural decline confirmed"
Treasure Island Mashers,Wilyer Abreu,RF,OF,677800,0.787,0.3330404691445397,0.354,ABOVE_MEDIAN,STABLE,1.65,2.03,2,-0.0086,0.5488610990652519,1.92,hold,61.0,0.0598,50.5,216.0,0.2605,0.001,,,,,,False,{},DECLINING,whiff% -1.8pt (improving); chase% +3.9pt (worsening); z-contact% +0.6pt (improving); EV90 -6.0mph (power flagging); hard-hit% -4.6pt (down); bat speed +0.2mph,0.2024,0.1735,0.1846,0.2868,0.2854,0.3262,107.5,105.7,101.5,72.3,72.5,UNKNOWN,False,,,,4990055,NONE,NO_OVERLAP,,False,0.671,0.0,0.3351,0.3274,0.3439,0.3339,0.0211,0.2926,0.3752,0.4761,0.745,96.8,,,,,,,,,,,,,,,,CONSENSUS_HOLD_TYPICAL,baseline performer
Treasure Island Mashers,Carson Benge,CF,OF,701807,,,,INSUFFICIENT,NO_BASELINE,1.24,0.0,0,0.021,0.4548660216943292,1.59,hold,204.0,-0.0342,,0.0,,,,,,,,False,{},MIXED,no baseline data,,0.1643,0.1667,,0.2725,0.2807,,105.3,105.2,,68.6,UNKNOWN,False,,,,4925604,NONE,NO_OVERLAP,,False,1.0,0.0,0.3229,0.3194,0.3286,0.3319,0.0152,0.3022,0.3617,0.7265,0.7844,110.3,,,,,,,,,,,,,,,,INSUFFICIENT_DATA,no career sample
Treasure Island Mashers,Agustin Ramirez,C,C,682663,0.009,0.3320880036036643,0.275,SLUMPING,STABLE,1.55,1.84,2,0.007,0.4285456347175923,1.5,drop,260.0,-0.0979,84.6,13.0,0.22,0.0358,21,0.298,0.224,0.28,0.0022,True,{},DECLINING,whiff% +0.1pt (worsening); chase% -11.4pt (improving); z-contact% -0.0pt (worsening); EV90 -2.6mph (power flagging); hard-hit% -9.7pt (down); bat speed +0.9mph,0.2229,0.2929,0.2237,0.3206,0.2659,0.2069,109.2,107.3,106.6,73.4,74.2,HOLDING,True,Breaking -6pt in L21d (pitchers adjusting),,,5132014,NONE,NO_OVERLAP,,False,0.0542,1.0,0.3239,0.3158,0.3304,0.3157,0.0233,0.27,0.3614,0.3603,0.4266,100.7,74,0.8378378378378378,0.8243243243243243,0.3031844308080809,0.24786101666666666,0.4108720806353219,,,,,-0.056,,,,,HOLD_NOISE,L21d CI includes anchor — statistically indistinguishable from baseline
Treasure Island Mashers,Nolan Arenado,3B,3B,571448,0.848,0.3304887458022478,0.37,HIGH,STABLE,1.86,1.89,5,0.0143,0.5108319019154431,1.79,hold,111.0,-0.0089,92.8,138.0,0.33,0.1069,,,,,,False,{},MIXED,whiff% +1.6pt (worsening); chase% -1.5pt (improving); z-contact% -3.9pt (worsening); EV90 +0.1mph (power up); hard-hit% -6.8pt (down); bat speed +0.3mph,0.162,0.2037,0.178,0.3395,0.3062,0.3241,101.6,102.2,101.7,69.4,69.2,UNKNOWN,False,,,,31261,NONE,NO_OVERLAP,,False,0.9464,0.0,0.319,0.3099,0.3304,0.3426,0.0268,0.29,0.3951,0.8103,0.7998,96.6,,,,,,,,,,,,,,,,STABLE_HIGH,"high career form, holding"
Treasure Island Mashers,Jacob Wilson,SS,SS,805779,0.385,0.299324222074113,0.284,BELOW_MEDIAN,REGRESS,1.69,2.28,1,0.0086,0.5561808899587715,1.95,hold,56.0,0.0361,100.0,21.0,0.325,0.0517,21,0.272,0.313,0.275,-0.0004,True,{},MIXED,whiff% +2.2pt (worsening); chase% +3.0pt (worsening); z-contact% +3.7pt (improving); EV90 -0.0mph (power flagging); hard-hit% +4.5pt (up); bat speed +0.5mph,0.0775,0.1258,0.0992,0.3215,0.4321,0.352,99.4,99.5,99.4,61.9,61.9,K_DRIVEN,True,Fastball +6pt in L21d; Breaking -8pt in L21d (pitchers adjusting),,,4719300,DTD,POSSIBLE_FACTOR,"DTD (Dislocated, Left) — active DTD note",False,0.6062,1.0,0.2971,0.291,0.3032,0.2904,0.0209,0.2495,0.3313,0.3723,0.0779,86.5,118,0.4915254237288136,0.5084745762711864,0.3012889121212121,0.22423346888888887,0.38220788333333333,,,,,0.038,,,,,CONSENSUS_HOLD_TYPICAL,"below median, no structural decline confirmed"
Treasure Island Mashers,Xander Bogaerts,SS,SS,593428,0.555,0.3266898679491835,0.332,TYPICAL,STABLE,1.61,1.8,0,-0.0212,0.5021953874670912,1.76,hold,124.0,-0.0179,77.8,677.0,0.32,0.073,,,,,,False,{},DECLINING,whiff% +0.3pt (worsening); chase% +5.1pt (worsening); z-contact% -0.0pt (worsening); EV90 -1.1mph (power flagging); hard-hit% -2.4pt (down); bat speed -1.7mph,0.1938,0.2018,0.1972,0.2359,0.2749,0.2866,105.6,103.7,104.5,70.0,68.8,UNKNOWN,False,,,,31606,NONE,NO_OVERLAP,,False,0.612,0.4002,0.3281,0.3195,0.3382,0.3099,0.0247,0.2614,0.3584,0.2309,0.3411,101.6,,,,,,,,,,,,,,,,CONSENSUS_HOLD_TYPICAL,baseline performer
