rank,player_name,team,pos,own,ros_fp,fp_g,pa_tg,slot,repl_d,signal,pa_to
1,Juan Soto,NYM,OF,opp,47.5,2.68,2.3613,2.369,0.2608,add,359
2,Bobby Witt Jr.,KC,SS,opp,57.8,2.63,3.1316,2.0,0.2153,add,443
3,Yordan Alvarez,HOU,DH,opp,67.1,2.58,3.5919,2.0932,0.2663,add,522
4,Shohei Ohtani,LAD,TWP,opp,63.8,2.57,3.8847,1.0,0.0,hold,501
5,José Ramírez,CLE,3B,opp,47.0,2.53,3.3085,2.5529,0.2065,add,375
6,Junior Caminero,TB,3B,opp,64.4,2.5,3.9487,2.9068,0.1995,add,520
7,Aaron Judge,NYY,OF,MINE,31.9,2.48,2.1744,2.3898,0.2023,add,261
8,Corbin Carroll,AZ,OF,MINE,59.4,2.39,4.0372,2.2845,0.1776,add,503
9,Julio Rodríguez,SEA,OF,opp,53.3,2.3,3.8313,2.6542,0.1522,add,467
10,Nick Kurtz,ATH,1B,opp,49.6,2.29,2.8555,1.8144,0.0783,hold,436
11,Luis García Jr.,NYY,1B,MINE,44.5,2.25,2.988,2.9551,0.0695,hold,395
12,Ketel Marte,AZ,2B,opp,56.6,2.25,3.6684,1.4821,0.1279,add,505
13,James Wood,WSH,OF,opp,59.7,2.25,3.7578,1.0,0.1363,add,537
14,Matt Olson,ATL,1B,opp,58.4,2.25,3.794,3.1933,0.0672,hold,521
15,Jackson Chourio,MIL,OF,opp,42.9,2.24,4.0631,1.679,0.1341,add,386
16,Drake Baldwin,ATL,C,opp,47.2,2.23,3.997,1.8632,0.0901,add,428
17,Ronald Acuña Jr.,ATL,OF,opp,33.1,2.23,3.3465,1.1493,0.1308,add,297
18,Yandy Díaz,TB,DH,opp,55.3,2.22,3.7884,1.823,0.1639,add,500
19,Mookie Betts,LAD,SS,opp,38.0,2.22,3.2465,3.8025,0.0992,add,346
20,Josh Naylor,SEA,1B,opp,52.3,2.2,3.3941,4.0721,0.0553,hold,476
21,Pete Crow-Armstrong,CHC,OF,opp,57.6,2.19,4.0426,3.7288,0.1207,add,527
22,Jackson Merrill,SD,OF,MINE,53.9,2.19,3.6813,3.6,0.1205,add,492
23,Byron Buxton,MIN,OF,opp,39.2,2.18,2.5042,1.4146,0.1171,add,362
24,Pete Alonso,BAL,1B,MINE,55.9,2.18,3.6971,3.4118,0.0468,hold,516
25,Bryce Harper,PHI,1B,opp,55.3,2.17,3.5677,2.9496,0.0463,hold,509
26,Geraldo Perdomo,AZ,SS,opp,53.8,2.17,4.0165,2.6435,0.084,add,501
27,Michael Harris II,ATL,OF,MINE,48.7,2.16,3.5822,4.5429,0.1109,add,457
28,Cody Bellinger,NYY,OF,opp,46.7,2.15,2.3698,3.604,0.1088,add,435
29,Miguel Vargas,CWS,3B,opp,54.2,2.13,3.8548,2.625,0.0934,add,509
30,Shea Langeliers,ATH,C,opp,44.4,2.13,2.4635,2.3548,0.0603,hold,417
31,Freddie Freeman,LAD,1B,opp,52.2,2.12,3.3994,3.069,0.0324,hold,497
32,Alec Burleson,STL,1B,opp,52.8,2.12,3.7733,3.3304,0.032,hold,501
33,CJ Abrams,WSH,SS,opp,52.7,2.12,3.8059,4.0789,0.0706,hold,500
34,Nico Hoerner,CHC,2B,opp,54.4,2.12,3.6895,3.5913,0.0902,add,516
35,Francisco Lindor,NYM,SS,opp,28.9,2.11,3.7038,2.1935,0.0667,hold,275
36,Elly De La Cruz,CIN,SS,MINE,46.3,2.11,4.0459,2.051,0.0666,hold,440
37,Ben Rice,NYY,1B,opp,50.3,2.1,3.7628,2.3178,0.0245,hold,485
38,Brandon Nimmo,TEX,OF,opp,49.7,2.1,3.5036,2.6071,0.0935,add,478
39,Fernando Tatis Jr.,SD,OF,opp,54.5,2.1,4.0031,1.4224,0.0934,add,522
40,Chase DeLauter,CLE,OF,opp,44.9,2.1,3.6558,2.6701,0.0933,add,429
41,Spencer Horwitz,PIT,1B,FA,33.5,2.09,2.5435,4.4521,0.0228,hold,321
42,Kyle Tucker,LAD,OF,opp,47.5,2.08,3.1649,4.5833,0.0883,add,460
43,Kyle Schwarber,PHI,DH,opp,52.8,2.08,3.7023,1.7522,0.1226,add,509
44,Bryson Stott,PHI,2B,MINE,45.6,2.07,3.2615,6.1852,0.0778,add,445
45,Vladimir Guerrero Jr.,TOR,1B,MINE,48.0,2.05,3.4567,2.7,0.011,hold,471
46,Otto Lopez,MIA,SS,opp,50.8,2.04,3.7763,2.7345,0.0485,hold,501
47,William Contreras,MIL,C,opp,47.8,2.04,3.507,3.3077,0.0351,hold,472
48,Javier Sanoja,MIA,3B,FA,32.0,2.03,2.4682,7.8442,0.065,add,319
49,Daylen Lile,WSH,OF,opp,49.4,2.03,3.3301,5.0631,0.0749,add,489
50,Wilyer Abreu,BOS,OF,opp,50.3,2.02,3.672,3.4435,0.0724,hold,502
51,Jacob Wilson,ATH,SS,opp,32.9,2.02,3.6024,3.3896,0.0427,hold,329
52,Jared Young,NYM,1B,FA,23.0,2.01,2.3265,5.0714,0.0,hold,228
53,Gabriel Moreno,AZ,C,opp,37.7,2.0,3.3642,4.3721,0.0237,hold,377
54,Brice Turang,MIL,2B,opp,51.4,2.0,4.0597,2.1504,0.0564,hold,516
55,Luke Keaschall,MIN,2B,opp,43.4,2.0,3.0507,6.283,0.0557,hold,438
56,Vinnie Pasquantino,KC,1B,FA,33.6,1.99,2.6558,3.5769,-0.0052,hold,337
57,Alex Bregman,CHC,3B,opp,52.9,1.99,3.7136,2.9391,0.0529,hold,533
58,Hunter Goodman,COL,C,MINE,44.9,1.99,3.3355,3.3204,0.0205,hold,452
59,Luis Arraez,PHI,2B,MINE,49.4,1.99,3.7854,2.1261,0.0532,hold,498
60,Andy Pages,LAD,OF,opp,50.3,1.98,3.84,3.7931,0.0598,hold,510
61,Randy Arozarena,SEA,OF,opp,46.8,1.98,3.6845,3.8288,0.0587,hold,475
62,Wyatt Langford,TEX,OF,MINE,28.1,1.97,3.8123,2.0896,0.0569,hold,288
63,Jake McCarthy,COL,OF,opp,39.3,1.97,3.1911,3.5729,0.0558,hold,403
64,Caleb Durbin,BOS,3B,FA,40.9,1.96,3.3605,6.4434,0.0449,hold,421
65,Ryan Jeffers,MIN,C,FA,23.0,1.96,3.0446,3.3396,0.0126,hold,235
66,Gunnar Henderson,BAL,SS,opp,52.1,1.96,3.9672,1.8051,0.0255,hold,536
67,Trea Turner,PHI,SS,opp,50.4,1.96,3.7681,1.2174,0.0247,hold,516
68,Jung Hoo Lee,SF,OF,opp,42.7,1.94,3.5265,4.5481,0.0491,hold,441
69,Tyler Tolbert,KC,SS,FA,9.4,1.94,1.2979,8.4,0.0183,hold,98
70,Tyler Soderstrom,ATH,OF,opp,42.5,1.93,3.6887,3.7788,0.0463,hold,445
71,Adley Rutschman,BOS,C,opp,27.0,1.93,2.0531,2.8769,0.0038,hold,284
72,Masataka Yoshida,BOS,DH,FA,26.4,1.93,2.5232,4.129,0.0789,add,276
73,Xavier Edwards,MIA,2B,opp,47.9,1.93,3.6612,2.9913,0.0353,hold,498
74,Isaac Paredes,HOU,3B,opp,45.7,1.93,3.495,3.2545,0.034,hold,480
75,Seiya Suzuki,CHC,OF,opp,42.3,1.92,3.7312,3.9072,0.0443,hold,443
76,Trent Grisham,NYY,OF,FA,37.3,1.92,3.3968,2.0581,0.0434,hold,390
77,Moisés Ballesteros,LAA,C,FA,19.2,1.92,1.5403,5.2963,0.0003,hold,202
78,Liam Hicks,TB,C,opp,41.1,1.92,3.4273,3.0532,0.0001,hold,432
79,Will Smith,LAD,C,opp,19.2,1.92,1.6052,4.1957,0.0,hold,201
80,Spencer Steer,CIN,1B,FA,36.7,1.92,2.107,5.163,-0.027,hold,384
81,Griffin Conine,MIA,OF,FA,15.8,1.91,2.3415,5.6154,0.0395,hold,166
82,Daulton Varsho,HOU,OF,FA,37.6,1.9,3.0392,4.8351,0.0385,hold,395
83,Iván Herrera,STL,DH,opp,49.4,1.9,3.7901,2.1864,0.0718,hold,526
84,Joc Pederson,TEX,DH,FA,33.7,1.9,2.2816,2.4432,0.0717,hold,357
85,Willson Contreras,BOS,1B,opp,41.7,1.9,3.0921,3.5981,-0.0329,hold,444
86,Carlos Cortes,ATH,OF,FA,25.4,1.89,1.841,4.3871,0.0343,hold,269
87,Max Muncy,LAD,3B,MINE,38.3,1.89,2.6074,5.5354,0.024,hold,410
88,Oneil Cruz,PIT,OF,FA,26.5,1.89,2.2519,2.4426,0.0342,hold,283
89,JJ Wetherholt,STL,2B,opp,48.0,1.89,3.9956,1.0,0.025,hold,513
90,Manny Machado,SD,3B,opp,46.4,1.89,3.6144,3.4444,0.0237,hold,496
91,Bo Bichette,NYM,3B,FA,48.5,1.89,3.8169,2.3846,0.023,hold,516
92,George Springer,TOR,DH,opp,35.6,1.89,3.4965,1.8471,0.0678,hold,382
93,Rafael Devers,SF,1B,opp,46.8,1.88,3.5715,3.7311,-0.0372,hold,503
94,Sal Stewart,CIN,1B,opp,47.2,1.88,3.4448,3.1897,-0.038,hold,507
95,Casey Schmitt,SF,OF,opp,38.0,1.87,2.3765,3.7292,0.0295,hold,409
96,Jeremy Peña,HOU,SS,opp,29.4,1.87,3.9606,1.0435,0.0,hold,314
97,Kevin McGonigle,DET,SS,opp,48.0,1.87,3.9501,1.5929,-0.0013,hold,518
98,Alec Bohm,PHI,3B,FA,43.6,1.86,3.3263,4.991,0.0161,hold,469
99,Ozzie Albies,ATL,2B,opp,47.3,1.86,3.6408,3.5424,0.0163,hold,511
100,Jakob Marsee,MIA,OF,FA,41.9,1.86,2.9292,4.6346,0.0253,hold,453
101,Mickey Moniak,COL,OF,opp,28.0,1.85,3.0479,3.0,0.023,hold,302
102,Miguel Andujar,SD,DH,FA,23.2,1.85,1.3612,5.082,0.0567,hold,254
103,JJ Bleday,CIN,OF,opp,34.3,1.85,3.2444,3.2791,0.0216,hold,373
104,Keibert Ruiz,WSH,C,opp,24.8,1.85,2.0798,7.9718,-0.0207,hold,270
105,Mike Trout,LAA,OF,opp,41.1,1.84,3.5725,2.0,0.0208,hold,448
106,Chandler Simpson,TB,OF,FA,41.0,1.84,3.4904,4.0865,0.0199,hold,447
107,Jazz Chisholm Jr.,NYY,2B,opp,39.3,1.83,2.907,5.6538,0.0087,hold,432
108,Ildemaro Vargas,AZ,1B,FA,33.0,1.83,2.3124,5.4875,-0.0513,hold,362
109,Sal Frelick,MIL,OF,FA,28.3,1.83,1.6933,6.52,0.0177,hold,313
110,Jhonny Pereda,SEA,C,FA,6.8,1.83,1.0511,8.2,-0.0246,hold,72
111,Randal Grichuk,CWS,DH,FA,16.1,1.82,1.0699,4.2821,0.0477,hold,181
112,Kody Clemens,MIN,1B,FA,37.9,1.82,3.2423,4.0816,-0.0558,hold,420
113,Jeff McNeil,ATH,2B,FA,32.2,1.82,2.3427,7.3372,0.004,hold,357
114,Esteury Ruiz,MIA,OF,FA,14.0,1.81,1.0962,7.4595,0.0129,hold,154
115,Corey Seager,TEX,SS,opp,22.8,1.81,2.7194,2.7627,-0.0173,hold,254
116,Brendan Donovan,SEA,3B,FA,10.3,1.81,2.4106,2.5926,0.0,hold,115
117,Nathaniel Lowe,CLE,DH,FA,26.3,1.8,2.6354,5.0,0.0443,hold,294
118,Ernie Clement,TOR,2B,opp,42.2,1.8,3.5075,4.7321,0.0,hold,473
119,Matt Shaw,CHC,OF,FA,13.4,1.8,1.2039,7.3438,0.0084,hold,147
120,Michael Busch,CHC,1B,opp,47.8,1.8,4.0375,3.6239,-0.0612,hold,533
121,Xander Bogaerts,SD,SS,opp,40.0,1.8,2.9962,5.1429,-0.0215,hold,451
122,Jose Altuve,HOU,2B,FA,36.4,1.79,3.4301,3.2021,-0.0021,hold,409
123,Marcus Semien,NYM,2B,FA,35.3,1.79,2.9597,6.3878,-0.0028,hold,399
124,Isaac Collins,KC,OF,FA,35.3,1.79,2.8462,7.3265,0.0062,hold,395
125,Jake Bauers,MIL,1B,opp,37.4,1.79,2.6962,4.732,-0.0628,hold,420
126,Jordan Walker,STL,OF,MINE,44.0,1.79,3.567,3.6754,0.0061,hold,492
127,Heriberto Hernández,MIA,OF,FA,28.1,1.79,2.8582,4.5735,0.0061,hold,316
128,Maikel Garcia,KC,3B,FA,26.0,1.79,2.3015,1.4545,-0.0055,hold,294
129,Mauricio Dubón,ATL,OF,opp,40.8,1.79,3.1259,5.0636,0.0046,hold,460
130,Jonathan Aranda,TB,1B,FA,44.4,1.78,3.6658,2.4865,-0.0648,hold,503
131,Dillon Dingler,DET,C,opp,40.8,1.78,3.6322,3.5049,-0.0379,hold,462
132,Royce Lewis,MIN,1B,opp,31.1,1.78,3.2464,5.9286,-0.0653,hold,348
133,Dominic Canzone,SEA,DH,FA,30.5,1.78,2.7629,5.3793,0.0375,hold,344
134,Nolan Arenado,AZ,3B,opp,38.6,1.78,2.93,5.5138,-0.0078,hold,438
135,Ryan O'Hearn,PIT,OF,opp,35.0,1.77,2.677,4.3444,0.0009,hold,399
136,Munetaka Murakami,CWS,1B,opp,31.4,1.77,3.7536,2.2375,-0.0682,hold,359
137,Trevor Larnach,MIN,OF,FA,31.4,1.77,2.7571,2.3976,0.0,hold,354
138,Colson Montgomery,CWS,SS,FA,41.5,1.77,3.3874,4.1852,-0.0292,hold,470
139,Bryan Reynolds,PIT,OF,opp,46.0,1.77,3.8178,3.0,-0.0001,hold,523
140,Victor Mesa Jr.,TB,OF,FA,14.7,1.77,2.1654,5.9024,-0.0003,hold,164
141,Nolan Schanuel,LAA,1B,FA,36.3,1.76,3.6299,3.6146,-0.0706,drop,414
142,Curtis Mead,BOS,3B,FA,29.0,1.75,1.9685,2.5873,-0.0153,hold,331
143,Brandon Marsh,PHI,OF,FA,39.5,1.75,3.2335,5.1028,-0.0056,hold,455
144,Jeremiah Jackson,BAL,2B,FA,20.5,1.75,1.5462,7.8947,-0.0154,hold,238
145,Sam Antonacci,CWS,OF,opp,33.4,1.75,3.1782,2.6941,-0.0067,hold,388
146,Ty France,SD,1B,opp,28.9,1.74,3.0192,5.6282,-0.0763,hold,332
147,Tommy Edman,LAD,2B,opp,13.9,1.74,2.5285,5.4054,-0.018,hold,161
148,Angel Martínez,CLE,OF,opp,24.8,1.74,2.8182,4.6515,-0.0093,hold,288
149,Jake Mangum,PIT,OF,FA,30.3,1.74,3.3799,4.8,-0.0095,hold,350
150,Josh Bell,MIN,DH,FA,40.2,1.74,3.2011,4.0463,0.0248,hold,465
151,Andrew Vaughn,MIL,1B,FA,20.3,1.73,2.5268,4.8704,-0.0806,drop,238
152,Taylor Ward,SEA,OF,opp,45.3,1.72,3.7365,1.7009,-0.013,hold,530
153,Tyler Freeman,COL,OF,FA,24.6,1.72,2.1056,4.125,-0.0131,hold,288
154,Lane Thomas,ATL,OF,FA,29.0,1.72,2.2977,3.9054,-0.0135,hold,338
155,Justin Crawford,PHI,OF,FA,30.0,1.72,2.3252,8.5714,-0.0137,hold,352
156,Miguel Rojas,LAD,2B,FA,15.7,1.72,0.9798,7.4,-0.0232,hold,185
157,Joshua Kuroda-Grauer,ATH,3B,FA,5.4,1.72,1.3742,5.5625,-0.0247,hold,62
158,Ian Happ,CHC,OF,opp,42.2,1.72,3.4847,4.5446,-0.0145,hold,492
159,Jose Fernandez,AZ,DH,FA,15.2,1.72,1.4532,6.4762,0.0196,hold,178
160,Colt Keith,DET,3B,FA,28.9,1.71,2.5776,3.6829,-0.0262,hold,339
161,Bryce Eldridge,SF,DH,FA,26.4,1.71,2.9838,4.3836,0.0179,hold,310
162,TJ Rumfield,COL,1B,opp,40.1,1.71,3.2893,3.8807,-0.0862,drop,469
163,Cedric Mullins,TB,OF,FA,33.2,1.71,2.7612,5.6667,-0.0174,hold,389
164,Lars Nootbaar,AZ,OF,FA,17.6,1.71,2.8513,5.0208,-0.0176,hold,208
165,Wenceel Pérez,DET,OF,FA,14.6,1.71,1.3154,7.0476,-0.0178,hold,175
166,Jarren Duran,BOS,OF,FA,40.5,1.71,3.665,3.8476,-0.0179,hold,476
167,Josh Jung,TEX,3B,opp,33.6,1.71,2.1775,3.8462,-0.0286,hold,396
168,Brandon Lowe,PIT,2B,opp,41.8,1.7,3.6234,2.4444,-0.0282,hold,493
169,Zack Gelof,ATH,3B,FA,21.4,1.7,1.853,6.3279,-0.0297,hold,251
170,Blaze Jordan,STL,3B,FA,12.6,1.7,2.199,7.7436,-0.03,hold,147
171,Gavin Sheets,SD,1B,FA,32.5,1.7,2.5756,4.9368,-0.0895,drop,383
172,Yainer Diaz,HOU,C,FA,19.9,1.7,2.6562,6.8214,-0.0632,hold,235
173,Riley Greene,DET,OF,opp,41.7,1.7,3.6098,4.1913,-0.0212,hold,492
174,Michael Massey,KC,2B,FA,27.6,1.69,2.5256,6.8023,-0.0305,hold,328
175,Kerry Carpenter,DET,OF,FA,21.8,1.69,1.6445,4.5156,-0.0215,hold,259
176,Victor Robles,SEA,OF,FA,10.6,1.69,1.1285,7.3333,-0.022,hold,126
177,Jonny DeLuca,TB,OF,FA,19.8,1.69,2.1857,5.3654,-0.0223,hold,235
178,A.J. Ewing,NYM,OF,FA,27.5,1.69,3.3438,4.0959,-0.0224,hold,325
179,Konnor Griffin,PIT,SS,opp,20.8,1.69,1.9623,5.7719,-0.0516,hold,248
180,José Caballero,NYY,SS,FA,29.5,1.69,2.4337,7.7143,-0.0519,hold,353
181,Ryan Vilade,TB,OF,FA,16.4,1.69,1.4942,4.0889,-0.023,hold,196
182,Evan Carter,TEX,OF,FA,28.0,1.69,2.4568,5.9518,-0.0235,hold,334
183,Garrett Mitchell,MIL,OF,FA,33.7,1.69,2.8417,5.2872,-0.0237,hold,402
184,Victor Bericoto,SF,OF,FA,4.8,1.69,0.7921,7.8125,-0.0238,hold,59
185,Tyler Stephenson,CIN,C,FA,27.0,1.69,2.3251,6.9012,-0.0662,hold,321
186,Alan Roden,MIN,OF,FA,4.8,1.68,1.3742,7.0667,-0.0244,hold,57
187,Ceddanne Rafaela,BOS,OF,opp,39.9,1.68,3.7898,3.7064,-0.0245,hold,475
188,Carson Benge,NYM,OF,opp,39.4,1.68,3.4338,3.7156,-0.0249,hold,472
189,Steven Kwan,CLE,OF,opp,37.4,1.68,3.5605,3.7864,-0.026,hold,447
190,Francisco Alvarez,NYM,C,FA,25.4,1.68,2.4898,6.9737,-0.0684,hold,303
191,Luis Campusano,SD,C,FA,11.0,1.68,1.7152,7.7027,-0.0687,hold,134
192,Andruw Monasterio,BOS,SS,FA,20.6,1.68,2.4043,6.5818,-0.0558,hold,249
193,Jasson Domínguez,NYY,OF,FA,17.7,1.67,2.9137,4.3137,-0.0277,hold,214
194,Pedro Ramírez,CHC,2B,FA,10.5,1.67,1.897,7.2083,-0.0368,hold,124
195,Lourdes Gurriel Jr.,AZ,OF,FA,15.8,1.67,1.6696,5.4667,-0.0282,hold,189
196,Tristan Peters,CWS,OF,FA,28.6,1.67,2.1443,7.6404,-0.0285,hold,346
197,Jake Burger,TEX,1B,FA,37.7,1.67,3.08,4.9817,-0.0977,drop,456
198,Luis Urías,TOR,2B,FA,4.8,1.67,1.0839,6.9333,-0.038,hold,59
199,Zach Neto,LAA,SS,opp,42.9,1.67,3.9708,1.2087,-0.0584,hold,520
200,Christian Walker,HOU,1B,opp,39.6,1.67,3.2704,4.193,-0.0982,drop,480
201,Willy Adames,SF,SS,FA,39.5,1.67,3.4705,4.1754,-0.059,hold,477
202,Troy Johnston,COL,OF,FA,30.0,1.66,2.2087,5.7841,-0.0301,hold,363
203,Carlos Correa,HOU,SS,FA,11.9,1.66,1.8871,2.7812,-0.0595,hold,141
204,Cole Carrigg,COL,OF,opp,16.6,1.66,2.9331,4.4444,-0.0308,hold,199
205,Brooks Lee,MIN,3B,FA,38.0,1.66,3.3307,5.4909,-0.041,hold,460
206,Jacob Young,WSH,OF,FA,29.4,1.66,2.5664,6.9032,-0.0318,hold,357
207,Nick Madrigal,LAA,3B,FA,4.3,1.66,1.0862,6.4615,-0.0421,hold,52
208,Amed Rosario,NYY,3B,FA,16.1,1.66,1.4699,3.8571,-0.0425,hold,197
209,Andrés Chaparro,WSH,1B,FA,9.5,1.65,1.3384,3.037,-0.1022,drop,115
210,Christian Yelich,MIL,DH,opp,29.8,1.65,3.3502,2.2727,0.0012,hold,360
211,Edmundo Sosa,PHI,OF,FA,16.1,1.65,1.4605,6.76,-0.0336,hold,196
212,Andrew Benintendi,CWS,DH,FA,28.7,1.65,2.356,4.241,0.0,hold,352
213,Christian Encarnacion-Strand,BAL,3B,FA,5.2,1.65,1.965,6.0,-0.0453,hold,61
214,Nathan Lukes,TOR,OF,FA,24.9,1.65,3.1801,2.5072,-0.0354,hold,304
215,Alejandro Kirk,TOR,C,opp,14.1,1.65,2.7262,4.8718,-0.0777,drop,170
216,Drew Gilbert,SF,OF,FA,23.0,1.65,1.9489,7.971,-0.0357,hold,280
217,Joey Ortiz,MIL,SS,FA,23.0,1.64,1.8649,8.6757,-0.0651,hold,282
218,Dalton Rushing,LAD,C,FA,20.2,1.64,1.5753,7.6441,-0.0781,hold,245
219,Esmerlyn Valdez,PIT,OF,opp,15.9,1.64,2.9166,4.8261,-0.0367,hold,197
220,Jared Triolo,PIT,SS,FA,21.6,1.64,2.1637,7.697,-0.0663,drop,265
221,Kyle Stowers,MIA,1B,opp,32.3,1.64,3.4378,3.2174,-0.1061,drop,399
222,Justin Foscue,TEX,2B,FA,12.6,1.64,1.2926,5.1875,-0.0472,hold,157
223,Mike Yastrzemski,ATL,OF,FA,24.3,1.64,1.9564,7.1467,-0.0385,hold,301
224,Jesús Sánchez,TOR,OF,FA,21.0,1.63,1.9678,4.5077,-0.0386,hold,258
225,Tyrone Taylor,CHC,OF,FA,14.0,1.63,1.5063,7.7368,-0.039,hold,175
226,Tyler O'Neill,BAL,OF,FA,18.1,1.63,1.8088,5.5849,-0.0408,hold,226
227,Travis Bazzana,CLE,2B,FA,29.7,1.62,3.3163,3.3176,-0.0509,hold,370
228,Matt Vierling,DET,OF,FA,23.7,1.62,1.5527,4.8154,-0.0419,hold,292
229,Jorge Mateo,ATL,SS,?,11.1,1.62,0.6057,8.4474,-0.0714,hold,137
230,José Fermín,STL,OF,FA,19.9,1.62,2.1308,6.7736,-0.0426,hold,250
231,Jacob Gonzalez,PIT,SS,FA,12.5,1.62,1.8193,7.4474,-0.0718,drop,153
232,Salvador Perez,KC,DH,FA,37.4,1.62,3.2087,4.3063,-0.009,hold,466
233,Cole Young,SEA,2B,FA,38.8,1.62,3.3039,5.9664,-0.0528,hold,481
234,Joe Mack,MIA,C,FA,18.5,1.62,2.0178,8.2419,-0.0861,drop,230
235,LuJames Groover,AZ,1B,FA,4.2,1.62,1.1963,7.8571,-0.113,drop,54
236,Luis Rengifo,SD,OF,FA,24.0,1.61,2.9786,5.5075,-0.0449,hold,299
237,Blaze Alexander,BAL,3B,FA,19.8,1.61,1.3521,8.5469,-0.0555,hold,246
238,Gary Sánchez,MIL,C,FA,16.1,1.61,1.2699,4.9565,-0.0875,drop,200
239,Gleyber Torres,DET,2B,opp,21.6,1.61,3.6541,1.9333,-0.0545,hold,271
240,Endy Rodríguez,PIT,C,FA,12.9,1.61,1.8635,6.7059,-0.0887,drop,159
241,Nasim Nuñez,WSH,2B,FA,31.2,1.6,2.6724,7.9216,-0.0566,hold,392
242,Dansby Swanson,CHC,SS,opp,35.2,1.6,2.9318,8.1947,-0.0772,drop,445
243,Isiah Kiner-Falefa,BOS,2B,FA,10.5,1.6,0.996,7.7714,-0.0574,hold,133
244,TJ Friedl,CIN,OF,FA,18.7,1.6,2.0908,3.8421,-0.0484,hold,237
245,J.P. Crawford,SEA,SS,FA,28.8,1.6,2.3526,2.8795,-0.0781,drop,364
246,Lawrence Butler,ATH,OF,FA,28.3,1.6,2.8603,6.1818,-0.0497,hold,357
247,Paul Goldschmidt,NYY,1B,FA,26.0,1.6,2.6622,2.7746,-0.1188,drop,328
248,Nick Loftin,KC,3B,FA,22.8,1.59,2.5079,6.3134,-0.0608,hold,289
249,Nelson Velázquez,HOU,OF,FA,6.4,1.59,1.0771,4.5,-0.0516,hold,83
250,Roman Anthony,BOS,OF,opp,10.4,1.59,2.0985,1.4828,-0.0519,hold,131
251,Austin Martin,MIN,OF,FA,26.3,1.59,2.4411,3.0,-0.0522,hold,331
252,Ramón Laureano,SD,OF,FA,16.3,1.59,1.7005,3.9375,-0.0525,hold,206
253,Hyeseong Kim,LAD,SS,FA,10.4,1.58,1.0669,8.3333,-0.0823,drop,131
254,Matt McLain,CIN,2B,FA,27.1,1.58,2.6598,5.5476,-0.0625,hold,344
255,David Hamilton,MIL,3B,FA,22.1,1.58,2.1068,8.641,-0.0643,hold,284
256,Blake Perkins,CLE,OF,FA,8.1,1.58,0.6114,7.5217,-0.054,hold,102
257,Jesus Rodriguez,SF,C,FA,4.5,1.58,0.8252,8.1429,-0.0968,drop,58
258,Nathan Church,STL,OF,FA,26.1,1.58,2.5664,7.5233,-0.0549,hold,334
259,Spencer Torkelson,DET,1B,opp,36.5,1.58,3.3883,5.8919,-0.1243,drop,464
260,Cal Raleigh,SEA,C,opp,28.4,1.58,3.3475,3.381,-0.0978,drop,360
261,Brett Sullivan,COL,C,FA,12.6,1.57,1.1396,8.1579,-0.0983,drop,159
262,Myles Straw,TOR,OF,FA,17.5,1.57,1.5513,7.1875,-0.0572,hold,225
263,Brent Rooker,ATH,DH,FA,15.7,1.57,2.1098,3.8511,-0.0228,hold,203
264,Brayan Rocchio,CLE,SS,FA,35.4,1.57,3.147,6.9474,-0.0868,drop,453
265,Samuel Basallo,BAL,C,FA,24.2,1.57,1.4779,4.9589,-0.0998,drop,311
266,Cam Smith,HOU,OF,FA,33.6,1.57,2.9705,6.4231,-0.058,hold,432
267,Bo Naylor,MIL,C,FA,7.2,1.57,1.1137,7.087,-0.1002,drop,90
268,Brandon Valenzuela,TOR,C,FA,17.0,1.57,1.7884,7.9107,-0.1004,drop,219
269,Yohendrick Piñango,TOR,OF,FA,13.9,1.57,1.6398,4.8696,-0.0584,hold,180
270,Ramón Urías,STL,3B,FA,5.4,1.57,1.0798,6.5556,-0.0688,hold,68
271,Luis Lara,MIL,OF,FA,6.3,1.56,2.1244,6.4211,-0.0588,hold,81
272,Masyn Winn,STL,SS,FA,35.2,1.56,3.4603,5.5,-0.089,drop,452
273,Heliot Ramos,NYY,OF,FA,25.4,1.56,3.541,3.9091,-0.0598,hold,327
274,Kyle Isbel,KC,OF,FA,16.0,1.55,1.7339,9.0,-0.0615,hold,205
275,Kyle Karros,COL,3B,FA,30.6,1.55,2.5986,6.6392,-0.0721,hold,394
276,Sung-Mun Song,SD,2B,FA,10.2,1.55,1.3047,8.6061,-0.0719,drop,130
277,Richie Palacios,TB,2B,FA,21.7,1.55,1.821,6.7361,-0.072,drop,280
278,Connor Wong,BOS,C,FA,14.1,1.55,1.671,8.451,-0.1058,drop,185
279,Jonathan India,KC,2B,FA,4.4,1.55,1.4504,6.4286,-0.0729,drop,58
280,Cooper Pratt,MIL,SS,FA,12.4,1.55,2.1481,7.9756,-0.0932,drop,159
281,Jonah Heim,ATH,C,FA,20.7,1.54,2.771,5.381,-0.1083,drop,269
282,Ben Malgeri,DET,OF,FA,4.0,1.54,1.1028,8.0909,-0.0666,hold,52
283,Carter Jensen,KC,C,FA,33.7,1.53,3.1654,3.2451,-0.1096,drop,441
284,Jake Fraley,TB,OF,FA,7.0,1.53,1.0557,4.52,-0.0677,hold,90
285,Jim Jarvis,ATL,SS,FA,7.9,1.53,2.0426,8.7931,-0.0971,drop,106
286,Wade Meckler,LAA,OF,FA,14.9,1.53,2.1821,4.8936,-0.0681,drop,193
287,Nick Yorke,PIT,3B,FA,6.6,1.53,1.1027,5.8889,-0.0785,drop,86
288,Adrian Del Castillo,AZ,DH,FA,14.4,1.53,1.6432,5.3673,-0.0341,hold,192
289,Bryan Torres,STL,OF,FA,8.7,1.53,1.5802,6.9259,-0.0699,drop,114
290,Dylan Crews,WSH,OF,FA,21.3,1.52,3.07,4.6825,-0.0703,hold,279
291,J.T. Realmuto,PHI,C,FA,24.8,1.52,2.5231,6.8,-0.1125,drop,330
292,Jac Caglianone,KC,OF,FA,32.6,1.52,3.0143,4.8269,-0.0704,hold,430
293,Andrés Giménez,TOR,SS,FA,29.2,1.52,2.5513,8.0909,-0.0997,drop,388
294,Jahmai Jones,BOS,DH,FA,9.6,1.52,0.5307,3.3571,-0.0363,hold,128
295,Luis Robert Jr.,NYM,OF,FA,12.1,1.52,2.8062,4.1667,-0.0723,hold,159
296,Joey Wiemer,WSH,OF,?,6.5,1.52,1.0224,6.1765,-0.0725,hold,85
297,Michael Conforto,CHC,DH,FA,15.6,1.52,1.5321,5.9545,-0.0382,hold,205
298,Teoscar Hernández,LAD,OF,FA,24.7,1.51,2.7665,6.0366,-0.0731,hold,326
299,Mickey Gasper,BOS,C,FA,9.1,1.51,1.3782,3.4074,-0.1155,drop,119
300,Chase Meidroth,CWS,2B,FA,35.9,1.51,3.5368,4.3364,-0.0826,drop,476
301,Ryan Ward,LAD,OF,FA,4.3,1.51,1.037,7.0588,-0.0737,drop,60
302,Vaughn Grissom,LAA,2B,FA,22.0,1.51,2.9546,4.2836,-0.0828,drop,296
303,Hao-Yu Lee,DET,2B,FA,15.5,1.51,1.8492,7.3333,-0.083,drop,208
304,Joey Loperfido,HOU,OF,FA,9.1,1.51,1.2111,6.3704,-0.074,drop,120
305,Alex Call,LAD,OF,FA,10.8,1.51,1.0487,6.963,-0.0741,drop,146
306,Dominic Smith,ATL,DH,FA,20.7,1.51,1.5466,6.3077,-0.0398,hold,274
307,Jo Adell,CLE,OF,FA,36.1,1.51,3.2861,4.9649,-0.0756,drop,484
308,Daniel Susac,SF,C,FA,12.0,1.5,1.97,7.5128,-0.1179,drop,161
309,Brice Matthews,HOU,OF,FA,16.7,1.5,1.0104,7.2407,-0.0775,drop,227
310,Matt Chapman,SF,3B,FA,26.1,1.5,1.9173,4.4337,-0.0879,drop,352
311,Max Kepler,AZ,OF,FA,8.1,1.5,2.1026,5.3704,-0.078,drop,110
312,Ke'Bryan Hayes,CIN,3B,FA,13.2,1.49,1.9461,8.9231,-0.0891,drop,176
313,Willi Castro,COL,2B,FA,29.8,1.49,2.98,4.4457,-0.0888,drop,403
314,Henry Bolte,ATH,OF,FA,20.9,1.49,2.7761,6.0588,-0.0798,drop,280
315,Braden Montgomery,CWS,OF,FA,14.9,1.49,2.8661,6.0204,-0.0798,drop,204
316,Tommy White,ATH,3B,FA,6.4,1.49,2.8252,5.2381,-0.0903,drop,85
317,Donovan Walton,ATH,2B,FA,10.6,1.49,1.3559,7.2059,-0.09,drop,144
318,Santiago Espinal,LAD,3B,FA,4.2,1.48,0.3568,8.3333,-0.0922,drop,60
319,Jackson Holliday,BAL,2B,FA,16.5,1.48,2.5861,7.6491,-0.0911,drop,222
320,Ezequiel Duran,TEX,SS,MINE,30.9,1.48,3.0713,5.4175,-0.1117,drop,420
321,Mark Vientos,NYM,1B,FA,18.6,1.48,1.5193,4.95,-0.1521,drop,254
322,Kyle Teel,CWS,C,FA,5.1,1.48,1.4524,4.6875,-0.1259,drop,70
323,Petey Halpin,CLE,OF,FA,8.9,1.48,1.4982,8.5,-0.0838,drop,123
324,Kazuma Okamoto,TOR,3B,opp,35.0,1.48,3.4108,4.5536,-0.0941,drop,475
325,Tommy Troy,AZ,OF,FA,9.7,1.47,1.2271,8.7027,-0.0843,drop,135
326,Luke Raley,SEA,OF,FA,21.1,1.47,1.4162,5.6622,-0.0844,drop,287
327,Kyle Manzardo,CLE,1B,FA,26.1,1.47,2.491,4.1829,-0.1544,drop,356
328,Derek Hill,PHI,OF,FA,12.6,1.47,0.8979,7.7838,-0.0854,drop,174
329,Jake Cronenworth,SD,2B,FA,18.9,1.47,3.2225,5.8438,-0.0951,drop,259
330,Noelvi Marte,CIN,OF,FA,13.8,1.47,2.1787,6.8367,-0.0861,drop,191
331,Taylor Trammell,HOU,OF,FA,13.4,1.47,2.0373,6.4468,-0.0865,drop,185
332,Nick Castellanos,SD,OF,?,8.8,1.47,1.0411,7.0,-0.0865,drop,122
333,Marcelo Mayer,SF,2B,FA,16.8,1.47,1.221,7.2712,-0.0957,drop,228
334,Victor Caratini,MIN,C,FA,23.5,1.47,2.2273,6.0,-0.1288,drop,323
335,Pavin Smith,AZ,1B,FA,6.3,1.47,1.2627,6.0,-0.1559,drop,89
336,Carson Kelly,CHC,C,FA,22.6,1.47,2.2542,6.4444,-0.1292,drop,311
337,Nick Fortes,TB,C,FA,19.7,1.47,1.6054,7.873,-0.1292,drop,268
338,Agustín Ramírez,MIA,C,opp,10.0,1.46,2.0131,3.5625,-0.1296,drop,140
339,Leo Jiménez,MIA,3B,FA,11.3,1.46,1.4127,6.8684,-0.0977,drop,157
340,Dylan Beavers,BAL,OF,FA,15.9,1.46,2.5628,4.5926,-0.088,drop,220
341,Giancarlo Stanton,NYY,DH,FA,7.1,1.46,1.402,4.5217,-0.0537,hold,96
342,Josh Lowe,LAA,OF,FA,16.7,1.46,1.7993,7.1613,-0.089,drop,229
343,Jose Siri,LAA,OF,FA,10.0,1.46,1.1538,7.9394,-0.0893,drop,138
344,Denzer Guzman,LAA,3B,FA,12.1,1.46,2.1566,5.7317,-0.0997,drop,168
345,Austin Wells,NYY,C,FA,19.6,1.46,2.0028,8.3467,-0.1318,drop,269
346,Luisangel Acuña,CWS,SS,FA,13.7,1.45,1.3337,8.3273,-0.1205,drop,191
347,Zach Cole,HOU,OF,FA,3.7,1.45,1.0526,6.1429,-0.0914,drop,53
348,Nick Gonzales,PIT,3B,FA,33.9,1.45,3.4742,4.6296,-0.1026,drop,471
349,James McCann,AZ,C,FA,7.8,1.45,1.4621,7.7407,-0.1348,drop,109
350,Romy Gonzalez,BOS,DH,FA,5.4,1.45,1.6715,5.125,-0.0581,hold,73
351,Harrison Bader,SF,OF,FA,7.8,1.44,1.3854,7.3333,-0.093,drop,111
352,Sterlin Thompson,COL,OF,FA,5.4,1.44,0.8652,7.5263,-0.0932,drop,77
353,Rodolfo Durán,SD,C,FA,6.6,1.44,0.9188,8.8148,-0.1361,drop,91
354,Spencer Jones,NYY,OF,FA,9.5,1.44,2.0025,6.1111,-0.0945,drop,134
355,David Fry,CLE,OF,FA,11.9,1.44,0.9664,4.5854,-0.0949,drop,168
356,Austin Riley,ATL,3B,FA,34.0,1.44,3.1637,5.7759,-0.1059,drop,475
357,Miguel Amaya,CHC,C,FA,13.9,1.43,1.4829,8.3462,-0.1382,drop,194
358,Samad Taylor,SD,OF,FA,7.4,1.43,1.2814,4.6087,-0.0964,drop,102
359,Jorbit Vivas,WSH,3B,FA,18.0,1.43,1.7653,7.2969,-0.1076,drop,254
360,Eli White,BOS,OF,FA,11.0,1.43,1.0033,7.2432,-0.0977,drop,156
361,Jorge Soler,LAA,DH,?,25.6,1.42,2.4724,3.8706,-0.0649,hold,362
362,Colby Thomas,PHI,OF,FA,8.5,1.42,0.9906,4.4062,-0.1012,drop,121
363,Alek Thomas,LAD,OF,FA,6.9,1.42,1.2932,7.8214,-0.1013,drop,100
364,Coby Mayo,BAL,3B,FA,21.4,1.41,2.2169,6.675,-0.1118,drop,302
365,Jose Trevino,CIN,C,FA,6.5,1.41,1.4413,7.7778,-0.1441,drop,94
366,Dustin Harris,HOU,OF,FA,3.6,1.41,0.7641,7.3077,-0.1023,drop,52
367,Brandon Lockridge,MIL,OF,FA,6.9,1.41,1.4729,6.2083,-0.1023,drop,100
368,José Tena,WSH,DH,FA,16.1,1.4,1.6589,5.875,-0.0699,hold,232
369,Braden Shewmake,HOU,SS,?,6.4,1.4,1.1301,7.04,-0.1343,drop,91
370,Nick Sogard,BOS,2B,FA,6.8,1.4,2.6273,4.6364,-0.1153,drop,96
371,Nicky Lopez,TEX,2B,FA,14.0,1.4,1.7547,8.3846,-0.1159,drop,202
372,Zach McKinstry,DET,2B,FA,22.3,1.39,2.6422,7.4051,-0.1165,drop,324
373,MJ Melendez,NYM,DH,FA,10.0,1.39,0.7651,6.1795,-0.073,hold,145
374,Tim Tawa,AZ,OF,FA,13.1,1.39,2.5584,7.5778,-0.1082,drop,192
375,Trevor Story,BOS,SS,FA,12.3,1.39,1.8578,4.3171,-0.1379,drop,176
376,Graham Pauley,MIA,3B,FA,7.1,1.39,0.9193,8.4839,-0.1202,drop,106
377,Austin Hedges,CLE,C,FA,12.3,1.38,1.2773,8.0784,-0.1524,drop,179
378,Austin Wynns,TEX,C,FA,5.5,1.38,0.963,8.0476,-0.1524,drop,78
379,Ben Williamson,TB,2B,FA,18.6,1.38,1.9971,6.371,-0.1195,drop,271
380,Marcell Ozuna,PIT,DH,?,19.3,1.38,2.1131,5.1818,-0.0768,drop,281
381,Edgar Quero,CWS,C,FA,13.8,1.38,1.8824,6.7234,-0.1541,drop,201
382,Eugenio Suárez,CIN,DH,FA,23.2,1.37,2.9194,4.9286,-0.0787,hold,342
383,Drew Romo,CWS,C,FA,11.0,1.37,1.4689,8.7674,-0.156,drop,160
384,Elias Díaz,TEX,C,FA,10.2,1.37,1.5282,8.075,-0.1562,drop,149
385,Tyler Heineman,LAA,C,FA,9.4,1.37,1.102,8.875,-0.1571,drop,138
386,Orlando Arcia,MIN,SS,FA,3.5,1.37,0.7143,6.0,-0.1442,drop,50
387,Owen Caissie,MIA,OF,FA,18.4,1.37,1.735,6.4533,-0.1151,drop,271
388,Rafael Marchán,PHI,C,FA,6.2,1.37,0.5873,8.6522,-0.1573,drop,92
389,Jimmy Crooks,STL,C,FA,8.2,1.36,1.3726,7.9032,-0.1579,drop,118
390,Jorge Polanco,NYM,DH,FA,9.0,1.36,2.3982,5.1613,-0.0813,drop,131
391,Leody Taveras,BAL,OF,FA,24.6,1.36,2.5002,6.3294,-0.116,drop,362
392,Chadwick Tromp,ATL,C,?,3.5,1.36,0.5026,9.0,-0.1583,drop,51
393,Cam Cauley,TEX,OF,FA,4.3,1.36,1.301,7.125,-0.1168,drop,63
394,Christian Koss,SF,2B,FA,4.3,1.36,1.4226,8.875,-0.1262,drop,65
395,Jake Rogers,BOS,C,FA,8.5,1.36,1.0343,8.8857,-0.1593,drop,126
396,Starling Marte,KC,OF,FA,10.9,1.36,1.5088,5.6757,-0.1172,drop,161
397,Ronny Mauricio,NYM,SS,FA,3.5,1.36,0.9463,8.3333,-0.1467,drop,50
398,Max Schuemann,NYY,OF,FA,5.8,1.36,1.0709,7.0476,-0.1177,drop,89
399,Denzel Clarke,ATH,OF,FA,3.9,1.36,0.8185,8.9412,-0.1179,drop,60
400,Javier Báez,DET,SS,FA,8.1,1.36,1.9495,8.6129,-0.1477,drop,119
401,Drew Cavanaugh,SF,C,FA,5.0,1.35,1.3182,8.5,-0.1608,drop,75
402,Brenton Doyle,CWS,OF,FA,9.7,1.35,1.9196,5.8857,-0.119,drop,143
403,Davis Schneider,TOR,OF,FA,9.3,1.35,1.1614,6.4167,-0.1197,drop,140
404,Nick Allen,HOU,SS,FA,7.7,1.35,1.1367,8.5,-0.149,drop,117
405,Rhys Hoskins,CLE,1B,FA,20.8,1.35,1.9588,4.4507,-0.1896,drop,308
406,Edouard Julien,COL,2B,FA,18.5,1.35,1.7511,4.9851,-0.1299,drop,276
407,Kyle Higashioka,TEX,C,FA,12.3,1.34,1.2083,7.7234,-0.1639,drop,186
408,J.C. Escarra,NYY,C,FA,6.1,1.34,0.9022,8.28,-0.164,drop,92
409,Ryan Waldschmidt,AZ,OF,FA,13.0,1.34,2.3054,7.9608,-0.1222,drop,194
410,Danny Jansen,TEX,C,FA,9.6,1.34,1.0644,7.8611,-0.1646,drop,142
411,Freddy Fermin,SD,C,FA,13.4,1.34,1.9167,8.4107,-0.1656,drop,204
412,Kahlil Watson,CLE,OF,FA,6.1,1.34,1.335,5.3478,-0.124,drop,91
413,Will Benson,CIN,OF,FA,7.6,1.33,0.7124,6.1786,-0.1262,drop,114
414,Anthony Volpe,NYY,SS,FA,12.9,1.33,2.0395,6.9583,-0.1556,drop,194
415,Jase Bowen,SD,OF,FA,4.9,1.33,1.2003,8.2105,-0.1269,drop,77
416,Lenyn Sosa,TOR,2B,FA,7.6,1.33,1.2574,5.4333,-0.136,drop,117
417,Drew Millas,WSH,C,FA,9.8,1.32,0.9212,8.025,-0.1697,drop,152
418,Dane Myers,CIN,OF,FA,13.6,1.32,2.2423,4.6757,-0.1287,drop,206
419,Ha-Seong Kim,ATL,SS,FA,5.6,1.32,1.183,8.25,-0.159,drop,84
420,Edwin Arroyo,CIN,2B,FA,9.4,1.31,1.7017,8.1081,-0.1395,drop,142
421,Bryce Teodosio,LAA,OF,FA,3.4,1.31,0.5693,8.9333,-0.131,drop,51
422,Darell Hernaiz,ATH,SS,FA,8.6,1.31,1.0862,8.2778,-0.1612,drop,134
423,Weston Wilson,SEA,3B,FA,6.7,1.31,1.2488,7.6207,-0.143,drop,106
424,Josh Rojas,KC,3B,FA,4.8,1.3,1.0649,7.6667,-0.1438,drop,72
425,Anthony Seigler,BOS,2B,FA,10.0,1.3,2.3306,3.4412,-0.1426,drop,154
426,Jorge Barrosa,AZ,OF,FA,9.7,1.3,0.983,8.6667,-0.1342,drop,151
427,Ali Sánchez,NYY,C,FA,3.7,1.3,0.5498,8.8889,-0.177,drop,60
428,LaMonte Wade Jr.,HOU,OF,FA,5.6,1.3,1.6945,5.7727,-0.1353,drop,89
429,Gabriel Rincones Jr.,PHI,OF,FA,5.5,1.29,1.4611,7.5,-0.1367,drop,89
430,Adolis García,PHI,OF,FA,16.6,1.29,1.6695,5.4531,-0.1376,drop,259
431,Yoán Moncada,LAA,3B,FA,8.5,1.29,1.0555,5.125,-0.1482,drop,130
432,Brett Baty,NYM,3B,FA,24.2,1.29,2.3068,6.6327,-0.1487,drop,379
433,Rob Refsnyder,SEA,DH,?,8.1,1.28,0.8493,3.3077,-0.1046,drop,129
434,Jordan Beck,COL,OF,FA,6.6,1.28,1.7615,5.4,-0.1401,drop,104
435,Jarred Kelenic,CWS,OF,?,4.4,1.28,0.6917,6.7895,-0.1403,drop,69
436,Alex Jackson,MIN,C,FA,4.4,1.28,0.7565,8.8333,-0.1833,drop,69
437,Sebastián Rivero,LAA,C,FA,3.6,1.28,0.5158,8.25,-0.1833,drop,57
438,Connor Norby,COL,1B,FA,14.9,1.27,1.5908,6.4,-0.2109,drop,233
439,Jake Meyers,HOU,OF,FA,9.8,1.27,1.4599,7.2432,-0.1421,drop,153
440,Luis Torrens,NYM,C,FA,13.8,1.27,1.4036,8.8364,-0.1853,drop,216
441,Alika Williams,ATH,SS,FA,8.3,1.27,1.4265,8.6176,-0.1725,drop,134
442,Pedro Pagés,STL,C,FA,10.9,1.27,1.3317,8.2857,-0.186,drop,173
443,Ezequiel Tovar,COL,SS,FA,25.3,1.27,2.5966,6.8431,-0.1734,drop,403
444,Ryan McMahon,NYY,3B,FA,17.7,1.26,2.0707,7.6714,-0.155,drop,283
445,Matt Wallner,MIN,OF,FA,8.3,1.26,1.5714,6.1212,-0.1464,drop,135
446,Blake Dunn,CIN,OF,FA,9.7,1.25,1.7636,2.7576,-0.1471,drop,155
447,Ryan Kreidler,MIN,SS,FA,12.9,1.25,1.7044,8.3091,-0.1769,drop,209
448,Alejandro Osuna,TEX,OF,FA,13.9,1.25,1.6633,6.7759,-0.148,drop,222
449,Joey Bart,CWS,C,FA,7.9,1.25,1.0883,7.9394,-0.1904,drop,128
450,Josh Smith,TOR,2B,FA,10.7,1.25,2.1307,7.0488,-0.1576,drop,175
451,Braxton Fulford,COL,DH,FA,4.2,1.24,0.3865,7.6471,-0.1176,drop,71
452,Eric Haase,SF,C,?,5.3,1.24,0.6486,8.5652,-0.1945,drop,85
453,Colt Emerson,SEA,SS,FA,14.5,1.24,2.3476,8.7077,-0.1817,drop,235
454,Mitch Garver,SEA,C,?,9.2,1.23,1.119,7.1143,-0.1953,drop,149
455,Austin Slater,MIA,OF,?,4.6,1.23,0.7078,3.0,-0.1534,drop,74
456,Travis d'Arnaud,LAA,C,FA,3.1,1.22,0.8848,7.7647,-0.1981,drop,51
457,Tyler Callihan,PIT,OF,FA,6.6,1.22,1.0621,7.24,-0.157,drop,107
458,Max Muncy,ATH,3B,FA,11.8,1.22,1.8994,6.8542,-0.1676,drop,195
459,Everson Pereira,STL,OF,FA,5.6,1.22,1.7744,5.4783,-0.1576,drop,92
460,Christian Vázquez,HOU,C,FA,13.5,1.21,1.2396,8.7797,-0.2019,drop,222
461,Juan Brito,CIN,2B,FA,3.5,1.21,1.3736,6.9286,-0.169,drop,56
462,Carlos Narváez,BAL,C,FA,13.1,1.2,1.8883,8.2903,-0.2041,drop,216
463,Daniel Schneemann,CLE,OF,FA,16.5,1.2,1.7132,5.6212,-0.162,drop,276
464,Leo Rivas,SEA,3B,FA,7.5,1.2,1.2684,8.8788,-0.1734,drop,127
465,Hunter Feduccia,LAD,C,FA,10.2,1.2,1.1953,8.5091,-0.2062,drop,172
466,Zach Dezenzo,HOU,OF,FA,4.7,1.18,0.7831,6.75,-0.168,drop,82
467,Henry Davis,PIT,C,FA,13.8,1.18,1.8551,8.9242,-0.2105,drop,238
468,Victor Scott II,STL,OF,FA,10.8,1.18,1.2689,9.0,-0.1684,drop,184
469,Brady House,WSH,3B,FA,12.8,1.18,2.4454,3.4889,-0.179,drop,219
470,Patrick Bailey,CLE,C,FA,14.2,1.16,1.9274,8.2464,-0.2173,drop,248
471,Adam Frazier,LAA,2B,FA,5.9,1.16,0.918,8.92,-0.1845,drop,102
472,Zack Short,DET,SS,?,3.6,1.15,0.4236,9.0,-0.205,drop,62
473,Taylor Walls,TB,SS,FA,19.1,1.15,2.3046,8.4886,-0.2063,drop,332
474,Alex Freeland,LAD,2B,FA,12.8,1.15,1.1313,8.678,-0.1865,drop,224
475,Tristan Gray,MIN,SS,FA,10.7,1.14,1.0461,8.3077,-0.2106,drop,189
476,Andrew McCutchen,TEX,DH,?,4.5,1.13,0.4199,4.4375,-0.1479,drop,83
477,Colton Cowser,BAL,OF,FA,15.9,1.11,1.8939,6.9577,-0.1887,drop,286
478,James Outman,DET,OF,FA,9.5,1.1,1.1384,8.6047,-0.19,drop,172
479,Thomas Saggese,STL,OF,FA,4.4,1.09,1.024,7.3636,-0.1933,drop,82
480,Logan O'Hoppe,TEX,C,FA,13.9,1.08,1.8,8.1493,-0.2397,drop,256
481,Nolan Gorman,STL,3B,FA,12.1,1.06,1.6619,5.2407,-0.2145,drop,230
482,Oswald Peraza,LAA,2B,FA,15.8,1.05,1.8721,6.6479,-0.2158,drop,307
483,Christopher Morel,MIA,1B,?,3.5,0.94,1.2788,6.3,-0.3053,drop,73
484,Gabriel Arias,NYM,3B,FA,4.5,0.66,1.7649,6.9167,-0.3281,drop,136
