mlbam,name,mlb_team,HR,PA,K,R,RBI,BB,TB,SB,HBP,FP,k,own,ambiguous,batter,rank,xfp_rh3_per_pa,mlbam_id,proj_ros_pa_per_teamgame,pa_per_teamgame_to,is_on_il_at_split,vol_used,RoS,postASG_FP_PA,postASG_K%
664761,Alec Bohm,,2,63,9,6,13,2,26,1,1,40,alec bohm,FA,False,664761.0,101.0,0.5306272349441967,664761.0,3.1299,3.9286,0.0,3.9286,102.1,0.635,14.3
695657,Colson Montgomery,,2,61,23,6,10,5,18,0,0,16,colson montgomery,FA,False,695657.0,133.0,0.511360667261891,695657.0,3.2118,3.991,0.0,3.991,100.0,0.262,37.7
642715,Willy Adames,,3,65,17,12,10,6,23,2,1,37,willy adames,FA,False,642715.0,186.0,0.4829526390518033,642715.0,3.2897,4.0089,0.0,4.0089,94.9,0.569,26.2
668715,Spencer Steer,,2,26,6,2,3,1,10,0,1,11,spencer steer,FA,False,668715.0,77.0,0.5492409286046893,668715.0,2.3489,3.4595,1.0,3.4595,93.1,0.423,23.1
702284,Cole Young,,3,69,6,9,8,3,37,0,1,52,cole young,FA,False,702284.0,226.0,0.4679589634672843,702284.0,3.1436,4.0442,0.0,4.0442,92.7,0.754,8.7
669394,Jake Burger,,3,60,19,5,8,2,24,0,0,20,jake burger,FA,False,669394.0,185.0,0.4830899916607888,669394.0,2.9792,3.8571,0.0,3.8571,91.3,0.333,31.7
521692,Salvador Perez,,5,68,17,9,9,4,34,0,4,43,salvador perez,FA,False,521692.0,227.0,0.4679379994119498,521692.0,3.1391,3.9292,0.0,3.9292,90.1,0.632,25.0
686797,Brooks Lee,,2,60,10,7,7,3,22,1,0,30,brooks lee,FA,False,686797.0,202.0,0.4776118325935657,686797.0,3.184,3.8496,0.0,3.8496,90.1,0.5,16.7
665019,Kody Clemens,,3,63,13,7,7,2,28,1,1,33,kody clemens,FA,False,665019.0,114.0,0.5222195990022772,665019.0,3.0738,3.4956,0.0,3.4956,89.4,0.524,20.6
666176,Jo Adell,,3,57,21,4,9,4,20,0,1,17,jo adell,FA,False,666176.0,289.0,0.4403070370158803,666176.0,3.094,4.0804,0.0,4.0804,88.0,0.298,36.8
663757,Trent Grisham,,2,67,9,5,3,7,14,0,0,20,trent grisham,FA,False,663757.0,85.0,0.5429665322512996,663757.0,3.2501,3.2589,0.0,3.2589,86.7,0.299,13.4
805367,Chase Meidroth,,2,60,8,10,9,6,24,0,2,43,chase meidroth,FA,False,805367.0,322.0,0.4249020455636352,805367.0,3.3329,4.0811,0.0,4.0811,85.0,0.717,13.3
543760,Marcus Semien,,3,48,14,6,6,3,18,1,0,20,marcus semien,FA,False,543760.0,126.0,0.5121455376624188,543760.0,2.584,3.2566,0.0,3.2566,81.7,0.417,29.2
592626,Joc Pederson,,5,44,11,11,8,2,33,1,0,44,joc pederson,FA,False,592626.0,87.0,0.5429068431445098,592626.0,2.1711,3.0268,0.0,3.0268,80.5,1.0,25.0
693304,Nick Gonzales,,2,74,12,10,7,0,33,1,1,40,nick gonzales,FA,False,693304.0,339.0,0.4187738099540838,693304.0,3.3152,3.9204,0.0,3.9204,80.4,0.541,16.2
663586,Austin Riley,,3,64,25,6,10,3,28,1,2,25,austin riley,FA,False,663586.0,359.0,0.4062475921256596,663586.0,3.0158,4.0089,0.0,4.0089,79.8,0.391,39.1
695600,Carter Jensen,,2,69,21,7,5,8,27,0,0,26,carter jensen,FA,False,695600.0,295.0,0.4388804332006576,695600.0,3.0689,3.6814,0.0,3.6814,79.2,0.377,30.4
656775,Cedric Mullins,,2,50,13,7,4,3,20,2,1,24,cedric mullins,FA,False,656775.0,197.0,0.4790437103387192,656775.0,2.6685,3.3333,0.0,3.3333,78.2,0.48,26.0
680777,Ryan Jeffers,,3,50,8,5,8,4,22,0,1,32,ryan jeffers,FA,False,680777.0,56.0,0.5704960065065452,680777.0,2.7473,1.8319,0.0,2.7473,76.8,0.64,16.0
683953,Travis Bazzana,,2,69,16,7,6,10,25,3,1,36,travis bazzana,FA,False,683953.0,233.0,0.4647031077919442,683953.0,3.3065,3.1062,0.0,3.3065,75.3,0.522,23.2
663616,Trevor Larnach,,3,45,10,5,9,4,21,0,0,29,trevor larnach,FA,False,663616.0,123.0,0.5128867536755949,663616.0,2.7042,2.9912,0.0,2.9912,75.2,0.644,22.2
686527,Dominic Canzone,,3,66,12,7,9,8,26,0,1,39,dominic canzone,FA,False,686527.0,107.0,0.5265731998733477,686527.0,2.5448,2.8319,0.0,2.8319,73.1,0.591,18.2
676609,José Caballero,,2,50,12,2,6,4,18,5,0,23,jose caballero,FA,False,676609.0,183.0,0.4832088086420532,676609.0,2.4873,3.0714,0.0,3.0714,72.7,0.46,24.0
643217,Andrew Benintendi,,2,51,12,5,11,5,21,0,0,30,andrew benintendi,FA,False,643217.0,194.0,0.4799053436868614,643217.0,2.3903,3.0631,0.0,3.0631,72.0,0.588,23.5
668904,Royce Lewis,,2,61,11,8,8,7,23,4,0,39,royce lewis,FA,False,668904.0,138.0,0.5058136908710786,668904.0,2.9022,2.8053,0.0,2.9022,71.9,0.639,18.0
695506,Jac Caglianone,,3,54,9,4,7,2,22,0,0,26,jac caglianone,FA,False,695506.0,353.0,0.4110324645302012,695506.0,2.8249,3.5664,0.0,3.5664,71.8,0.481,16.7
677649,Ezequiel Duran,,2,65,17,10,8,3,26,1,2,33,ezequiel duran,FA,False,677649.0,337.0,0.4189477894774082,677649.0,2.8247,3.4911,0.0,3.4911,71.7,0.508,26.2
657041,Lane Thomas,,3,59,18,5,6,5,22,3,0,23,lane thomas,FA,False,657041.0,144.0,0.5015538674111597,657041.0,2.4399,2.9027,0.0,2.9027,71.3,0.39,30.5
681715,Heriberto Hernández,,3,64,25,5,7,4,25,3,0,19,heriberto hernandez,FA,False,681715.0,104.0,0.5292948686263966,681715.0,2.7279,2.5841,0.0,2.7279,70.7,0.297,39.1
805811,Bryce Eldridge,,3,70,24,8,6,9,22,1,0,22,bryce eldridge,FA,False,805811.0,145.0,0.5010563215886163,805811.0,2.8795,2.5625,0.0,2.8795,70.7,0.314,34.3
650489,Willi Castro,,5,53,15,11,9,5,30,1,1,42,willi castro,FA,False,650489.0,332.0,0.4207704188722988,650489.0,2.8326,3.375,0.0,3.375,69.6,0.792,28.3
700932,Kyle Manzardo,,3,46,18,8,9,3,21,0,1,24,kyle manzardo,FA,False,700932.0,330.0,0.4218251395028731,700932.0,2.6579,3.1504,0.0,3.1504,65.1,0.522,39.1
663886,Tyler Stephenson,,3,47,14,8,8,7,29,0,1,39,tyler stephenson,FA,False,663886.0,193.0,0.4802576965350396,663886.0,2.2219,2.7477,0.0,2.7477,64.7,0.83,29.8
686611,Dylan Crews,,3,63,16,10,7,9,27,2,3,42,dylan crews,FA,False,686611.0,270.0,0.4493148583670857,686611.0,2.8972,2.2301,0.0,2.8972,63.8,0.667,25.4
663993,Nathaniel Lowe,,2,52,10,5,11,2,27,0,0,35,nathaniel lowe,FA,False,663993.0,119.0,0.5169069256751314,663993.0,2.4699,2.5045,0.0,2.5045,63.4,0.673,19.2
807799,Masataka Yoshida,,2,54,4,8,6,5,20,0,0,35,masataka yoshida,FA,False,807799.0,83.0,0.5433959090851692,807799.0,2.362,2.2973,0.0,2.362,62.9,0.648,7.4
687093,Vaughn Grissom,,2,61,12,7,10,4,26,0,1,36,vaughn grissom,FA,False,687093.0,254.0,0.4547512616093802,687093.0,2.7941,2.4286,0.0,2.7941,62.3,0.59,19.7
673237,Yainer Diaz,,2,39,6,6,3,1,17,0,0,21,yainer diaz,FA,False,673237.0,155.0,0.4939405824363203,673237.0,2.5185,1.885,0.0,2.5185,61.0,0.538,15.4
650859,Luis Rengifo,,2,57,8,11,8,9,25,2,2,49,luis rengifo,FA,False,650859.0,219.0,0.4708679924582342,650859.0,2.59,2.4144,0.0,2.59,59.8,0.86,14.0
606192,Teoscar Hernández,,2,55,11,10,4,3,26,0,0,32,teoscar hernandez,FA,False,606192.0,292.0,0.4394545631799755,606192.0,2.7182,2.7321,0.0,2.7321,58.8,0.582,20.0
573262,Mike Yastrzemski,,2,26,9,3,4,1,14,0,0,13,mike yastrzemski,FA,False,573262.0,230.0,0.4652976659031476,573262.0,1.7719,2.5714,0.0,2.5714,58.6,0.5,34.6
687401,Joey Ortiz,,2,40,8,5,7,4,24,3,0,35,joey ortiz,FA,False,687401.0,213.0,0.4738248746553622,687401.0,2.0371,2.4955,0.0,2.4955,57.9,0.875,20.0
665052,Griffin Conine,,5,52,16,8,9,5,29,0,0,35,griffin conine,FA,False,665052.0,67.0,0.5573532851924706,665052.0,2.0915,1.2655,0.0,2.0915,57.1,0.673,30.8
641680,Jonah Heim,,2,61,9,4,6,3,22,0,1,27,jonah heim,FA,False,641680.0,249.0,0.4576113267294609,641680.0,2.5054,2.1518,0.0,2.5054,56.2,0.443,14.8
683734,Andrew Vaughn,,2,44,9,4,5,5,16,0,2,23,andrew vaughn,FA,False,683734.0,131.0,0.5117406949837388,683734.0,2.2254,1.9099,0.0,2.2254,55.8,0.523,20.5
673357,Luis Robert Jr.,,2,40,16,4,4,3,11,0,0,6,luis robert,FA,False,673357.0,285.0,0.442109200902185,673357.0,2.5298,1.2212,0.0,2.5298,54.8,0.15,40.0
553993,Eugenio Suárez,,3,53,22,4,4,4,19,0,0,9,eugenio suarez,FA,False,553993.0,411.0,0.3809688676396406,553993.0,2.8017,2.8829,0.0,2.8829,53.8,0.17,41.5
676356,Jonny DeLuca,,2,45,7,7,8,1,21,3,0,33,jonny deluca,FA,False,676356.0,184.0,0.4831246682812046,676356.0,2.1836,2.0,0.0,2.1836,51.7,0.733,15.6
642086,Dominic Smith,,2,30,4,6,8,4,14,0,0,28,dominic smith,FA,False,642086.0,274.0,0.4452618901723121,642086.0,1.5467,2.3482,0.0,2.3482,51.2,0.933,13.3
687221,Dalton Rushing,,2,40,17,7,6,4,17,0,0,17,dalton rushing,FA,False,687221.0,218.0,0.4715281358447945,687221.0,1.9399,2.1875,0.0,2.1875,50.5,0.425,42.5
806198,Cooper Pratt,,2,52,14,8,9,6,22,4,0,35,cooper pratt,FA,False,806198.0,232.0,0.4650488223792981,806198.0,2.2038,1.2523,0.0,2.2038,50.2,0.673,26.9
663743,Nick Fortes,,2,37,4,5,9,1,23,0,1,35,nick fortes,FA,False,663743.0,318.0,0.4272615259919559,663743.0,1.6529,2.3333,0.0,2.3333,48.8,0.946,10.8
691723,Coby Mayo,,2,35,15,8,6,2,17,1,0,19,coby mayo,FA,False,691723.0,381.0,0.39626292152689,691723.0,2.0554,2.5089,0.0,2.5089,48.7,0.543,42.9
656555,Rhys Hoskins,,3,29,10,3,5,3,14,1,0,16,rhys hoskins,FA,False,656555.0,408.0,0.3820614461380145,656555.0,1.8957,2.5929,0.0,2.5929,48.5,0.552,34.5
691788,Joe Mack,,4,43,14,5,10,1,23,0,0,25,joe mack,FA,False,691788.0,191.0,0.4808268356868926,691788.0,1.9701,1.9115,0.0,1.9701,46.4,0.581,32.6
669224,Austin Wells,,2,34,6,4,3,6,14,0,1,22,austin wells,FA,False,669224.0,350.0,0.4118710238590154,669224.0,1.8727,2.2411,0.0,2.2411,45.2,0.647,17.6
683748,Victor Mesa Jr.,,3,36,11,4,5,2,16,1,0,17,victor mesa,FA,False,683748.0,192.0,0.4807547081889521,683748.0,1.9025,1.2613,0.0,1.9025,44.8,0.472,30.6
691740,Daniel Susac,,3,30,4,5,8,1,18,1,1,30,daniel susac,FA,False,691740.0,309.0,0.4323513679715451,691740.0,1.9946,1.2946,0.0,1.9946,42.3,1.0,13.3
701678,Hao-Yu Lee,,2,46,9,6,12,2,23,0,0,34,hao yu lee,FA,False,701678.0,304.0,0.4336460056706446,701678.0,1.981,1.8125,0.0,1.981,42.1,0.739,19.6
663647,Ke'Bryan Hayes,,2,28,9,4,2,1,10,0,1,9,kebryan hayes,FA,False,663647.0,279.0,0.4441639831401818,663647.0,1.8655,1.4685,0.0,1.8655,40.6,0.321,32.1
668723,Ryan Vilade,,2,31,10,4,4,2,14,0,0,14,ryan vilade,FA,False,668723.0,166.0,0.4897554501460351,668723.0,1.5418,1.6847,0.0,1.6847,40.4,0.452,32.3
694378,Jacob Gonzalez,,2,42,6,4,6,0,17,1,0,22,jacob gonzalez,FA,False,694378.0,234.0,0.4643039842555194,694378.0,1.7357,1.2252,0.0,1.7357,39.5,0.524,14.3
666211,Taylor Trammell,,2,41,9,7,5,6,16,2,3,30,taylor trammell,FA,False,666211.0,384.0,0.3958652145999061,666211.0,1.7708,1.4602,0.0,1.7708,34.3,0.732,22.0
672275,Patrick Bailey,,3,39,8,5,7,3,17,0,0,24,patrick bailey,FA,False,672275.0,466.0,0.3369843620116415,672275.0,1.8703,2.0619,0.0,2.0619,34.0,0.615,20.5
621438,Tyrone Taylor,,4,29,7,8,11,4,23,0,1,40,tyrone taylor,FA,False,621438.0,212.0,0.4743471193912683,621438.0,1.3239,1.4159,0.0,1.4159,32.9,1.379,24.1
690984,Petey Halpin,,2,52,2,6,6,1,20,4,2,37,petey halpin,FA,False,690984.0,320.0,0.4259085135677529,690984.0,1.5578,1.0354,0.0,1.5578,32.5,0.712,3.8
682987,Spencer Jones,,3,31,9,4,6,3,15,2,0,21,spencer jones,FA,False,682987.0,341.0,0.4167129992122416,682987.0,1.5141,0.9821,0.0,1.5141,30.9,0.677,29.0
649966,Luis Urías,,2,28,6,2,6,3,12,0,0,17,luis urias,FA,False,649966.0,215.0,0.4727404489968192,649966.0,1.315,0.4911,0.0,1.315,30.5,0.607,21.4
665953,Andrés Chaparro,,5,34,4,9,14,3,26,0,2,50,andres chaparro,FA,False,665953.0,162.0,0.4912740874571066,665953.0,1.2501,0.8673,0.0,1.2501,30.1,1.471,11.8
656537,Derek Hill,,2,19,6,3,5,2,8,1,0,13,derek hill,FA,False,656537.0,342.0,0.4163624209281259,656537.0,0.7657,1.4505,0.0,1.4505,29.6,0.684,31.6
624431,Jose Trevino,,3,17,5,3,3,0,14,0,0,15,jose trevino,FA,False,624431.0,336.0,0.4199371169070377,624431.0,1.3708,0.7838,0.0,1.3708,28.2,0.882,29.4
681546,James Outman,,2,31,12,5,4,0,13,1,1,12,james outman,FA,False,681546.0,473.0,0.3170499242473009,681546.0,1.3326,1.5268,0.0,1.5268,23.7,0.387,38.7
663330,Jahmai Jones,,2,15,5,5,5,2,13,1,0,21,jahmai jones,FA,False,663330.0,317.0,0.4277868973012207,663330.0,0.451,1.0714,0.0,1.0714,22.5,1.4,33.3
699625,Jimmy Crooks,,2,32,10,2,3,1,13,0,0,9,jimmy crooks,FA,False,699625.0,361.0,0.4060462712552765,699625.0,1.061,0.875,0.0,1.061,21.1,0.281,31.2
650559,Bryan De La Cruz,,2,27,5,4,6,2,16,0,2,25,bryan de la cruz,FA,False,,,,,,,,,,0.926,18.5
680664,Eduardo Valencia,,2,21,5,6,8,0,18,0,0,27,eduardo valencia,FA,False,,,,680664.0,1.4767,0.2857,0.0,1.4767,,1.286,23.8
678545,Osleivis Basabe,,2,10,2,2,5,0,10,0,1,16,osleivis basabe,FA,False,,,,,,,,,,1.6,20.0
687952,Christian Encarnacion-Strand,,3,43,8,5,11,4,22,0,0,34,christian encarnacion strand,FA,False,,,,687952.0,1.9499,0.3839,0.0,1.9499,,0.791,18.6
