rank,name,proj,tag,gs,l4_st,n,sd,lo,hi,l4_all,l8_st,last,d_l4_l8,mid,nst,p90,mx,boom,big,bust,sdev,k_st,k_mx,ip_st,zp90,zbig,ceil
82,"Cameron, Noah",10.93875549515454,data_driven_full,21,16.85,4,17.673803589870893,-7.5,30.4,19.6,8.874999999999998,2026-08-05,7.975000000000003,702070,21.0,28.1,30.4,23.809523809523807,19.047619047619047,38.095238095238095,11.865973762541925,5.142857142857143,9.0,5.555552380952381,2.821035139466665,2.5683410467333117,2.6946880930999884
122,"Bennett, Jake",10.025786143965902,data_driven_full,12,11.775,4,5.514450713050818,7.7,19.8,11.775,16.650000000000002,2026-08-02,-4.875000000000004,687562,12.0,22.28,24.8,33.33333333333333,25.0,16.666666666666664,7.402927348916328,4.166666666666667,9.0,5.944441666666666,1.3010271729943117,3.588593389501212,2.444810281247762
54,"Sasaki, Roki",11.823502706291638,data_driven_full,19,17.3,4,5.637375275782162,12.6,25.1,17.3,8.6625,2026-07-30,8.637500000000001,808963,19.0,25.1,29.1,26.31578947368421,15.789473684210526,31.57894736842105,10.180694952094496,5.315789473684211,10.0,5.2105263157894735,2.0375258783984416,2.009887132797198,2.02370650559782
101,"Wacha, Michael",10.434894727478222,data_driven_full,23,15.85,4,3.637306695894643,11.7,19.8,15.85,14.25,2026-08-06,1.6000000000000014,608379,23.0,23.200000000000003,28.4,47.82608695652174,17.391304347826086,21.73913043478261,8.5519431257052,4.869565217391305,8.0,6.260873913043478,1.5413033463885673,2.2844447426587653,1.9128740445236663
76,"Bibee, Tanner",11.159493876782722,data_driven_full,24,14.375,4,4.8389909416461325,7.8,18.7,14.375,12.575,2026-08-05,1.799999999999999,676440,24.0,23.01,24.4,33.33333333333333,16.666666666666664,16.666666666666664,9.321422265055814,4.583333333333333,10.0,5.750004166666667,1.4916810931875795,2.160240109626151,1.8259606014068654
151,"Warren, Will",9.615873843451624,data_driven_full,22,9.5,4,12.304741633478804,-5.1,25.0,7.425000000000001,7.525,2026-08-05,1.975,701542,22.0,23.180000000000014,25.1,13.636363636363635,13.636363636363635,22.727272727272727,8.974229579011032,5.136363636363637,11.0,5.151518181818182,1.536079951314782,1.6408389169443114,1.5884594341295468
89,"Weathers, Ryan",10.763118702683313,data_driven_full,22,14.75,4,9.238506372785592,1.4,21.1,14.75,11.1375,2026-08-04,3.6125000000000007,677960,22.0,22.8,26.2,31.818181818181817,13.636363636363635,22.727272727272727,8.961757374426917,6.0,10.0,5.499995454545455,1.4368354449128036,1.6408389169443114,1.5388371809285575
65,"Bradish, Kyle",11.396696655909055,data_driven_full,22,10.025,4,10.25032519809331,-1.6,21.0,10.025,14.7875,2026-08-02,-4.762500000000001,680694,22.0,22.620000000000005,28.4,31.818181818181817,13.636363636363635,31.818181818181817,9.99188523566852,5.318181818181818,12.0,5.500004545454545,1.3898248892487113,1.6408389169443114,1.5153319030965113
197,"Irvin, Jake",8.764258292969263,data_driven_full,13,11.2,4,8.417046196063477,2.5,22.5,11.2,8.55,2026-08-05,2.6500000000000004,663623,13.0,21.100000000000005,22.7,15.384615384615385,15.384615384615385,30.76923076923077,8.79403206726016,4.769230769230769,9.0,4.769230769230769,0.9928468636408115,1.940493451183835,1.4666701574123233
164,"Matthews, Zebby",9.408798997794138,data_driven_full,14,3.5,4,12.424974849069113,-14.1,13.5,3.5,8.8,2026-07-31,-5.300000000000001,805673,14.0,21.210000000000008,23.1,14.285714285714285,14.285714285714285,28.57142857142857,10.101727085498307,4.928571428571429,10.0,5.785714285714286,1.0215755365466472,1.7521391725189912,1.386857354532819
299,"Bratt, Mitch",7.333076933792418,data_driven_thin,6,10.125,4,12.976998882638464,-2.5,28.1,10.125,7.550000000000001,2026-08-05,2.5749999999999997,683352,6.0,18.8,28.1,16.666666666666664,16.666666666666664,33.33333333333333,11.182799291769483,3.5,9.0,4.611116666666667,0.39215643015517254,2.160240109626151,1.2761982698906618
135,"Roupp, Landen",9.830991853972884,data_driven_full,22,9.35,4,11.805789540164888,-2.9,20.1,9.35,10.025,2026-08-02,-0.6749999999999989,694738,22.0,21.25,24.4,27.27272727272727,9.090909090909092,27.27272727272727,10.135054464793418,5.454545454545454,8.0,5.378795454545455,1.0320223266942214,0.8617371279215512,0.9468797273078864
278,"Vásquez, Randy",7.770174606371955,data_driven_full,18,0.875,4,12.646837549363871,-11.0,17.8,7.050000000000001,3.05,2026-08-04,-2.175,681190,18.0,19.300000000000004,24.1,22.22222222222222,11.11111111111111,44.44444444444444,9.903297133664477,3.3333333333333335,8.0,4.9629666666666665,0.5227413069998774,1.2080045897094445,0.8653729483546609
208,"Ober, Bailey",8.665961282180872,data_driven_full,17,8.1,4,7.08143111713068,-1.8,13.6,8.1,5.9125,2026-08-06,2.1875,641927,17.0,18.860000000000003,34.7,11.76470588235294,11.76470588235294,35.294117647058826,9.931844950342663,3.7058823529411766,10.0,5.470588235294118,0.40782661537653764,1.3200322979349395,0.8639294566557385
217,"Young, Brandon",8.525591951599802,data_driven_full,19,13.5,4,8.382521498133283,4.3,22.1,13.5,11.7,2026-08-06,1.8000000000000007,687064,19.0,19.619999999999997,24.1,21.052631578947366,10.526315789473683,21.052631578947366,6.986055450698479,4.684210526315789,8.0,5.6666684210526315,0.6063156281804861,1.1077692718234753,0.8570424500019806
94,"May, Dustin",10.647366080304096,data_driven_full,21,11.9,4,7.718808198161165,0.5,16.8,11.9,6.0,2026-08-06,5.899999999999999,669160,22.0,20.560000000000006,36.7,22.727272727272727,9.090909090909092,22.727272727272727,12.35986119789251,5.045454545454546,9.0,5.2272727272727275,0.8518151966485316,0.8617371279215512,0.8567761622850414
124,"Boyd, Matthew",9.965188327321016,data_driven_full,13,15.25,4,6.02245796996542,7.0,21.1,15.25,12.95,2026-08-03,2.3000000000000007,571510,13.0,21.040000000000003,22.7,30.76923076923077,7.6923076923076925,23.076923076923077,8.241055757607759,4.846153846153846,10.0,5.589753846153846,0.9771766784194466,0.6220135005299325,0.7995950894746895
175,"Freeland, Kyle",9.191314818595648,data_driven_full,20,13.225,4,11.490974719317766,2.6,28.7,13.225,10.8625,2026-08-02,2.3625000000000007,607536,20.0,19.430000000000007,28.7,15.0,10.0,60.0,10.14546178036476,4.65,9.0,5.416665,0.5566933749795011,1.0175574857261032,0.7871254303528021
69,"Cantillo, Joey",11.321065112960218,data_driven_full,24,6.825,4,7.895726692331745,-2.9,16.2,6.825,10.95,2026-08-04,-4.124999999999999,676282,24.0,20.099999999999998,28.4,20.833333333333336,8.333333333333332,25.0,8.825108284428246,5.375,9.0,4.94445,0.7316771099514019,0.7318868297510909,0.7317819698512464
95,"Imai, Tatsuya",10.63418940766961,data_driven_full,12,1.1250000000000002,4,13.633139770427062,-12.6,18.8,8.0,6.225,2026-08-03,-5.1,837227,15.0,20.54,26.8,33.33333333333333,6.666666666666667,46.666666666666664,13.574001761069718,4.8,11.0,3.91112,0.8465918015747417,0.446216173776079,0.6464039876754103
287,"McGreevy, Michael",7.569243502961221,data_driven_full,22,4.15,4,14.489881527005892,-16.5,16.9,4.15,8.45,2026-08-03,-4.3,700241,22.0,18.89,25.8,22.727272727272727,9.090909090909092,18.181818181818183,9.447999627947546,3.6818181818181817,9.0,5.469695454545455,0.41566170798721924,0.8617371279215512,0.6386994179543852
145,"Montero, Keider",9.64827664087414,data_driven_full,18,13.45,4,11.5569603846917,-3.7,20.6,11.925,13.8875,2026-08-02,-0.4375,672456,18.0,20.96,23.8,33.33333333333333,5.555555555555555,16.666666666666664,7.771432519085064,3.611111111111111,8.0,5.666666666666667,0.9562830981242934,0.25576906979273745,0.6060260839585154
236,"Kelly, Merrill",8.336311717452562,data_driven_full,20,9.8,4,7.922120928135343,-0.5,18.7,9.8,9.675,2026-08-02,0.125,518876,20.0,21.1,26.7,25.0,5.0,40.0,9.872251116400108,3.8,6.0,5.71666,0.9928468636408107,0.16054551780106677,0.5766961907209387
51,"Rogers, Trevor",11.935776377555156,data_driven_full,21,17.4,4,5.236410984634419,9.8,21.8,17.4,18.1125,2026-08-05,-0.7124999999999986,669432,21.0,20.9,26.1,28.57142857142857,4.761904761904762,28.57142857142857,9.440634058609168,4.666666666666667,9.0,5.507942857142857,0.9406129129029284,0.11973542409035073,0.5301741684966396
87,"Cavalli, Cade",10.772777445403158,data_driven_full,24,16.3,4,5.802298395176403,10.8,21.8,16.3,16.075000000000003,2026-08-02,0.2249999999999978,676917,24.0,21.01,35.1,20.833333333333336,4.166666666666666,20.833333333333336,9.422648478417631,5.541666666666667,13.0,5.1111125,0.969341585808764,0.01771018981356059,0.49352588781116224
107,"Chandler, Bubba",10.289825292746166,data_driven_full,21,10.8,4,9.725224933131368,-0.8,22.9,10.8,7.962499999999999,2026-08-03,2.8374999999999995,696149,21.0,16.8,22.9,9.523809523809524,9.523809523809524,33.33333333333333,7.94440803632461,4.333333333333333,11.0,4.999995238095238,-0.13018307722364297,0.9359372983046711,0.40287711054051406
133,"Singer, Brady",9.841213548444737,data_driven_full,22,13.8,4,5.801723881744115,7.3,21.1,13.8,14.0375,2026-08-04,-0.2375000000000007,663903,22.0,19.68000000000001,26.1,13.636363636363635,4.545454545454546,31.818181818181817,8.143588294052586,4.409090909090909,7.0,5.166663636363636,0.6219858134018539,0.0826353388987908,0.35231057615032235
174,"Rocker, Kumar",9.240034627354143,data_driven_full,19,11.525,4,11.117366294826008,-0.3,22.8,11.525,9.2,2026-08-02,2.325000000000001,677958,19.0,19.16,22.8,21.052631578947366,5.263157894736842,26.31578947368421,8.318857602631837,4.315789473684211,7.0,5.017547368421052,0.48617754148335923,0.2056514108497528,0.345914476166556
207,"Peterson, David",8.673822249588106,data_driven_full,15,16.025,4,7.163507055439628,7.5,22.0,16.025,8.95,2026-08-06,7.074999999999999,656849,15.0,18.219999999999995,22.0,13.333333333333334,6.666666666666667,40.0,10.432604569101528,4.2,8.0,5.022226666666667,0.24067797301531466,0.446216173776079,0.3434470733956968
291,"Johnson, Ryan",7.502972114007366,data_driven_full,10,1.8,4,10.806479537758817,-11.0,14.5,1.8,7.4,2026-08-06,-5.6000000000000005,696270,10.0,15.629999999999995,25.8,10.0,10.0,40.0,11.283030522770813,3.5,8.0,4.566660000000001,-0.43575168904025147,1.0175574857261032,0.2909028983429258
156,"Pallante, Andre",9.565345669323555,data_driven_full,22,15.05,4,9.03935838431025,7.6,28.1,15.05,11.025,2026-08-05,4.025,669467,22.0,18.98,28.1,22.727272727272727,4.545454545454546,22.727272727272727,8.510492632538075,4.090909090909091,8.0,5.636363636363637,0.4391669858192659,0.0826353388987908,0.2609011623590283
103,"Mahle, Tyler",10.392151196345484,data_driven_full,18,13.025000000000002,4,5.195751469550227,7.5,17.8,13.025000000000002,10.7375,2026-08-01,2.2875000000000014,641816,18.0,18.07,23.1,33.33333333333333,5.555555555555555,33.33333333333333,8.585776351359005,4.944444444444445,9.0,5.259261111111112,0.20150250996190477,0.25576906979273745,0.2286357898773211
262,"Springs, Jeffrey",7.940528736896407,data_driven_full,22,-0.6499999999999999,4,7.001190374976719,-8.6,7.5,-0.6499999999999999,0.1124999999999999,2026-07-31,-0.7624999999999998,605488,22.0,18.49000000000001,26.1,13.636363636363635,4.545454545454546,50.0,9.106089490053664,4.0,7.0,4.909081818181819,0.31119380651145834,0.0826353388987908,0.19691457270512458
138,"Liberatore, Matthew",9.745664850412274,data_driven_full,22,12.575,4,11.96282435993552,1.1,24.8,12.575,7.675000000000001,2026-08-02,4.9,669461,22.0,17.78,24.8,22.727272727272727,4.545454545454546,45.45454545454545,8.851502183759031,4.863636363636363,10.0,4.93939090909091,0.12576328139197676,0.0826353388987908,0.10419931014538378
183,"Cecconi, Slade",9.010919275346264,data_driven_full,21,1.275,4,2.9624033036258477,-1.9,4.4,-0.4249999999999998,7.4875,2026-08-06,-6.2125,677944,21.0,17.2,22.8,14.285714285714285,4.761904761904762,42.857142857142854,7.794879271492461,4.0,7.0,5.111109523809524,-0.025715175747880244,0.11973542409035073,0.04701012417123525
115,"Sproat, Brandon",10.108464950315703,data_driven_full,19,4.5,4,4.987317248113793,-1.1,9.8,4.5,9.2125,2026-08-03,-4.7125,687075,19.0,16.839999999999996,27.8,10.526315789473683,5.263157894736842,31.57894736842105,8.498682388416528,4.894736842105263,10.0,4.649121052631579,-0.11973628707606783,0.2056514108497528,0.04295756188684249
50,"Sheehan, Emmet",11.983405598431608,data_driven_full,20,6.625000000000001,4,10.195546413344736,-5.2,16.6,6.625000000000001,7.1000000000000005,2026-08-02,-0.4749999999999996,686218,20.0,16.810000000000002,22.9,5.0,5.0,35.0,8.554444828028846,5.4,10.0,4.76666,-0.1275713796867485,0.16054551780106677,0.01648706905715913
75,"Seymour, Ian",11.20743491543358,data_driven_full,8,8.575,4,11.830574795841494,-6.0,18.6,13.724999999999998,10.175,2026-08-03,-1.5999999999999996,693855,8.0,19.560000000000002,21.8,37.5,0.0,37.5,9.45708351297738,5.875,12.0,4.333325,0.5906454429591229,-0.6964664501239697,-0.052910503582423385
225,"Pérez, Martín",8.451041423972,data_driven_full,18,13.675,4,8.765224849749531,5.5,26.1,13.675,9.1875,2026-08-06,4.487499999999999,527048,18.0,15.59,26.1,5.555555555555555,5.555555555555555,22.22222222222222,6.373682101376861,3.7222222222222223,10.0,5.055555555555555,-0.4461984791878266,0.25576906979273745,-0.09521470469754459
127,"Gasser, Robert",9.953413069554502,data_driven_full,12,8.925,4,12.713870378448885,-10.1,16.5,8.925,12.775,2026-08-01,-3.85,688107,12.0,19.150000000000002,19.7,25.0,0.0,33.33333333333333,9.082196203495489,4.833333333333333,7.0,5.19445,0.4835658439464657,-0.6964664501239697,-0.106450303088752
159,"Pfaadt, Brandon",9.480741822717505,data_driven_full,10,14.125,4,6.323171672507399,7.8,20.1,14.125,13.625,2026-08-03,0.5,694297,10.0,19.11,20.1,30.0,0.0,10.0,5.793636355711517,3.2,6.0,5.7333300000000005,0.47311905379888863,-0.6964664501239697,-0.11167369816254052
241,"Assad, Javier",8.309398202001665,data_driven_full,10,11.725,4,2.1360009363293826,9.5,13.7,9.3,12.95,2026-08-04,-1.224999999999998,665871,10.0,18.91,20.8,20.0,0.0,10.0,9.544306039612193,3.5,6.0,5.20001,0.4208851030610073,-0.6964664501239697,-0.1377906735314812
53,"Jax, Griffin",11.85939524921208,data_driven_full,18,13.625,4,10.08410465369468,-1.5,18.8,13.625,13.975,2026-08-02,-0.3499999999999996,643377,18.0,18.56,18.8,22.22222222222222,0.0,16.666666666666664,6.5742814413887265,5.0,10.0,4.592594444444445,0.32947568926971416,-0.6964664501239697,-0.18349538042712776
109,"Prielipp, Connor",10.222074962112757,data_driven_full,15,13.9,4,5.095749863039459,8.6,18.7,13.9,11.0375,2026-08-01,2.8625000000000007,687570,15.0,18.34,20.8,20.0,0.0,20.0,7.467631740352748,5.4,10.0,5.177773333333334,0.27201834345804476,-0.6964664501239697,-0.21222405333296246
292,"Quantrill, Cal",7.487857415409175,data_driven_thin,7,10.35,4,12.41759504359305,-7.8,19.6,7.625,9.814285714285717,2026-08-03,0.5357142857142865,615698,7.0,17.92,19.6,14.285714285714285,0.0,28.57142857142857,9.529677953885006,3.2857142857142856,7.0,4.6190428571428575,0.16232704690849398,-0.6964664501239697,-0.26706970160773785
283,"Lauer, Eric",7.6567068862362095,data_driven_full,15,7.85,4,12.369182134105175,-8.8,20.8,7.85,8.5125,2026-08-05,-0.6624999999999988,641778,15.0,17.88,20.8,13.333333333333334,0.0,33.33333333333333,8.51429050814822,3.1333333333333333,9.0,5.06666,0.15188025676091696,-0.6964664501239697,-0.27229309668152635
130,"Manaea, Sean",9.855242467938297,data_driven_full,10,9.7,4,3.746998799039039,4.4,12.8,9.7,8.625,2026-08-04,1.075000000000001,640455,10.0,17.830000000000002,18.1,20.0,0.0,30.0,6.567292694355364,5.0,7.0,5.46667,0.13882176907644733,-0.6964664501239697,-0.2788223405237612
238,"Feltner, Ryan",8.328699038944457,data_driven_full,16,-2.675,4,9.512228971171794,-16.3,5.8,-2.675,5.012500000000001,2026-08-01,-7.687500000000001,663372,16.0,17.8,18.8,18.75,0.0,43.75,9.617406095200513,3.5625,9.0,4.7916625,0.13098667646576478,-0.6964664501239697,-0.28273988682910245
44,"Ureña, Walbert",12.31932144067584,data_driven_full,18,16.15,4,4.467288513927286,10.2,20.8,16.15,13.15,2026-08-02,3.0,700712,18.0,17.8,20.8,27.77777777777778,0.0,11.11111111111111,6.574979808115321,5.166666666666667,8.0,5.425927777777778,0.13098667646576478,-0.6964664501239697,-0.28273988682910245
108,"Holmes, Grant",10.274331688590522,data_driven_full,21,9.05,4,6.715405175167517,3.5,18.8,9.05,8.525,2026-08-04,0.5250000000000004,656550,21.0,17.8,19.8,14.285714285714285,0.0,19.047619047619047,6.378759395726682,4.190476190476191,10.0,4.952390476190476,0.13098667646576478,-0.6964664501239697,-0.28273988682910245
189,"Leahy, Kyle",8.949209827203328,data_driven_full,21,15.325,4,3.656387105691445,10.9,18.8,15.325,15.5,2026-07-31,-0.1750000000000007,681517,21.0,17.8,18.9,14.285714285714285,0.0,23.809523809523807,6.111760715834599,4.333333333333333,9.0,5.1111047619047625,0.13098667646576478,-0.6964664501239697,-0.28273988682910245
79,"Nola, Aaron",10.988141361195378,data_driven_full,23,9.225,4,3.9381679327660297,3.6,12.7,9.225,9.5375,2026-08-03,-0.3124999999999982,605400,23.0,17.66,21.9,17.391304347826086,0.0,30.434782608695656,7.9169528413708585,5.260869565217392,9.0,5.217391304347826,0.09442291094924755,-0.6964664501239697,-0.30102176958736104
78,"Castillo, Luis",11.106972546414704,data_driven_full,18,3.325,4,7.800160254764,-4.5,14.1,3.325,9.0375,2026-08-06,-5.7125,622491,18.0,17.37,21.8,11.11111111111111,0.0,33.33333333333333,8.832843123652701,4.444444444444445,7.0,5.1296333333333335,0.018683682379319524,-0.6964664501239697,-0.3388913838723251
227,"Teng, Kai-Wei",8.438931622688285,data_driven_full,10,2.025,4,10.071204826964182,-4.9,16.8,4.300000000000001,7.05,2026-07-24,-5.025,678906,10.0,17.2,20.8,10.0,0.0,60.0,9.555196375678408,4.3,9.0,4.4,-0.025715175747880244,-0.6964664501239697,-0.361090812935925
187,"Rea, Colin",8.951199972930247,data_driven_full,19,13.225,4,5.065158766843674,6.5,18.8,13.225,11.5125,2026-08-02,1.7125000000000004,607067,19.0,17.12,18.8,15.789473684210526,0.0,26.31578947368421,7.930594396725893,3.9473684210526314,7.0,5.298236842105263,-0.04660875604303242,-0.6964664501239697,-0.37153760308350103
249,"Scherzer, Max",8.143446495413423,data_driven_full,8,0.8250000000000002,4,13.803954747342036,-15.3,17.8,0.8250000000000002,2.4000000000000004,2026-08-02,-1.5750000000000002,453286,8.0,17.1,17.8,12.5,0.0,62.5,12.573327778618175,2.875,5.0,3.833325,-0.05183215111682046,-0.6964664501239697,-0.3741493006203951
345,"Sugano, Tomoyuki",5.895849168847596,data_driven_full,20,11.75,4,4.288356328478313,6.5,17.0,11.75,7.9125,2026-08-05,3.8375,608372,20.0,17.080000000000002,18.8,15.0,0.0,25.0,7.420120228845778,3.05,5.0,5.383335000000001,-0.05705554619060851,-0.6964664501239697,-0.3767609981572891
147,"Kremer, Dean",9.642540893408372,data_driven_full,8,3.175,4,9.205931059195844,-9.8,11.5,3.175,8.4125,2026-08-05,-5.2375,665152,8.0,16.8,16.8,0.0,0.0,25.0,8.971293504442777,5.0,9.0,5.125,-0.13018307722364297,-0.6964664501239697,-0.41332476367380633
255,"Matz, Steven",8.025113555448467,data_driven_full,10,1.6,4,12.02913130695646,-9.1,12.8,4.425000000000001,5.6875,2026-08-04,-4.0875,571927,10.0,16.669999999999998,21.8,10.0,0.0,40.0,10.62907960894702,3.7,8.0,4.6,-0.16413514520326666,-0.6964664501239697,-0.4303007976636182
213,"Schultz, Noah",8.608119857507496,data_driven_full,13,3.275,4,8.625688378326682,-6.9,13.5,6.775,3.8125,2026-08-01,-0.5375000000000001,702273,13.0,16.6,18.5,7.6923076923076925,0.0,38.46153846153847,9.459752802104456,4.153846153846154,8.0,4.615376923076924,-0.18241702796152434,-0.6964664501239697,-0.439441739042747
231,"Junk, Janson",8.41424786715373,data_driven_full,16,6.25,4,9.183499696012772,-3.8,15.5,6.25,4.775,2026-08-06,1.4749999999999996,676083,16.0,16.55,19.8,6.25,0.0,25.0,7.930592138463979,3.875,6.0,5.1041625,-0.19547551564599494,-0.6964664501239697,-0.4459709828849823
184,"Kay, Anthony",9.010680700721952,data_driven_full,21,10.8,4,3.868677637987775,7.2,15.9,10.8,10.3625,2026-08-02,0.4374999999999982,641743,21.0,16.5,21.8,9.523809523809524,0.0,23.809523809523807,8.756592074654659,4.238095238095238,8.0,4.904761904761905,-0.2085340033304655,-0.6964664501239697,-0.45250022672721757
220,"Sears, JP",8.504535537867266,data_driven_thin,6,9.1,4,8.954700813911465,-0.9,18.5,5.2250000000000005,7.583333333333335,2026-08-02,1.5166666666666648,676664,6.0,16.5,18.5,16.666666666666664,0.0,50.0,8.955538323666905,3.6666666666666665,5.0,4.7222333333333335,-0.2085340033304655,-0.6964664501239697,-0.45250022672721757
166,"Abbott, Andrew",9.392062811725872,data_driven_full,24,11.775,4,6.696454285664915,3.5,19.8,11.775,10.15,2026-08-06,1.625,671096,24.0,16.5,20.8,8.333333333333332,0.0,20.833333333333336,7.269466619191276,4.125,8.0,5.3611125,-0.2085340033304655,-0.6964664501239697,-0.45250022672721757
277,"Fedde, Erick",7.774534781399874,data_driven_full,14,9.375,4,5.623388658095758,4.3,16.5,4.2,6.975,2026-08-06,2.4000000000000004,607200,12.0,16.4,20.1,8.333333333333332,0.0,25.0,7.18244387378001,3.5,6.0,4.805558333333333,-0.23465097869940665,-0.6964664501239697,-0.46555871441168817
214,"Buehler, Walker",8.590895869192128,data_driven_full,23,7.949999999999999,4,6.510760324263211,-0.7,14.6,7.949999999999999,3.3374999999999995,2026-08-06,4.6125,621111,23.0,16.240000000000002,20.8,8.695652173913043,0.0,30.434782608695656,8.733385128933493,4.130434782608695,7.0,4.7101434782608695,-0.276438139289711,-0.6964664501239697,-0.48645229470684037
62,"Drohan, Shane",11.554497312977825,data_driven_full,12,14.075,4,4.355360681581569,7.8,17.8,14.075,13.075,2026-07-31,1.0,675660,12.0,15.71,17.8,8.333333333333332,0.0,8.333333333333332,5.285113455965183,5.25,9.0,5.277775,-0.41485810874509743,-0.6964664501239697,-0.5556622794345336
125,"Senga, Kodai",9.957727185916273,data_driven_full,8,0.825,4,5.802513823048306,-4.9,7.2,2.8,1.9375,2026-08-06,-1.1125,673540,8.0,15.629999999999999,17.8,12.5,0.0,62.5,10.905560508291172,4.75,9.0,3.9583375,-0.4357516890402505,-0.6964664501239697,-0.56610906958211
232,"Rodriguez, Grayson",8.4089221136908,data_driven_full,11,6.0,4,11.960211815292682,-5.8,20.1,6.0,3.625,2026-08-04,2.375,680570,11.0,15.5,20.1,9.090909090909092,0.0,54.54545454545454,10.016223204018932,3.8181818181818183,6.0,4.636363636363637,-0.46970375701987327,-0.6964664501239697,-0.5830851035719214
162,"Canning, Griffin",9.447531985464176,data_driven_full,11,3.325,4,5.153882032022076,-2.5,9.4,4.025,7.475,2026-08-05,-4.15,656288,11.0,15.5,15.5,0.0,0.0,36.36363636363637,9.092224450295179,4.636363636363637,7.0,4.575763636363636,-0.46970375701987327,-0.6964664501239697,-0.5830851035719214
195,"Painter, Andrew",8.792603118914698,data_driven_full,14,3.0,4,12.094075684675811,-10.4,15.8,4.025,6.15,2026-08-05,-3.1500000000000004,691725,14.0,15.200000000000003,18.6,7.142857142857142,0.0,50.0,9.967918318505404,3.7857142857142856,8.0,4.642857142857143,-0.5480546831266949,-0.6964664501239697,-0.6222605666253322
245,"Lowder, Rhett",8.247173513277975,data_driven_full,17,5.95,4,15.571448230656005,-17.3,15.8,5.95,6.525,2026-08-05,-0.5750000000000002,695076,17.0,15.14,18.8,5.88235294117647,0.0,29.411764705882355,10.992698111233015,4.117647058823529,8.0,4.823529411764706,-0.5637248683480599,-0.6964664501239697,-0.6300956592360147
343,"Márquez, Germán",6.053694808616001,data_driven_full,10,6.074999999999999,4,5.948879446304713,0.9,14.5,3.6000000000000005,6.475,2026-08-04,-0.4000000000000003,608566,10.0,15.019999999999998,19.7,10.0,0.0,40.0,8.373343949037857,3.3,5.0,4.4,-0.5950652387907895,-0.6964664501239697,-0.6457658444573796
193,"Phillips, Tyler",8.822123849725099,data_driven_full,12,6.15,4,6.2766764028956175,-2.7,11.5,6.15,7.2625,2026-08-01,-1.1124999999999998,663969,12.0,14.93,17.5,8.333333333333332,0.0,25.0,8.355709352764658,3.0,5.0,4.55555,-0.6185705166228358,-0.6964664501239697,-0.6575184833734027
168,"Taillon, Jameson",9.328521474929993,data_driven_full,16,0.5,4,4.880573736764972,-5.8,5.3,0.5,2.5375,2026-08-05,-2.0375,592791,16.0,14.850000000000001,19.1,6.25,0.0,31.25,7.454562361399897,4.5,10.0,5.0,-0.639464096917988,-0.6964664501239697,-0.6679652735209789
191,"Lopez, Jacob",8.865653656558917,data_driven_full,15,13.975,4,2.617091260668352,10.3,16.5,13.975,6.825000000000001,2026-08-05,7.149999999999999,682052,15.0,14.56,16.5,0.0,0.0,33.33333333333333,7.9827015357912385,4.133333333333334,9.0,4.4222133333333336,-0.7152033254879164,-0.6964664501239697,-0.7058348878059431
298,"Littell, Zack",7.337628893925149,data_driven_full,15,4.3,4,7.61008103329612,-5.2,10.5,6.925000000000001,5.8125,2026-08-04,-1.5125000000000002,641793,14.0,14.290000000000001,14.5,0.0,0.0,42.857142857142854,9.16293597076808,2.9285714285714284,6.0,4.785721428571429,-0.7857191589840564,-0.6964664501239697,-0.741092804554013
229,"Gusto, Ryan",8.428718897821657,data_driven_full,9,5.800000000000001,4,9.92874614440313,-3.5,17.8,8.225000000000001,6.8875,2026-08-04,-1.0874999999999997,687473,9.0,14.200000000000001,17.8,11.11111111111111,0.0,44.44444444444444,8.658537854498169,3.3333333333333335,6.0,3.962955555555556,-0.8092244368161031,-0.6964664501239697,-0.7528454434700365
204,"Civale, Aaron",8.705421321120632,data_driven_full,15,1.0000000000000002,4,8.295782060782456,-11.1,7.2,5.525,2.2125,2026-08-06,-1.2124999999999997,650644,15.0,14.1,17.7,6.666666666666667,0.0,33.33333333333333,8.570953161418984,3.6,6.0,4.822226666666666,-0.8353414121850442,-0.6964664501239697,-0.765903931154507
190,"Alvarez, Andrew",8.893037032172133,data_driven_full,8,6.050000000000001,4,6.321128591214284,1.3,14.9,5.525,8.025,2026-08-03,-1.975,674841,8.0,13.85,14.9,0.0,0.0,37.5,5.595342450901208,4.375,6.0,4.6666625,-0.9006338506073962,-0.6964664501239697,-0.7985501503656829
253,"Ritchie, JR",8.040452840226953,data_driven_full,9,3.35,4,3.2295510523910287,-0.8,6.5,5.9750000000000005,6.7375,2026-08-02,-3.3875,702275,8.0,13.64,19.1,12.5,0.0,37.5,6.344162108359375,4.5,7.0,4.958325,-0.9554794988821715,-0.6964664501239697,-0.8259729745030706
317,"Aldegheri, Sam",6.909236831370784,data_driven_thin,6,2.0,4,9.778547949465707,-11.1,12.5,2.0,3.95,2026-07-04,-1.95,691951,6.0,12.5,12.5,0.0,0.0,66.66666666666666,8.66873693221798,2.3333333333333335,4.0,4.277783333333333,-1.2532130180880967,-0.6964664501239697,-0.9748397341060332
267,"Lorenzen, Michael",7.851305627424552,data_driven_full,23,-2.325,4,8.979374514222394,-14.1,7.5,-2.325,1.7625000000000002,2026-08-03,-4.0875,547179,23.0,12.360000000000001,17.5,8.695652173913043,0.0,52.17391304347826,9.831071176342297,3.4782608695652173,7.0,4.637682608695653,-1.2897767836046135,-0.6964664501239697,-0.9931216168642916
222,"Houser, Adrian",8.479699312205643,data_driven_full,14,2.75,4,6.460908088909277,-2.9,9.3,5.9,7.3375,2026-08-04,-4.5875,605288,14.0,12.360000000000001,16.8,0.0,0.0,42.857142857142854,7.522420699935175,3.4285714285714284,6.0,4.7142928571428575,-1.2897767836046135,-0.6964664501239697,-0.9931216168642916
92,"Perkins, Jack",10.73679538932541,data_driven_full,9,5.475,4,7.857215367630782,-4.9,13.7,7.175000000000001,6.95,2026-08-01,-1.4750000000000003,678022,9.0,11.94,13.7,0.0,0.0,44.44444444444444,5.741684808873128,6.0,9.0,4.740744444444444,-1.399468080154165,-0.6964664501239697,-1.0479672651390675
302,"Paddack, Chris",7.275355857350716,data_driven_full,9,-0.4249999999999998,4,9.349999999999998,-13.2,7.5,2.35,3.6375000000000006,2026-06-29,-4.0625,663978,9.0,10.680000000000001,11.8,0.0,0.0,44.44444444444444,8.080136825024136,3.4444444444444446,7.0,4.555566666666667,-1.7285419698028184,-0.6964664501239697,-1.212504209963394
340,"Woods Richardson, Simeon",6.233561204306972,data_driven_full,10,-4.9,4,5.1788029504896205,-12.1,-0.7,5.45,-3.0125,2026-06-25,-1.8874999999999995,680573,10.0,9.349999999999998,17.0,10.0,0.0,70.0,8.223165111101956,2.4,4.0,4.46667,-2.0758977422097318,-0.6964664501239697,-1.3861820961668507
312,"Palmquist, Carson",7.052372992119851,data_driven_thin,5,-1.275,4,6.907182252312926,-6.5,8.9,0.3750000000000001,-0.4666666666666668,2026-08-04,-0.8083333333333331,687223,6.0,8.95,9.0,0.0,0.0,66.66666666666666,7.40558347915049,2.1666666666666665,4.0,1.7777666666666667,-2.1803656436854943,-0.6964664501239697,-1.438416046904732
256,"Gibson, Trey",8.009912072414027,data_driven_thin,7,0.4500000000000002,4,11.123698425733531,-15.2,9.2,0.4500000000000002,2.6142857142857143,2026-06-30,-2.164285714285714,694346,7.0,8.3,9.2,0.0,0.0,42.857142857142854,8.408215936695205,4.0,8.0,4.428585714285714,-2.350125983583609,-0.6964664501239697,-1.5232962168537894
338,"Mikolas, Miles",6.273035885857086,data_driven_full,12,-0.675,4,5.389727884287543,-7.5,4.8,0.1499999999999999,3.525,2026-08-06,-4.2,571945,11.0,6.2,13.6,0.0,0.0,63.63636363636363,7.797213954647226,2.727272727272727,4.0,4.818172727272727,-2.8985824663313657,-0.6964664501239697,-1.7975244582276677
178,"Bello, Brayan",9.152516602243155,data_driven_full,9,-8.225,4,6.3379150094227885,-17.0,-1.9,10.825,-2.7875,2026-08-06,-5.4375,678394,8.0,4.439999999999999,12.0,0.0,0.0,87.5,8.352491074096227,2.75,5.0,4.4583375,-3.358241232824724,-0.6964664501239697,-2.027353841474347
