batter,bb_pct_AVG,bb_pct_STRONG,bb_pct_WEAK,iso_AVG,iso_STRONG,iso_WEAK,k_pct_AVG,k_pct_STRONG,k_pct_WEAK,pa_AVG,pa_STRONG,pa_WEAK,bb_protect_lift,iso_protect_lift,player_name
134181,6.27,6.92,8.07,0.136,0.219,0.142,18.81,20.0,20.81,335.0,260.0,322.0,-1.15,0.077,
400121,7.1,,6.86,0.079,,0.113,7.1,,9.2,183.0,,598.0,,,
405395,7.17,6.58,5.1,0.202,0.193,0.199,13.77,11.89,14.33,1046.0,866.0,942.0,1.48,-0.006,
408045,9.27,7.6,13.16,0.099,0.088,0.083,16.94,15.59,15.79,248.0,513.0,266.0,-5.56,0.005,
408234,8.33,9.08,8.23,0.107,0.131,0.106,20.89,22.02,20.38,1321.0,672.0,1629.0,0.85,0.025,
408236,,,7.35,,,0.157,,,15.44,,,136.0,,,
425772,6.25,6.6,5.49,0.036,0.02,0.123,38.46,45.28,31.32,208.0,106.0,182.0,1.11,-0.103,
425783,13.56,12.56,11.97,0.17,0.169,0.217,25.08,24.78,20.51,1232.0,892.0,468.0,0.59,-0.048,
425784,7.21,,,0.165,,,29.73,,,111.0,,,,,
425794,3.48,,,0.023,,,34.78,,,115.0,,,,,
425877,4.2,6.35,4.64,0.14,0.102,0.143,15.15,13.68,13.45,1096.0,709.0,1100.0,1.71,-0.041,
429664,4.97,8.01,6.31,0.159,0.164,0.139,14.9,15.23,16.99,443.0,1011.0,206.0,1.7,0.025,
429665,10.23,9.4,15.77,0.247,0.286,0.227,21.93,21.2,22.75,1017.0,415.0,501.0,-6.37,0.059,
430832,14.58,15.89,16.78,0.185,0.211,0.125,30.51,27.81,25.5,295.0,151.0,149.0,-0.89,0.086,
430945,5.01,4.27,4.29,0.143,0.149,0.122,17.79,13.55,19.46,759.0,819.0,560.0,-0.02,0.027,
431145,14.93,17.5,11.43,0.126,0.096,0.166,23.66,22.5,25.24,355.0,120.0,210.0,6.07,-0.07,
434158,12.19,11.82,11.44,0.163,0.192,0.217,28.1,25.15,27.11,484.0,330.0,402.0,0.38,-0.025,
434658,,6.92,,,0.079,,,18.87,,,159.0,,,,
434670,6.08,8.51,13.0,0.146,0.124,0.174,24.32,15.74,23.0,148.0,235.0,100.0,-4.49,-0.05,
434778,10.66,11.16,12.53,0.17,0.117,0.169,19.88,18.6,15.45,488.0,215.0,479.0,-1.37,-0.052,
435062,5.61,4.93,5.15,0.184,0.239,0.126,14.85,20.18,13.06,303.0,223.0,291.0,-0.22,0.113,
435064,6.98,,7.55,0.109,,0.043,27.91,,23.58,172.0,,106.0,,,
435079,4.61,6.62,7.29,0.123,0.149,0.16,14.47,11.54,13.9,304.0,468.0,590.0,-0.67,-0.011,
435263,8.68,9.91,6.71,0.127,0.145,0.171,18.06,13.79,20.73,288.0,232.0,328.0,3.2,-0.026,
435522,10.1,11.47,10.34,0.133,0.137,0.109,21.78,25.23,19.78,574.0,218.0,445.0,1.13,0.028,
435559,5.04,6.12,6.26,0.16,0.096,0.177,12.46,15.51,13.97,674.0,245.0,687.0,-0.14,-0.081,
435622,8.92,7.01,7.65,0.2,0.169,0.166,22.93,21.65,24.36,628.0,328.0,706.0,-0.64,0.003,
443558,10.63,8.78,8.5,0.262,0.236,0.191,21.76,24.52,21.75,1195.0,1925.0,1283.0,0.28,0.045,
444432,5.95,2.86,7.05,0.135,0.2,0.178,21.43,28.57,24.69,168.0,105.0,397.0,-4.19,0.022,
444482,8.66,6.68,6.88,0.169,0.2,0.134,20.32,20.5,19.01,1870.0,1571.0,1236.0,-0.2,0.066,
444489,8.82,,6.82,0.242,,0.16,15.88,,21.11,170.0,,469.0,,,
444876,3.97,5.18,5.58,0.089,0.113,0.055,17.85,15.54,15.06,353.0,637.0,538.0,-0.4,0.058,
445055,5.85,5.34,5.64,0.059,0.093,0.049,15.45,17.03,16.3,479.0,599.0,319.0,-0.3,0.044,
445988,3.29,4.41,4.07,0.048,0.077,0.081,15.13,15.69,15.38,304.0,204.0,221.0,0.34,-0.004,
446263,6.36,,8.48,0.109,,0.183,27.27,,29.02,220.0,,448.0,,,
446308,,,8.87,,,0.14,,,21.37,,,248.0,,,
446334,7.46,8.74,7.74,0.191,0.181,0.207,22.37,26.61,22.04,1435.0,778.0,930.0,1.0,-0.026,
446359,10.34,6.32,6.1,0.122,0.125,0.088,16.55,15.09,18.31,145.0,285.0,213.0,0.22,0.037,
446386,,,12.69,,,0.152,,,22.39,,,134.0,,,
446481,10.0,,,0.128,,,33.0,,,100.0,,,,,
448602,15.25,,7.46,0.218,,0.276,25.99,,26.87,177.0,,201.0,,,
448801,8.54,8.0,8.0,0.159,0.082,0.14,35.85,37.71,37.41,410.0,175.0,850.0,0.0,-0.058,
450314,9.95,11.07,12.23,0.135,0.111,0.057,13.11,11.4,12.23,412.0,605.0,188.0,-1.16,0.054,
451192,,,4.74,,,0.117,,,18.42,,,190.0,,,
451594,11.01,14.29,11.0,0.131,0.131,0.194,21.63,24.73,22.33,527.0,728.0,300.0,3.29,-0.063,
452095,12.13,,11.11,0.147,,0.13,25.25,,28.1,305.0,,306.0,,,
452254,7.0,6.99,6.13,0.203,0.25,0.162,21.67,27.27,23.23,443.0,143.0,310.0,0.86,0.088,
452655,12.09,4.69,10.64,0.17,0.188,0.095,12.75,15.02,19.33,306.0,213.0,357.0,-5.95,0.093,
452657,,5.56,,,0.104,,,37.04,,,108.0,,,,
452678,6.51,8.78,9.42,0.178,0.157,0.189,20.0,22.16,21.19,860.0,740.0,892.0,-0.64,-0.032,
453286,,0.0,,,0.006,,,36.78,,,174.0,,,,
453562,,5.56,,,0.011,,,50.0,,,108.0,,,,
453568,7.16,7.86,8.48,0.183,0.192,0.195,16.76,18.04,14.81,2094.0,2927.0,1344.0,-0.62,-0.003,
453923,4.9,,,0.096,,,38.46,,,143.0,,,,,
453943,7.94,11.46,8.23,0.169,0.172,0.209,22.37,22.91,21.29,617.0,419.0,498.0,3.23,-0.037,
455104,11.21,8.33,11.76,0.074,0.112,0.119,33.64,25.93,29.41,107.0,108.0,153.0,-3.43,-0.007,
455117,7.41,7.1,6.62,0.134,0.153,0.145,29.31,30.95,25.9,904.0,2013.0,1027.0,0.48,0.008,
455139,11.85,9.14,10.48,0.183,0.206,0.186,32.13,24.73,31.9,498.0,186.0,1050.0,-1.34,0.02,
455976,10.42,8.02,11.21,0.117,0.146,0.153,11.66,11.48,12.53,643.0,723.0,758.0,-3.19,-0.007,
456078,5.19,,6.07,0.112,,0.201,21.48,,29.37,135.0,,412.0,,,
456124,,,2.03,,,0.144,,,19.29,,,197.0,,,
456488,2.68,3.87,2.83,0.125,0.094,0.095,14.77,12.71,15.07,298.0,181.0,637.0,1.04,-0.001,
456665,14.44,10.13,8.41,0.237,0.237,0.116,17.11,17.72,23.01,187.0,158.0,226.0,1.72,0.121,
456715,9.59,9.78,8.03,0.087,0.111,0.095,20.11,15.23,18.39,751.0,1871.0,386.0,1.75,0.016,
456781,6.05,6.21,7.1,0.143,0.102,0.117,23.17,20.83,19.42,794.0,725.0,958.0,-0.89,-0.015,
457705,12.17,13.2,13.66,0.172,0.173,0.156,23.24,21.74,21.73,1988.0,3234.0,1523.0,-0.46,0.017,
457706,7.04,6.02,8.56,0.099,0.024,0.106,35.21,36.09,32.09,142.0,133.0,187.0,-2.54,-0.082,
457708,12.22,10.39,10.57,0.189,0.196,0.242,29.88,29.27,29.89,810.0,1165.0,435.0,-0.18,-0.046,
457727,7.56,6.67,7.67,0.129,0.171,0.131,25.21,24.62,24.38,357.0,195.0,365.0,-1.0,0.04,
457759,9.63,10.06,9.72,0.154,0.184,0.185,16.95,15.76,16.1,1776.0,2932.0,1615.0,0.34,-0.001,
457763,10.43,10.72,7.97,0.133,0.164,0.094,15.0,16.81,15.38,1313.0,821.0,364.0,2.75,0.07,
457803,7.17,10.7,9.7,0.223,0.239,0.217,25.56,24.35,19.77,446.0,271.0,526.0,1.0,0.022,
458015,13.49,14.97,13.82,0.176,0.168,0.253,22.71,18.43,23.44,1334.0,2084.0,977.0,1.15,-0.085,
458731,11.36,11.61,9.07,0.164,0.202,0.2,17.35,20.75,20.82,1470.0,853.0,562.0,2.54,0.002,
459964,13.95,15.32,22.79,0.144,0.124,0.136,20.07,21.62,16.91,294.0,222.0,136.0,-7.47,-0.012,
460026,5.02,5.15,5.71,0.156,0.225,0.053,25.11,33.09,23.57,219.0,136.0,140.0,-0.56,0.172,
460075,7.29,6.67,8.24,0.234,0.197,0.263,20.54,20.8,17.65,521.0,750.0,425.0,-1.57,-0.066,
460077,7.69,6.85,,0.08,0.093,,25.0,23.29,,156.0,146.0,,,,
460086,9.36,9.11,8.04,0.139,0.165,0.102,17.77,18.76,19.46,844.0,549.0,771.0,1.07,0.063,
460576,5.68,5.6,6.37,0.095,0.209,0.139,25.38,30.4,24.93,264.0,125.0,361.0,-0.77,0.07,
461314,7.66,4.98,7.14,0.171,0.206,0.137,25.11,20.27,24.55,470.0,301.0,224.0,-2.16,0.069,
462101,5.34,6.25,6.17,0.112,0.127,0.114,15.81,15.09,14.84,1872.0,1504.0,1038.0,0.08,0.013,
465041,13.17,9.39,12.63,0.17,0.116,0.185,22.68,22.12,21.72,410.0,330.0,198.0,-3.24,-0.069,
466320,4.18,1.85,5.39,0.126,0.166,0.108,11.55,11.11,13.58,407.0,162.0,427.0,-3.54,0.058,
467055,7.9,5.22,5.9,0.185,0.206,0.168,23.1,20.0,18.36,329.0,115.0,305.0,-0.68,0.038,
467092,8.43,8.15,5.44,0.168,0.119,0.183,16.51,12.47,18.12,842.0,417.0,607.0,2.71,-0.064,
467793,13.17,13.43,12.81,0.186,0.201,0.151,16.25,15.74,15.85,3076.0,2077.0,2436.0,0.62,0.05,
467827,5.08,8.98,4.79,0.104,0.11,0.149,17.78,18.75,17.66,433.0,256.0,334.0,4.19,-0.039,
468504,,2.86,,,0.022,,,26.67,,,105.0,,,,
471865,7.87,8.71,8.27,0.178,0.206,0.106,22.69,23.88,25.2,432.0,448.0,254.0,0.44,0.1,
472528,5.88,3.73,5.61,0.137,0.181,0.148,39.22,38.06,31.63,102.0,134.0,196.0,-1.88,0.033,
474568,5.83,4.32,7.04,0.205,0.163,0.141,19.17,23.02,20.26,120.0,139.0,469.0,-2.72,0.022,
474832,12.06,12.77,14.72,0.166,0.238,0.216,23.75,27.34,27.17,1625.0,1441.0,795.0,-1.95,0.022,
475174,10.05,9.03,10.17,0.158,0.169,0.171,21.32,20.43,21.88,408.0,421.0,649.0,-1.14,-0.002,
475253,15.35,12.63,14.73,0.213,0.199,0.205,25.47,27.42,20.3,899.0,372.0,808.0,-2.1,-0.006,
475582,8.61,9.12,6.55,0.23,0.219,0.178,21.77,22.38,22.17,395.0,362.0,397.0,2.57,0.041,
476704,11.49,10.28,10.15,0.166,0.151,0.181,20.11,20.25,18.42,696.0,1294.0,581.0,0.13,-0.03,
477132,,7.6,,,0.022,,,22.22,,,171.0,,,,
488671,8.78,,11.92,0.205,,0.15,43.24,,34.72,148.0,,193.0,,,
488726,7.68,7.89,8.42,0.141,0.164,0.173,10.47,10.0,9.41,898.0,2750.0,404.0,-0.53,-0.009,
488771,11.62,12.89,10.0,0.173,0.112,0.181,32.07,35.05,32.58,396.0,194.0,310.0,2.89,-0.069,
489119,,3.77,,,0.051,,,29.25,,,106.0,,,,
489149,9.13,13.57,8.75,0.195,0.169,0.179,21.03,22.14,21.29,252.0,140.0,263.0,4.82,-0.01,
491676,4.42,8.55,1.59,0.183,0.173,0.105,26.55,22.22,27.78,226.0,117.0,126.0,6.96,0.068,
491696,4.97,,4.43,0.04,,0.055,16.15,,15.82,161.0,,158.0,,,
493316,9.3,6.52,,0.228,0.206,,33.33,32.61,,129.0,138.0,,,,
493329,5.37,6.9,7.98,0.153,0.136,0.171,12.3,12.04,11.18,1805.0,1653.0,1503.0,-1.08,-0.035,
493596,,,5.72,,,0.151,,,25.59,,,297.0,,,
500135,4.58,,4.6,0.222,,0.158,22.88,,25.48,153.0,,522.0,,,
500208,6.63,3.48,6.46,0.191,0.115,0.132,12.67,15.65,16.67,513.0,230.0,294.0,-2.98,-0.017,
500743,5.75,6.75,5.32,0.109,0.124,0.096,13.13,11.72,11.77,1356.0,1510.0,1954.0,1.43,0.028,Miguel Rojas
500871,7.53,6.99,8.49,0.2,0.215,0.2,20.52,19.09,21.07,1979.0,1388.0,1414.0,-1.5,0.015,
500874,8.33,9.58,7.62,0.139,0.177,0.146,19.14,18.75,19.05,972.0,480.0,210.0,1.96,0.031,
501303,8.42,7.76,9.76,0.123,0.121,0.122,21.04,24.9,18.18,404.0,245.0,451.0,-2.0,-0.001,
501571,1.85,2.27,6.69,0.148,0.102,0.138,23.15,28.79,20.07,216.0,132.0,299.0,-4.42,-0.036,
501659,14.07,13.71,9.58,0.07,0.067,0.204,20.74,24.19,24.17,135.0,124.0,240.0,4.13,-0.137,
501896,9.84,7.49,7.1,0.251,0.247,0.169,23.32,24.21,21.89,193.0,347.0,169.0,0.39,0.078,
501981,8.58,8.55,9.65,0.255,0.244,0.195,26.64,28.87,26.51,1096.0,620.0,694.0,-1.1,0.049,
502054,11.38,10.25,10.66,0.165,0.159,0.145,22.07,24.17,21.8,2592.0,2938.0,1491.0,-0.41,0.014,
502082,,,10.09,,,0.14,,,13.76,,,109.0,,,
502110,9.74,8.98,9.55,0.254,0.233,0.251,25.68,24.71,23.0,2126.0,3153.0,1235.0,-0.57,-0.018,
502143,7.56,,7.32,0.213,,0.1,21.01,,17.07,119.0,,287.0,,,
502210,7.83,7.79,7.19,0.11,0.153,0.148,15.66,14.59,14.27,549.0,603.0,862.0,0.6,0.005,
502226,,,3.23,,,0.059,,,18.55,,,124.0,,,
502273,,11.21,14.19,,0.156,0.04,,28.45,25.16,,116.0,155.0,-2.98,0.116,
502481,8.64,9.55,5.91,0.096,0.084,0.076,16.36,18.8,22.04,324.0,649.0,186.0,3.64,0.008,
502517,5.81,5.81,7.93,0.17,0.128,0.197,12.4,14.88,12.19,516.0,430.0,517.0,-2.12,-0.069,
502671,10.98,10.27,10.76,0.207,0.198,0.203,23.84,22.19,23.59,3087.0,4196.0,1441.0,-0.49,-0.005,
503556,6.61,7.63,7.32,0.124,0.178,0.143,24.85,23.25,22.2,817.0,813.0,874.0,0.31,0.035,
506702,8.02,6.54,7.05,0.09,0.049,0.099,24.89,34.03,27.35,237.0,382.0,596.0,-0.51,-0.05,
514888,9.76,8.68,8.6,0.214,0.196,0.153,13.77,15.84,15.58,2172.0,4702.0,1290.0,0.08,0.043,Jose Altuve
514917,9.16,10.1,7.83,0.145,0.091,0.114,17.53,20.77,18.89,1540.0,2277.0,868.0,2.27,-0.023,
516416,5.85,6.0,4.41,0.123,0.127,0.11,11.83,13.23,12.74,1657.0,2101.0,793.0,1.59,0.017,
516770,7.96,6.17,4.31,0.128,0.146,0.137,18.48,16.5,17.01,1055.0,697.0,1182.0,1.86,0.009,
516782,6.12,5.98,6.98,0.156,0.169,0.109,19.35,17.97,19.98,1731.0,3462.0,831.0,-1.0,0.06,
517369,4.51,5.15,6.03,0.117,0.112,0.107,15.97,16.18,19.5,288.0,136.0,282.0,-0.88,0.005,
518516,11.11,,7.92,0.063,,0.057,53.33,,54.46,135.0,,101.0,,,
518586,4.5,4.15,4.41,0.166,0.212,0.101,25.72,21.24,24.89,311.0,193.0,454.0,-0.26,0.111,
518595,6.93,6.19,6.57,0.171,0.205,0.187,23.2,23.45,22.76,1125.0,840.0,1217.0,-0.38,0.018,
518614,12.9,16.48,14.64,0.174,0.205,0.155,26.21,25.82,24.29,248.0,364.0,280.0,1.84,0.05,
518618,7.49,5.26,6.95,0.203,0.171,0.248,24.35,23.55,22.66,694.0,361.0,331.0,-1.69,-0.077,
518626,13.34,12.74,12.09,0.194,0.245,0.222,24.07,24.19,24.18,1537.0,1476.0,852.0,0.65,0.023,
518692,11.14,11.32,11.4,0.209,0.21,0.228,16.55,17.41,16.65,2756.0,5547.0,1105.0,-0.08,-0.018,Freddie Freeman
518735,14.98,15.19,14.26,0.192,0.187,0.175,22.59,21.6,20.01,1682.0,1185.0,1374.0,0.93,0.012,
518792,9.3,8.68,8.68,0.162,0.148,0.169,17.97,14.07,17.91,935.0,853.0,1429.0,0.0,-0.021,
518934,9.57,9.27,9.25,0.148,0.132,0.118,15.13,16.16,15.67,2016.0,3032.0,1276.0,0.02,0.014,
518960,5.74,7.96,6.25,0.119,0.107,0.094,12.97,16.42,13.75,401.0,201.0,480.0,1.71,0.013,
519023,5.36,,12.8,0.135,,0.177,22.32,,14.02,112.0,,164.0,,,
519048,9.98,9.6,9.37,0.175,0.224,0.211,20.52,24.24,22.13,541.0,594.0,619.0,0.23,0.013,
519058,9.21,7.4,6.94,0.191,0.211,0.192,19.08,18.85,21.32,1368.0,1040.0,1210.0,0.46,0.019,
519203,9.96,9.97,9.19,0.205,0.171,0.191,15.78,16.0,17.64,2852.0,1906.0,1338.0,0.78,-0.02,
519222,4.01,5.69,5.84,0.134,0.167,0.187,24.69,25.61,27.6,324.0,246.0,308.0,-0.15,-0.02,
519299,8.44,7.41,6.53,0.198,0.099,0.135,15.3,16.87,13.64,379.0,243.0,352.0,0.88,-0.036,
519306,6.44,14.53,8.48,0.18,0.09,0.177,30.47,22.09,29.7,233.0,172.0,165.0,6.05,-0.087,
519317,10.11,9.29,10.9,0.243,0.227,0.257,30.85,30.86,28.57,2068.0,1614.0,1715.0,-1.61,-0.03,Giancarlo Stanton
519346,8.87,10.4,11.02,0.267,0.265,0.225,28.82,34.4,30.38,406.0,375.0,372.0,-0.62,0.04,
519390,5.05,8.33,11.31,0.193,0.293,0.145,23.97,22.44,21.41,317.0,156.0,327.0,-2.98,0.148,
520471,6.2,3.54,6.36,0.16,0.15,0.158,23.2,24.76,22.21,1000.0,424.0,1211.0,-2.82,-0.008,
521692,4.53,4.1,4.3,0.23,0.195,0.201,23.26,20.31,22.27,2515.0,1659.0,2371.0,-0.2,-0.006,Salvador Perez
523253,11.5,11.16,10.42,0.093,0.064,0.094,22.71,24.03,23.62,339.0,233.0,614.0,0.74,-0.03,
527038,7.96,8.09,7.72,0.165,0.171,0.162,12.95,13.36,15.17,1822.0,1594.0,1424.0,0.37,0.009,
527043,,,4.07,,,0.155,,,19.51,,,123.0,,,
534606,7.84,,4.88,0.033,,0.23,31.37,,27.64,102.0,,123.0,,,
541645,5.88,5.56,5.51,0.201,0.148,0.175,25.99,24.37,25.87,1258.0,792.0,1469.0,0.05,-0.027,
541650,4.44,3.81,3.21,0.159,0.089,0.126,19.11,31.43,28.07,225.0,105.0,374.0,0.6,-0.037,
542194,2.44,5.58,3.46,0.217,0.138,0.153,24.39,25.22,26.33,410.0,448.0,433.0,2.12,-0.015,
542208,,,6.85,,,0.124,,,25.0,,,248.0,,,
542255,9.62,6.93,8.26,0.122,0.093,0.187,14.68,14.85,12.67,395.0,707.0,363.0,-1.33,-0.094,
542303,10.68,9.52,9.46,0.224,0.201,0.192,22.71,22.4,21.01,2528.0,2438.0,1913.0,0.06,0.009,Marcell Ozuna
542340,9.09,8.9,7.94,0.136,0.162,0.167,26.99,24.91,25.42,1067.0,1124.0,1007.0,0.96,-0.005,
542364,11.58,9.95,10.85,0.092,0.129,0.112,21.26,17.28,18.25,475.0,764.0,378.0,-0.9,0.017,
542454,2.96,4.41,6.98,0.24,0.167,0.259,26.48,30.59,31.75,506.0,340.0,315.0,-2.57,-0.092,
542583,8.55,8.49,9.3,0.203,0.192,0.197,23.65,24.07,19.48,947.0,1296.0,1355.0,-0.81,-0.005,
542881,,3.2,,,0.054,,,63.2,,,125.0,,,,
542921,6.47,7.45,6.55,0.161,0.088,0.215,26.67,29.19,26.97,510.0,161.0,519.0,0.9,-0.127,
542932,7.86,6.23,9.7,0.087,0.069,0.133,22.44,23.62,20.55,802.0,690.0,866.0,-3.47,-0.064,
542979,,,8.99,,,0.159,,,42.7,,,267.0,,,
543063,8.88,9.09,8.44,0.171,0.165,0.143,19.29,23.32,21.46,1317.0,935.0,1505.0,0.65,0.022,
543068,7.67,6.99,6.98,0.226,0.206,0.231,23.86,23.94,23.74,1668.0,1445.0,1491.0,0.01,-0.025,
543101,,,0.9,,,0.03,,,48.65,,,111.0,,,
543105,7.72,4.87,5.51,0.161,0.171,0.265,25.0,25.47,21.61,272.0,267.0,236.0,-0.64,-0.094,
543228,5.45,3.05,4.67,0.154,0.188,0.145,26.3,23.37,19.75,825.0,492.0,1200.0,-1.62,0.043,
543257,12.56,12.19,14.47,0.136,0.127,0.132,23.07,22.66,21.11,1656.0,1165.0,1852.0,-2.28,-0.005,
543281,4.76,5.4,4.4,0.14,0.084,0.129,15.91,16.3,14.43,798.0,963.0,887.0,1.0,-0.045,
543294,2.31,3.33,,0.026,0.019,,38.46,46.67,,130.0,120.0,,,,
543305,14.42,13.16,13.5,0.151,0.172,0.173,23.59,22.61,20.8,1255.0,942.0,1000.0,-0.34,-0.001,
543308,6.25,,5.29,0.16,,0.156,25.0,,30.57,288.0,,700.0,,,
543309,4.79,6.28,6.34,0.212,0.201,0.173,25.45,27.94,24.25,605.0,637.0,899.0,-0.06,0.028,Kyle Higashioka
543333,7.63,7.01,8.0,0.127,0.13,0.147,21.83,19.35,19.9,1429.0,899.0,2000.0,-0.99,-0.017,
543376,3.15,,3.77,0.142,,0.111,26.77,,24.69,127.0,,239.0,,,
543401,8.0,8.64,9.43,0.177,0.127,0.189,18.46,21.05,15.13,325.0,741.0,912.0,-0.79,-0.062,
543484,,5.98,9.86,,0.065,0.168,,26.5,25.82,,117.0,213.0,-3.88,-0.103,
543510,5.72,6.46,5.69,0.133,0.135,0.132,25.13,27.55,25.9,752.0,882.0,1618.0,0.77,0.003,James McCann
543543,10.79,8.02,10.29,0.215,0.153,0.187,29.25,28.94,27.32,547.0,349.0,593.0,-2.27,-0.034,
543592,8.18,10.16,9.83,0.102,0.099,0.101,15.97,18.92,17.09,501.0,502.0,702.0,0.33,-0.002,
543685,11.79,10.64,11.49,0.185,0.216,0.156,14.56,14.05,14.27,1264.0,1965.0,792.0,-0.85,0.06,
543760,10.06,8.73,9.41,0.208,0.192,0.184,15.98,16.64,16.5,2266.0,5408.0,1721.0,-0.68,0.008,Marcus Semien
543768,9.75,14.04,11.48,0.24,0.187,0.188,25.21,21.75,22.83,472.0,570.0,819.0,2.56,-0.001,
543807,9.72,10.12,10.65,0.225,0.208,0.189,19.29,18.94,19.46,1358.0,4968.0,1249.0,-0.53,0.019,George Springer
543829,1.67,1.39,4.05,0.098,0.074,0.075,14.59,13.44,13.61,418.0,863.0,617.0,-2.66,-0.001,
543877,4.87,5.99,6.25,0.109,0.081,0.141,18.43,17.97,18.34,1313.0,918.0,1968.0,-0.26,-0.06,Christian Vázquez
543939,8.62,6.67,7.17,0.166,0.136,0.143,16.3,17.29,17.8,1380.0,885.0,837.0,-0.5,-0.007,
544369,7.23,5.44,6.42,0.218,0.176,0.175,12.71,16.08,15.16,1204.0,790.0,732.0,-0.98,0.001,
544725,4.66,2.96,4.51,0.094,0.076,0.101,21.86,25.12,21.12,1180.0,609.0,843.0,-1.55,-0.025,
544931,,2.94,,,0.034,,,27.94,,,136.0,,,,
545121,4.58,5.71,5.17,0.111,0.095,0.094,9.76,7.94,11.51,502.0,315.0,773.0,0.54,0.001,Ildemaro Vargas
545341,4.96,5.55,5.35,0.212,0.177,0.213,24.07,21.41,21.98,1695.0,1261.0,2243.0,0.2,-0.036,
545350,4.47,4.23,4.71,0.149,0.204,0.188,33.25,29.6,31.53,403.0,402.0,425.0,-0.48,0.016,
545358,12.11,9.7,8.06,0.173,0.111,0.14,29.07,32.12,31.17,454.0,330.0,831.0,1.64,-0.029,
545361,16.93,14.27,15.54,0.299,0.298,0.3,24.48,27.14,24.46,2557.0,2137.0,830.0,-1.27,-0.002,Mike Trout
546318,6.05,4.88,6.0,0.128,0.199,0.102,21.79,18.49,17.75,661.0,1168.0,400.0,-1.12,0.097,
546990,,,6.25,,,0.115,,,35.71,,,112.0,,,
546991,6.22,3.49,5.23,0.097,0.078,0.151,19.46,18.57,19.77,370.0,544.0,516.0,-1.74,-0.073,
547004,13.48,10.0,6.86,0.169,0.158,0.129,24.16,20.59,25.06,178.0,170.0,423.0,3.14,0.029,
547170,,6.3,8.12,,0.087,0.156,,26.77,28.53,,127.0,382.0,-1.82,-0.069,
547172,,,9.91,,,0.14,,,13.51,,,111.0,,,
547180,14.82,14.35,13.47,0.25,0.224,0.277,23.0,23.61,19.39,3287.0,3478.0,1336.0,0.88,-0.053,Bryce Harper
547379,7.81,9.14,11.1,0.159,0.164,0.188,34.69,30.86,29.5,320.0,175.0,739.0,-1.96,-0.024,
547943,,5.41,,,0.095,,,37.84,,,111.0,,,,
547982,6.79,8.66,8.93,0.15,0.181,0.144,24.07,26.89,23.53,162.0,543.0,459.0,-0.27,0.037,
547989,7.93,7.47,6.55,0.19,0.17,0.194,20.32,19.89,20.33,2170.0,1714.0,2228.0,0.92,-0.024,
553869,6.93,5.9,6.25,0.128,0.153,0.16,17.54,23.4,18.82,1083.0,1017.0,1360.0,-0.35,-0.007,
553882,9.21,8.86,10.73,0.175,0.11,0.132,20.1,16.3,18.52,955.0,632.0,1118.0,-1.87,-0.022,
553902,2.56,2.96,1.33,0.137,0.138,0.132,3.85,7.1,2.44,234.0,169.0,450.0,1.63,0.006,
553988,9.01,,3.38,0.092,,0.079,18.92,,18.24,222.0,,148.0,,,
553993,9.63,9.19,9.9,0.261,0.232,0.209,28.38,29.34,28.18,2815.0,2928.0,1980.0,-0.71,0.023,Eugenio Suárez
554430,0.88,1.9,,0.038,0.042,,48.25,37.34,,114.0,158.0,,,,
570256,9.24,9.32,12.85,0.184,0.248,0.144,26.06,23.6,25.7,660.0,805.0,358.0,-3.53,0.104,
570267,10.45,9.03,8.12,0.157,0.211,0.166,33.51,31.59,31.87,555.0,421.0,320.0,0.91,0.045,
570481,1.71,2.1,6.02,0.096,0.057,0.111,22.22,20.98,21.07,117.0,143.0,299.0,-3.92,-0.054,
570482,5.24,6.13,4.66,0.159,0.138,0.137,16.12,17.46,19.73,1259.0,653.0,1718.0,1.47,0.001,
570560,7.51,7.02,9.17,0.093,0.131,0.085,22.25,21.33,20.62,346.0,769.0,960.0,-2.15,0.046,
570731,4.8,5.18,4.08,0.188,0.137,0.168,21.76,23.36,20.29,1397.0,792.0,1764.0,1.1,-0.031,
570799,5.31,,7.27,0.273,,0.199,28.32,,25.15,226.0,,330.0,,,
571431,6.27,7.28,8.88,0.252,0.263,0.214,28.32,26.9,23.08,399.0,316.0,338.0,-1.6,0.049,
571437,11.67,14.42,7.64,0.09,0.047,0.176,26.67,27.88,33.76,120.0,104.0,157.0,6.78,-0.129,
571448,8.59,8.22,7.61,0.222,0.223,0.189,15.58,13.9,13.79,2863.0,3296.0,1892.0,0.61,0.034,Nolan Arenado
571466,11.39,9.69,9.96,0.135,0.075,0.079,25.0,21.38,23.06,676.0,650.0,954.0,-0.27,-0.004,
571506,13.02,15.15,16.67,0.161,0.152,0.211,25.15,27.27,23.67,676.0,198.0,300.0,-1.52,-0.059,
571578,0.83,4.88,,0.0,0.014,,36.36,40.24,,121.0,164.0,,,,
571602,8.21,10.85,9.85,0.127,0.115,0.267,33.96,34.11,30.19,268.0,129.0,467.0,1.0,-0.152,
571657,5.73,5.55,4.87,0.135,0.128,0.138,20.0,19.83,20.73,960.0,721.0,1336.0,0.68,-0.01,
571697,3.85,6.51,5.63,0.123,0.193,0.154,23.08,18.96,23.1,390.0,691.0,355.0,0.88,0.039,
571718,9.79,9.43,9.17,0.181,0.157,0.171,24.76,29.03,29.59,521.0,403.0,436.0,0.26,-0.014,
571740,9.15,7.4,7.85,0.091,0.101,0.05,24.74,25.77,26.59,667.0,811.0,331.0,-0.45,0.051,
571745,7.0,9.54,10.66,0.204,0.2,0.191,26.02,25.65,23.76,1672.0,1688.0,1351.0,-1.12,0.009,
571771,8.63,8.16,8.6,0.148,0.151,0.175,17.99,19.08,19.2,1112.0,1923.0,1604.0,-0.44,-0.024,
571788,7.52,7.23,10.73,0.092,0.133,0.09,18.38,21.99,18.21,359.0,332.0,736.0,-3.5,0.043,
571875,10.31,14.19,13.41,0.14,0.139,0.222,27.05,31.29,26.53,621.0,310.0,343.0,0.78,-0.083,
571912,8.98,6.96,9.73,0.136,0.073,0.136,26.43,28.21,27.03,401.0,546.0,555.0,-2.77,-0.063,
571945,,1.96,,,0.094,,,38.56,,,153.0,,,,
571970,15.11,14.96,15.09,0.245,0.28,0.241,24.22,22.93,26.08,2296.0,2420.0,1365.0,-0.13,0.039,Max Muncy
571976,10.21,8.57,8.63,0.168,0.183,0.154,29.22,28.89,33.96,1126.0,630.0,1066.0,-0.06,0.029,
571980,5.46,5.9,6.27,0.207,0.226,0.152,24.02,24.04,22.53,458.0,678.0,750.0,-0.37,0.074,
572008,9.85,7.32,7.91,0.103,0.08,0.1,29.54,30.49,34.53,325.0,164.0,417.0,-0.59,-0.02,
572033,4.15,5.39,4.59,0.199,0.141,0.139,19.17,17.65,18.35,193.0,408.0,109.0,0.8,0.002,
572039,6.71,7.43,6.56,0.209,0.168,0.167,20.3,20.95,24.29,596.0,525.0,1021.0,0.87,0.001,
572041,6.21,6.74,6.74,0.18,0.176,0.224,21.31,21.12,18.99,854.0,1127.0,1127.0,0.0,-0.048,
572073,9.8,6.09,7.1,0.139,0.106,0.145,20.92,26.96,26.14,153.0,115.0,352.0,-1.01,-0.039,
572122,8.5,7.88,7.54,0.203,0.209,0.207,22.64,22.23,22.17,941.0,1003.0,1087.0,0.34,0.002,
572138,12.36,13.7,9.54,0.119,0.127,0.139,25.29,32.19,25.54,348.0,146.0,325.0,4.16,-0.012,
572191,7.08,7.06,6.87,0.154,0.162,0.119,31.36,30.83,29.67,1371.0,652.0,1412.0,0.19,0.043,
572204,9.68,13.74,9.57,0.281,0.214,0.153,33.64,38.17,40.77,217.0,131.0,439.0,4.17,0.061,
572228,12.1,9.47,10.19,0.224,0.182,0.212,28.35,32.49,27.93,917.0,834.0,913.0,-0.72,-0.03,
572233,9.11,9.3,10.08,0.203,0.216,0.212,23.67,24.89,20.89,2679.0,2021.0,1647.0,-0.78,0.004,Christian Walker
572287,6.37,8.54,6.6,0.196,0.231,0.193,37.08,39.7,37.6,534.0,398.0,1181.0,1.94,0.038,
572365,10.0,8.18,7.18,0.074,0.051,0.107,24.17,19.09,27.69,120.0,110.0,195.0,1.0,-0.056,
572761,13.65,13.27,15.41,0.217,0.214,0.206,26.38,23.5,26.33,1289.0,1153.0,714.0,-2.14,0.008,
572816,4.58,5.34,4.33,0.159,0.166,0.158,17.52,16.94,17.57,765.0,1198.0,831.0,1.01,0.008,
572821,9.36,12.2,13.38,0.15,0.192,0.194,21.35,21.09,22.74,534.0,754.0,598.0,-1.18,-0.002,
572863,,,11.3,,,0.213,,,20.0,,,115.0,,,
573131,13.68,12.78,13.39,0.199,0.154,0.146,24.32,27.77,26.78,329.0,587.0,239.0,-0.61,0.008,
573135,,,7.04,,,0.031,,,31.69,,,142.0,,,
573262,10.69,10.7,10.49,0.204,0.236,0.169,23.68,23.35,24.57,1824.0,1636.0,1392.0,0.21,0.067,Mike Yastrzemski
575929,9.91,8.3,10.61,0.207,0.198,0.204,23.05,25.21,25.36,2130.0,2047.0,1885.0,-2.31,-0.006,Willson Contreras
576397,13.79,8.78,8.39,0.206,0.054,0.139,17.93,25.0,19.68,290.0,148.0,310.0,0.39,-0.085,
578428,3.84,4.06,4.63,0.087,0.116,0.114,14.02,12.99,12.71,1120.0,739.0,2007.0,-0.57,0.002,
581527,4.23,3.55,3.33,0.101,0.22,0.175,16.93,15.98,20.0,378.0,169.0,120.0,0.22,0.045,
588751,5.63,9.35,3.06,0.117,0.129,0.097,19.05,20.86,20.07,231.0,139.0,294.0,6.29,0.032,
591720,1.67,,4.8,0.142,,0.042,14.44,,12.8,180.0,,125.0,,,
591741,5.34,7.79,6.86,0.083,0.229,0.117,22.14,16.23,16.18,131.0,154.0,204.0,0.93,0.112,
591971,,10.29,,,0.103,,,10.29,,,136.0,,,,
592122,12.72,8.0,9.05,0.162,0.294,0.221,40.79,36.67,32.92,228.0,150.0,243.0,-1.05,0.073,
592178,9.99,10.43,9.79,0.179,0.216,0.138,21.75,22.49,24.08,1301.0,2445.0,868.0,0.64,0.078,
592192,10.55,10.64,9.67,0.154,0.148,0.178,19.69,19.65,18.59,1915.0,1730.0,1603.0,0.97,-0.03,
592200,10.6,9.24,11.03,0.107,0.057,0.112,20.96,27.73,24.65,415.0,238.0,426.0,-1.79,-0.055,
592206,6.66,5.82,5.97,0.197,0.208,0.186,21.8,23.85,22.73,3271.0,2906.0,2059.0,-0.15,0.022,Nick Castellanos
592261,9.66,11.3,12.34,0.086,0.082,0.094,22.22,19.21,22.47,756.0,354.0,316.0,-1.04,-0.012,
592273,4.04,7.11,6.49,0.162,0.216,0.183,25.17,23.09,24.26,866.0,745.0,1665.0,0.62,0.033,
592325,12.75,11.63,11.58,0.129,0.189,0.12,26.11,25.99,22.89,651.0,404.0,1149.0,0.05,0.069,
592348,8.38,8.56,9.09,0.176,0.156,0.161,29.04,29.73,29.12,513.0,444.0,1298.0,-0.53,-0.005,
592351,,4.26,,,0.013,,,46.28,,,188.0,,,,
592387,4.81,7.37,6.41,0.181,0.201,0.173,18.08,25.26,23.22,437.0,190.0,577.0,0.96,0.028,
592444,7.35,6.44,5.92,0.153,0.173,0.167,32.35,31.03,30.35,340.0,435.0,659.0,0.52,0.006,
592450,17.15,16.07,14.45,0.353,0.312,0.315,26.28,26.12,26.53,2648.0,3852.0,1391.0,1.62,-0.003,Aaron Judge
592518,8.64,8.65,10.23,0.218,0.205,0.209,17.89,18.81,17.03,3566.0,3492.0,1750.0,-1.58,-0.004,Manny Machado
592530,,,12.96,,,0.194,,,37.96,,,108.0,,,
592567,8.75,7.13,8.05,0.106,0.131,0.16,22.52,20.62,21.38,937.0,519.0,795.0,-0.92,-0.029,
592626,10.74,8.49,10.8,0.212,0.253,0.228,21.75,22.04,21.13,1425.0,2378.0,1259.0,-2.31,0.025,Joc Pederson
592663,6.59,7.5,6.72,0.184,0.198,0.186,21.85,21.74,23.59,2760.0,2001.0,1874.0,0.78,0.012,J.T. Realmuto
592669,7.67,7.55,7.71,0.234,0.207,0.221,23.19,22.39,25.15,1669.0,1112.0,2322.0,-0.16,-0.014,
592696,4.94,5.93,4.85,0.177,0.205,0.175,18.64,20.19,17.95,1963.0,1382.0,1443.0,1.08,0.03,
592743,5.6,5.56,7.51,0.121,0.094,0.076,11.33,9.12,7.39,750.0,954.0,839.0,-1.95,0.018,
592789,,5.0,,,0.085,,,64.0,,,100.0,,,,
592859,5.71,4.95,5.18,0.163,0.053,0.13,27.86,35.64,30.63,140.0,101.0,444.0,-0.23,-0.077,
592866,,2.21,,,0.0,,,34.56,,,136.0,,,,
592885,13.18,11.83,10.72,0.194,0.226,0.172,22.43,22.04,24.77,2996.0,3626.0,961.0,1.11,0.054,Christian Yelich
593160,6.41,6.89,7.62,0.113,0.118,0.152,16.09,16.03,16.04,2480.0,2264.0,1995.0,-0.73,-0.034,
593428,9.63,9.07,8.85,0.177,0.182,0.171,17.54,17.73,17.92,2731.0,3186.0,1875.0,0.22,0.011,Xander Bogaerts
593528,14.81,10.48,6.7,0.098,0.242,0.117,27.78,30.48,25.45,108.0,105.0,224.0,3.78,0.125,
593643,2.83,2.61,3.31,0.111,0.125,0.156,10.87,10.19,11.04,460.0,422.0,634.0,-0.7,-0.031,
593700,3.01,1.77,2.86,0.121,0.083,0.174,24.81,20.35,21.71,133.0,113.0,175.0,-1.09,-0.091,
593871,9.49,8.38,9.35,0.189,0.205,0.185,18.94,20.56,20.88,2138.0,2529.0,1700.0,-0.97,0.02,Jorge Polanco
593934,11.1,12.92,11.09,0.243,0.219,0.247,36.89,36.99,35.62,694.0,565.0,1109.0,1.83,-0.028,
594011,6.5,6.88,8.88,0.116,0.088,0.045,11.38,21.16,20.12,123.0,189.0,169.0,-2.0,0.043,
594694,5.36,10.24,6.49,0.09,0.115,0.121,20.54,16.1,20.52,224.0,205.0,385.0,3.75,-0.006,
594777,9.41,8.79,8.64,0.174,0.203,0.186,27.51,24.4,25.91,1127.0,1172.0,938.0,0.15,0.017,
594798,,6.36,1.75,,0.03,0.065,,30.0,28.95,,110.0,114.0,4.61,-0.035,
594807,6.94,6.73,6.43,0.21,0.26,0.213,28.64,31.79,30.87,1023.0,906.0,1354.0,0.3,0.047,
594809,9.69,9.66,6.34,0.095,0.155,0.134,18.77,16.77,20.24,826.0,1294.0,331.0,3.32,0.021,
594824,10.5,16.43,11.49,0.102,0.065,0.127,21.0,20.29,20.43,200.0,207.0,235.0,4.94,-0.062,
594828,8.23,8.57,5.59,0.221,0.255,0.254,20.89,26.67,22.03,316.0,105.0,286.0,2.98,0.001,
594838,4.09,5.6,8.09,0.109,0.154,0.053,21.38,21.6,23.95,318.0,125.0,309.0,-2.49,0.101,
594953,5.61,,7.5,0.137,,0.212,36.22,,32.68,196.0,,560.0,,,
594988,10.9,9.48,10.31,0.156,0.192,0.16,25.23,23.85,28.25,321.0,327.0,223.0,-0.83,0.032,
595281,6.79,6.1,6.16,0.143,0.142,0.141,24.44,24.81,23.06,1518.0,770.0,1314.0,-0.06,0.001,
595284,9.95,10.92,10.34,0.085,0.117,0.118,24.08,36.97,28.45,191.0,119.0,116.0,0.58,-0.001,
595375,5.86,,4.23,0.143,,0.102,23.44,,23.46,256.0,,260.0,,,
595453,,,9.36,,,0.144,,,34.98,,,203.0,,,
595751,2.93,3.8,4.9,0.138,0.123,0.146,31.64,35.02,33.21,512.0,237.0,1081.0,-1.1,-0.023,
595777,9.9,10.43,10.72,0.154,0.161,0.193,16.03,16.42,13.6,2314.0,2473.0,1735.0,-0.29,-0.032,
595879,4.07,3.97,4.65,0.187,0.219,0.159,26.25,27.11,26.44,2160.0,2014.0,2084.0,-0.68,0.06,Javier Báez
595885,9.36,14.94,9.35,0.159,0.118,0.225,29.56,29.22,24.39,203.0,154.0,246.0,5.59,-0.107,
595909,6.93,4.07,6.57,0.143,0.154,0.182,30.19,29.77,31.43,722.0,393.0,929.0,-2.5,-0.028,
595943,8.33,10.56,14.29,0.065,0.136,0.023,29.17,26.06,19.05,120.0,142.0,105.0,-3.73,0.113,
595956,5.65,3.29,7.54,0.097,0.073,0.08,19.94,26.97,22.11,336.0,304.0,199.0,-4.25,-0.007,
595978,5.38,6.12,5.78,0.121,0.059,0.118,25.24,25.87,27.26,725.0,572.0,1159.0,0.34,-0.059,
595981,,,8.57,,,0.135,,,27.62,,,105.0,,,
596019,8.61,8.8,9.66,0.217,0.207,0.21,17.18,18.25,16.23,2730.0,4954.0,1522.0,-0.86,-0.003,Francisco Lindor
596056,8.33,,,0.065,,,14.17,,,120.0,,,,,
596059,7.92,7.59,7.96,0.22,0.18,0.168,24.94,26.58,26.83,1263.0,474.0,1532.0,-0.37,0.012,
596103,9.56,7.63,8.82,0.128,0.139,0.11,29.2,28.47,27.6,774.0,878.0,442.0,-1.19,0.029,
596105,8.14,4.92,7.25,0.165,0.181,0.238,19.19,21.72,20.21,344.0,244.0,193.0,-2.33,-0.057,
596115,7.25,8.13,7.45,0.222,0.207,0.226,27.09,26.11,28.23,2344.0,2030.0,1410.0,0.68,-0.019,Trevor Story
596117,8.43,6.86,10.36,0.095,0.065,0.135,24.5,25.63,26.42,249.0,277.0,193.0,-3.5,-0.07,
596119,7.0,,8.21,0.129,,0.111,33.0,,29.47,100.0,,207.0,,,
596129,13.75,14.35,16.59,0.214,0.173,0.172,26.03,25.44,23.13,822.0,857.0,1085.0,-2.24,0.001,
596142,11.23,9.68,8.34,0.248,0.232,0.23,26.74,26.16,26.08,1077.0,1074.0,1691.0,1.34,0.002,Gary Sánchez
596144,8.77,,5.72,0.174,,0.123,15.79,,23.71,171.0,,367.0,,,
596146,9.56,8.83,11.18,0.188,0.203,0.181,18.6,17.33,17.61,1946.0,1847.0,2255.0,-2.35,0.022,
596451,9.13,8.05,8.16,0.134,0.111,0.134,27.39,34.9,32.65,241.0,149.0,147.0,-0.11,-0.023,
596748,5.38,5.23,4.99,0.163,0.136,0.162,15.23,14.53,16.41,650.0,172.0,1182.0,0.24,-0.026,
596825,9.01,,5.93,0.14,,0.206,43.24,,34.75,111.0,,118.0,,,
596847,12.48,13.16,11.22,0.169,0.198,0.205,26.58,24.6,27.97,1106.0,813.0,740.0,1.94,-0.007,
598265,9.14,6.61,6.72,0.121,0.169,0.163,25.38,26.76,24.18,733.0,968.0,1042.0,-0.11,0.006,
600301,,,11.32,,,0.011,,,32.08,,,106.0,,,
600303,4.49,7.68,7.14,0.099,0.183,0.156,13.46,10.24,13.04,379.0,703.0,322.0,0.54,0.027,
600474,7.43,5.99,9.59,0.16,0.119,0.15,23.08,27.65,24.89,377.0,217.0,699.0,-3.6,-0.031,
600524,8.51,4.29,6.74,0.245,0.184,0.197,23.21,27.9,25.9,517.0,233.0,668.0,-2.45,-0.013,
600858,,,4.11,,,0.037,,,21.92,,,146.0,,,
600869,8.11,9.61,8.86,0.182,0.174,0.154,24.11,24.96,23.99,1937.0,1394.0,2055.0,0.75,0.02,
602074,5.79,7.42,5.12,0.082,0.087,0.075,16.07,15.72,17.21,535.0,458.0,430.0,2.3,0.012,
602104,6.54,6.96,7.99,0.156,0.11,0.173,23.59,24.36,22.32,657.0,661.0,1501.0,-1.03,-0.063,Ramón Urías
602922,,,6.23,,,0.197,,,22.96,,,257.0,,,
605113,7.05,7.79,7.23,0.112,0.171,0.16,19.51,18.06,21.23,738.0,886.0,1507.0,0.56,0.011,
605119,9.5,8.78,9.51,0.165,0.158,0.133,22.97,21.91,23.54,1506.0,1036.0,1419.0,-0.73,0.025,
605131,11.34,9.36,11.65,0.122,0.1,0.075,20.3,23.26,21.69,335.0,748.0,249.0,-2.29,0.025,
605137,10.34,10.76,11.35,0.194,0.17,0.189,18.77,19.59,17.23,2823.0,2267.0,2449.0,-0.59,-0.019,Josh Bell
605141,13.25,11.46,12.09,0.232,0.233,0.253,14.65,14.07,11.48,1781.0,5907.0,819.0,-0.63,-0.02,
605170,8.73,6.25,7.52,0.122,0.117,0.142,20.09,16.37,19.06,871.0,336.0,1144.0,-1.27,-0.025,Victor Caratini
605200,1.89,,,0.022,,,28.3,,,106.0,,,,,
605204,9.62,9.09,10.04,0.167,0.182,0.147,27.25,25.06,28.73,1123.0,770.0,1006.0,-0.95,0.035,
605233,10.08,12.98,10.69,0.217,0.096,0.221,42.64,34.35,32.7,129.0,131.0,159.0,2.29,-0.125,
605244,2.97,,3.68,0.119,,0.094,36.86,,36.76,236.0,,136.0,,,
605353,10.83,12.78,9.79,0.058,0.053,0.048,24.17,20.56,16.08,120.0,180.0,143.0,2.99,0.005,
605361,8.08,9.18,11.0,0.119,0.156,0.113,19.53,22.12,16.83,297.0,425.0,309.0,-1.82,0.043,
605397,,1.97,,,0.07,,,30.26,,,152.0,,,,
605400,5.7,4.13,,0.036,0.031,,47.67,50.41,,193.0,121.0,,,,
605412,8.52,6.4,5.5,0.08,0.077,0.124,8.68,9.6,8.37,634.0,500.0,418.0,0.9,-0.047,
605421,8.45,6.8,8.21,0.12,0.084,0.183,24.88,31.07,25.13,213.0,103.0,195.0,-1.41,-0.099,
605480,8.69,7.18,7.45,0.11,0.119,0.109,19.96,23.38,22.96,541.0,432.0,967.0,-0.27,0.01,
605486,5.36,,5.57,0.057,,0.162,33.93,,29.62,168.0,,287.0,,,
605490,,,4.7,,,0.099,,,34.9,,,149.0,,,
605508,,,8.9,,,0.056,,,21.71,,,281.0,,,
605512,,,4.8,,,0.157,,,24.0,,,125.0,,,
605540,,4.85,,,0.022,,,42.72,,,103.0,,,,
605548,7.44,5.63,6.67,0.12,0.093,0.16,37.86,37.42,33.0,309.0,302.0,300.0,-1.04,-0.067,
605612,2.94,3.81,3.4,0.085,0.115,0.095,20.55,19.54,20.99,579.0,394.0,1296.0,0.41,0.02,
606115,6.93,6.39,5.79,0.119,0.145,0.158,22.0,19.28,19.82,909.0,939.0,1105.0,0.6,-0.013,
606132,6.63,5.67,5.14,0.104,0.101,0.111,14.7,19.89,18.24,830.0,935.0,817.0,0.53,-0.01,
606157,11.38,6.48,6.61,0.264,0.13,0.271,31.44,36.11,31.2,334.0,108.0,484.0,-0.13,-0.141,
606192,6.56,6.38,6.74,0.227,0.223,0.204,28.26,28.03,29.53,3001.0,1834.0,2062.0,-0.36,0.019,Teoscar Hernández
606213,7.19,5.76,11.02,0.202,0.112,0.135,15.11,19.9,18.5,139.0,191.0,254.0,-5.26,-0.023,
606299,3.81,3.11,2.11,0.1,0.137,0.17,14.17,12.03,13.46,367.0,931.0,379.0,1.0,-0.033,
606466,8.92,10.53,10.82,0.212,0.219,0.247,16.23,15.82,15.81,1873.0,4095.0,1322.0,-0.29,-0.028,Ketel Marte
606988,10.27,,9.19,0.055,,0.12,28.65,,33.24,185.0,,370.0,,,
606992,6.56,5.35,6.98,0.192,0.27,0.152,32.63,28.43,28.61,518.0,299.0,1017.0,-1.63,0.118,
607043,11.31,11.34,12.36,0.17,0.175,0.18,21.62,22.18,22.38,2105.0,3458.0,1586.0,-1.02,-0.005,Brandon Nimmo
607054,8.78,10.09,10.92,0.101,0.138,0.091,25.13,24.54,23.93,581.0,436.0,907.0,-0.83,0.047,
607208,7.55,6.5,7.36,0.18,0.176,0.179,18.83,18.64,18.05,1933.0,5981.0,870.0,-0.86,-0.003,Trea Turner
607345,8.85,,6.29,0.122,,0.102,11.5,,13.45,113.0,,461.0,,,
607387,,,3.45,,,0.164,,,32.76,,,116.0,,,
607461,4.93,8.67,5.19,0.116,0.076,0.14,17.61,16.76,11.24,142.0,173.0,347.0,3.48,-0.064,
607536,,6.29,,,0.016,,,49.65,,,143.0,,,,
607680,4.3,3.47,2.72,0.186,0.163,0.164,16.26,20.49,18.44,953.0,576.0,1508.0,0.75,-0.001,
607732,8.63,8.64,8.97,0.091,0.141,0.101,23.39,21.23,22.74,684.0,405.0,1170.0,-0.33,0.04,
607752,8.65,,3.97,0.213,,0.208,22.12,,23.02,104.0,,126.0,,,
607776,6.67,,10.69,0.113,,0.156,30.48,,28.24,105.0,,262.0,,,
608070,11.27,10.07,10.82,0.25,0.245,0.23,12.46,11.74,11.51,3451.0,3536.0,1729.0,-0.75,0.015,José Ramírez
608324,13.38,12.42,11.26,0.204,0.218,0.191,12.01,13.05,11.19,2048.0,4943.0,1305.0,1.16,0.027,Alex Bregman
608331,6.72,6.54,,0.068,0.045,,28.57,28.04,,119.0,107.0,,,,
608336,15.1,14.84,14.12,0.277,0.218,0.248,38.95,37.51,37.88,1556.0,869.0,1848.0,0.72,-0.03,
608348,9.62,11.04,8.66,0.136,0.178,0.147,20.99,19.6,19.63,1029.0,607.0,1131.0,2.38,0.031,Carson Kelly
608365,8.4,9.67,8.83,0.097,0.066,0.12,24.4,23.05,21.94,250.0,269.0,351.0,0.84,-0.054,
608369,10.69,9.28,10.02,0.239,0.21,0.231,16.36,17.26,17.79,2788.0,2393.0,888.0,-0.74,-0.021,Corey Seager
608384,5.5,6.14,7.43,0.109,0.152,0.186,26.15,27.19,24.67,218.0,228.0,377.0,-1.29,-0.034,
608385,11.86,12.26,13.91,0.163,0.171,0.147,16.51,17.83,20.06,1551.0,1957.0,1057.0,-1.65,0.024,
608475,4.0,3.31,3.26,0.155,0.07,0.13,20.8,23.14,19.58,125.0,121.0,337.0,0.05,-0.06,
608566,,0.0,,,0.1,,,20.4,,,201.0,,,,
608577,7.32,7.87,5.35,0.168,0.168,0.185,21.5,22.89,23.27,1079.0,712.0,692.0,2.52,-0.017,
608596,8.26,6.01,9.18,0.152,0.219,0.225,33.88,32.79,31.04,363.0,183.0,741.0,-3.17,-0.006,
608597,7.93,,9.79,0.286,,0.169,25.99,,28.19,227.0,,674.0,,,
608654,5.3,,0.83,0.105,,0.2,31.06,,29.75,132.0,,121.0,,,
608671,11.09,9.74,10.03,0.071,0.07,0.073,14.96,18.79,17.39,595.0,431.0,598.0,-0.29,-0.003,
608686,2.8,5.8,7.63,0.196,0.164,0.15,26.4,23.91,21.29,250.0,138.0,249.0,-1.83,0.014,
608700,7.72,4.13,7.37,0.096,0.059,0.129,20.08,18.35,18.07,259.0,218.0,570.0,-3.24,-0.07,
608701,12.26,10.34,10.59,0.193,0.141,0.167,24.73,22.02,24.21,465.0,754.0,661.0,-0.25,-0.026,
608703,,,7.73,,,0.097,,,28.87,,,194.0,,,
608841,7.07,5.91,5.75,0.135,0.125,0.129,22.07,19.34,20.81,580.0,1117.0,591.0,0.16,-0.004,
609275,4.86,3.8,4.31,0.17,0.153,0.198,28.53,30.99,29.8,638.0,526.0,557.0,-0.51,-0.045,
609280,3.58,4.97,4.07,0.155,0.096,0.193,14.99,15.22,15.57,894.0,644.0,1278.0,0.9,-0.097,Miguel Andujar
613564,,,5.68,,,0.182,,,26.14,,,176.0,,,
614173,9.2,5.62,7.73,0.243,0.128,0.179,32.34,39.38,35.19,337.0,160.0,466.0,-2.11,-0.051,
614177,7.76,7.04,7.89,0.242,0.222,0.204,31.43,31.61,29.79,1276.0,753.0,1128.0,-0.85,0.018,
620443,6.6,7.28,7.69,0.151,0.165,0.137,22.98,21.52,25.81,409.0,302.0,767.0,-0.41,0.028,
621002,13.65,10.0,12.78,0.133,0.095,0.137,22.28,22.22,23.89,359.0,270.0,360.0,-2.78,-0.042,
621005,,,10.77,,,0.062,,,21.54,,,130.0,,,
621006,6.0,3.62,3.7,0.122,0.096,0.073,26.4,24.55,29.63,250.0,387.0,108.0,-0.08,0.023,
621020,9.01,7.4,8.83,0.163,0.173,0.175,24.21,25.2,24.39,1921.0,3040.0,1722.0,-1.43,-0.002,Dansby Swanson
621028,3.97,4.01,5.38,0.104,0.137,0.069,13.44,12.83,10.55,655.0,1348.0,967.0,-1.37,0.068,
621035,11.01,9.48,9.31,0.156,0.204,0.184,30.73,28.65,31.65,1253.0,1529.0,1482.0,0.17,0.02,
621043,9.78,10.98,9.48,0.181,0.179,0.196,21.44,20.11,20.77,2649.0,2795.0,1266.0,1.5,-0.017,Carlos Correa
621111,,6.91,,,0.037,,,52.07,,,217.0,,,,
621311,6.74,6.15,3.8,0.181,0.273,0.137,26.03,23.66,29.35,534.0,748.0,368.0,2.35,0.136,
621433,8.11,11.19,10.14,0.187,0.135,0.149,42.34,41.26,40.55,444.0,286.0,434.0,1.05,-0.014,
621438,5.27,4.59,4.93,0.177,0.156,0.182,23.51,23.37,22.12,987.0,676.0,791.0,-0.34,-0.026,Tyrone Taylor
621439,7.41,7.23,7.09,0.269,0.262,0.274,28.19,26.31,29.01,1646.0,1813.0,748.0,0.14,-0.012,Byron Buxton
621446,5.52,5.47,3.74,0.09,0.202,0.114,27.59,25.78,26.2,290.0,128.0,561.0,1.73,0.088,
621450,,,5.83,,,0.105,,,24.27,,,103.0,,,
621453,7.62,8.38,7.85,0.121,0.117,0.078,32.38,30.73,35.44,315.0,179.0,395.0,0.53,0.039,
621458,12.75,,10.32,0.315,,0.18,31.37,,30.95,102.0,,126.0,,,
621466,12.06,15.02,10.65,0.135,0.147,0.176,29.15,22.75,26.39,398.0,233.0,648.0,4.37,-0.029,
621493,11.26,9.42,9.73,0.199,0.177,0.198,24.63,23.97,24.27,1563.0,1581.0,1582.0,-0.31,-0.021,Taylor Ward
621512,4.64,3.85,2.79,0.083,0.086,0.093,24.46,25.63,26.29,323.0,597.0,251.0,1.06,-0.007,
621514,6.67,10.7,7.73,0.128,0.148,0.142,24.76,22.19,24.74,105.0,374.0,388.0,2.97,0.006,
621545,8.21,,8.18,0.051,,0.081,27.61,,34.55,134.0,,110.0,,,
621550,9.72,7.49,9.21,0.243,0.243,0.208,36.73,38.12,36.6,844.0,467.0,858.0,-1.72,0.035,
621563,4.83,5.75,4.74,0.129,0.131,0.112,19.83,18.95,18.39,1200.0,818.0,1370.0,1.01,0.019,
621566,11.81,12.07,11.48,0.242,0.246,0.248,23.0,24.47,20.94,2735.0,4058.0,2178.0,0.59,-0.002,Matt Olson
621573,,,3.59,,,0.17,,,19.73,,,223.0,,,
622110,7.2,11.18,6.42,0.052,0.083,0.093,16.71,15.99,19.37,694.0,644.0,1074.0,4.76,-0.01,
622168,5.88,,7.73,0.116,,0.186,25.0,,18.04,204.0,,194.0,,,
622268,2.96,,6.19,0.168,,0.154,20.74,,23.01,135.0,,113.0,,,
622491,,1.54,0.76,,0.028,0.008,,46.92,40.46,,130.0,131.0,0.78,0.02,
622534,5.96,7.34,6.88,0.116,0.133,0.115,16.22,16.62,16.91,1091.0,1035.0,1396.0,0.46,0.018,
622569,7.6,3.64,4.0,0.123,0.111,0.101,18.71,17.27,15.6,171.0,220.0,250.0,-0.36,0.01,
622608,,0.81,,,0.019,,,47.97,,,123.0,,,,
622666,7.37,6.21,10.68,0.152,0.196,0.124,21.47,22.67,19.1,475.0,322.0,487.0,-4.47,0.072,
622682,3.9,3.46,3.8,0.093,0.105,0.114,21.95,22.08,22.35,410.0,462.0,841.0,-0.34,-0.009,
622761,4.81,4.42,5.63,0.168,0.131,0.13,26.0,23.98,25.82,873.0,588.0,639.0,-1.21,0.001,
623168,10.33,5.7,6.97,0.105,0.101,0.058,13.15,16.58,10.95,213.0,193.0,201.0,-1.27,0.043,Tyler Heineman
623205,3.66,4.09,6.6,0.131,0.102,0.117,36.13,36.21,34.01,191.0,464.0,197.0,-2.51,-0.015,
623520,8.6,6.09,9.19,0.149,0.183,0.092,25.0,30.11,28.65,372.0,279.0,555.0,-3.1,0.091,
623912,3.7,3.88,4.0,0.131,0.096,0.132,16.74,20.55,17.63,1081.0,798.0,1299.0,-0.12,-0.036,
623993,6.86,8.25,7.72,0.214,0.227,0.198,21.94,20.77,21.24,2757.0,1613.0,1502.0,0.53,0.029,
624413,9.65,8.66,10.96,0.267,0.277,0.236,22.32,24.7,20.76,3213.0,2551.0,1879.0,-2.3,0.041,Pete Alonso
624414,3.31,3.62,5.53,0.156,0.098,0.15,24.5,25.0,17.38,302.0,276.0,633.0,-1.91,-0.052,
624415,14.1,13.79,12.16,0.157,0.148,0.138,28.6,26.81,28.49,1007.0,914.0,839.0,1.63,0.01,
624424,11.61,11.84,10.83,0.187,0.161,0.197,23.72,22.56,24.71,1834.0,1875.0,1736.0,1.01,-0.036,
624428,6.95,6.51,6.21,0.095,0.121,0.115,14.99,12.3,15.34,1554.0,2212.0,1754.0,0.3,0.006,Adam Frazier
624431,4.69,4.44,5.03,0.115,0.108,0.118,17.43,16.16,15.72,746.0,495.0,1094.0,-0.59,-0.01,
624503,4.88,2.63,3.65,0.147,0.133,0.139,20.49,26.64,22.14,410.0,304.0,768.0,-1.02,-0.006,
624512,4.6,4.38,7.2,0.103,0.176,0.086,20.79,22.24,20.1,457.0,571.0,597.0,-2.82,0.09,
624577,7.09,7.23,7.38,0.215,0.193,0.166,20.57,22.89,22.78,705.0,498.0,474.0,-0.15,0.027,
624585,11.98,10.33,10.25,0.236,0.233,0.236,24.24,24.63,26.93,2079.0,1916.0,2068.0,0.08,-0.003,Jorge Soler
624636,4.0,,,0.037,,,31.33,,,150.0,,,,,
624641,4.27,2.36,3.51,0.205,0.174,0.148,20.99,21.73,26.37,586.0,382.0,656.0,-1.15,0.026,
628338,8.8,7.31,7.79,0.11,0.105,0.131,22.0,20.0,22.82,250.0,260.0,539.0,-0.48,-0.026,
628356,,,5.6,,,0.302,,,30.4,,,125.0,,,
628450,5.58,7.49,7.14,0.232,0.135,0.112,17.26,24.23,21.23,197.0,227.0,504.0,0.35,0.023,
628451,6.49,6.02,5.9,0.143,0.174,0.137,19.8,16.92,16.77,601.0,266.0,847.0,0.12,0.037,
630105,10.53,9.48,10.62,0.141,0.177,0.154,19.09,17.55,17.76,1320.0,2279.0,1554.0,-1.14,0.023,Jake Cronenworth
640447,7.92,11.01,7.8,0.109,0.141,0.224,22.64,23.85,20.64,265.0,109.0,218.0,3.21,-0.083,
640449,13.31,10.33,12.26,0.138,0.211,0.118,27.7,23.55,32.7,278.0,242.0,367.0,-1.93,0.093,
640457,8.65,8.96,9.65,0.266,0.197,0.188,20.44,20.92,19.75,1052.0,1071.0,653.0,-0.69,0.009,
640458,6.92,6.32,6.04,0.183,0.172,0.147,17.86,16.65,18.13,448.0,775.0,331.0,0.28,0.025,
640461,5.31,5.18,5.73,0.165,0.165,0.149,25.81,27.47,26.4,527.0,637.0,716.0,-0.55,0.016,
640492,4.24,1.9,4.67,0.041,0.089,0.081,20.76,20.48,20.56,236.0,210.0,107.0,-2.77,0.008,
641313,3.82,4.66,4.1,0.116,0.11,0.144,22.58,21.88,23.0,2250.0,1330.0,1535.0,0.56,-0.034,
641319,,,13.64,,,0.098,,,18.94,,,132.0,,,
641343,10.14,12.17,11.92,0.168,0.14,0.182,29.61,32.2,27.15,986.0,649.0,1418.0,0.25,-0.042,Jake Bauers
641355,9.88,9.14,9.2,0.232,0.211,0.203,18.76,18.32,19.93,2410.0,2440.0,2142.0,-0.06,0.008,Cody Bellinger
641432,8.93,8.38,7.17,0.161,0.149,0.188,12.76,15.92,14.45,627.0,358.0,934.0,1.21,-0.039,
641470,11.11,12.6,11.68,0.148,0.2,0.172,32.37,37.8,33.58,207.0,127.0,274.0,0.92,0.028,
641477,,,10.31,,,0.1,,,31.68,,,262.0,,,
641487,12.43,10.88,10.51,0.138,0.114,0.124,18.41,18.26,19.83,2559.0,2317.0,1684.0,0.37,-0.01,J.P. Crawford
641505,8.94,7.66,8.63,0.043,0.068,0.093,27.23,28.94,25.89,235.0,235.0,197.0,-0.97,-0.025,
641511,6.46,8.97,7.75,0.094,0.115,0.039,21.07,26.28,32.39,356.0,156.0,142.0,1.22,0.076,
641513,2.78,8.49,6.32,0.135,0.134,0.069,37.96,33.96,35.06,108.0,106.0,174.0,2.17,0.065,
641525,3.09,4.32,4.87,0.172,0.2,0.173,33.51,30.22,32.52,194.0,139.0,575.0,-0.55,0.027,
641531,7.31,9.41,8.19,0.179,0.192,0.171,27.43,26.42,27.39,999.0,882.0,1380.0,1.22,0.021,
641553,5.72,4.13,4.5,0.1,0.155,0.138,27.86,26.84,28.43,402.0,339.0,978.0,-0.37,0.017,
641583,2.72,,6.54,0.072,,0.192,22.45,,27.1,147.0,,107.0,,,
641584,9.86,10.98,10.13,0.176,0.159,0.143,21.44,15.8,24.3,872.0,519.0,1037.0,0.85,0.016,Jake Fraley
641598,11.47,10.27,11.26,0.212,0.25,0.214,25.35,25.41,25.88,1203.0,925.0,1368.0,-0.99,0.036,
641645,7.92,7.29,11.52,0.066,0.092,0.049,18.11,19.44,14.57,265.0,288.0,460.0,-4.23,0.043,
641658,7.62,7.94,7.28,0.092,0.14,0.081,26.72,22.21,25.8,827.0,680.0,810.0,0.66,0.059,
641680,7.33,6.69,6.81,0.125,0.146,0.15,19.79,20.24,18.75,1051.0,583.0,1733.0,-0.12,-0.004,
641684,,5.74,,,0.139,,,30.33,,,122.0,,,,
641779,,,12.73,,,0.208,,,32.73,,,110.0,,,
641786,10.96,8.67,0.94,0.181,0.095,0.238,28.24,37.33,27.36,301.0,150.0,106.0,7.73,-0.143,
641796,5.88,4.01,4.13,0.106,0.058,0.202,18.18,24.07,19.83,187.0,324.0,121.0,-0.12,-0.144,
641816,,4.55,,,0.011,,,37.27,,,110.0,,,,
641820,8.57,9.39,7.58,0.177,0.177,0.186,22.92,22.27,23.42,2251.0,1289.0,1358.0,1.81,-0.009,
641829,,,5.88,,,0.094,,,24.26,,,136.0,,,
641856,8.67,8.87,7.83,0.158,0.23,0.188,27.3,26.6,24.88,392.0,203.0,651.0,1.04,0.042,
641857,10.34,10.55,10.73,0.163,0.188,0.17,30.58,28.0,28.18,2322.0,1857.0,2200.0,-0.18,0.018,Ryan McMahon
641914,6.62,5.1,8.47,0.072,0.087,0.107,29.8,25.48,27.97,151.0,157.0,236.0,-3.37,-0.02,
641933,8.24,9.48,10.04,0.223,0.214,0.24,32.22,30.66,28.85,1347.0,1171.0,1116.0,-0.56,-0.026,Tyler O'Neill
641943,8.9,5.68,5.01,0.065,0.16,0.126,18.15,23.48,24.19,281.0,264.0,339.0,0.67,0.034,
642082,12.23,8.0,6.37,0.219,0.087,0.083,29.14,33.0,31.84,278.0,100.0,267.0,1.63,0.004,
642086,7.45,7.3,6.84,0.138,0.114,0.15,21.88,21.12,22.29,1074.0,767.0,1346.0,0.46,-0.036,Dominic Smith
642133,7.43,8.67,7.29,0.182,0.237,0.189,22.14,21.57,23.44,1414.0,969.0,1604.0,1.38,0.048,
642136,11.78,11.57,13.44,0.107,0.09,0.114,25.87,24.38,29.16,433.0,242.0,655.0,-1.87,-0.024,
642162,7.2,5.11,5.24,0.08,0.056,0.086,24.0,27.01,34.29,125.0,137.0,210.0,-0.13,-0.03,
642165,10.58,7.87,11.36,0.179,0.177,0.112,21.73,24.8,21.72,359.0,254.0,396.0,-3.49,0.065,
642180,7.98,8.38,7.06,0.048,0.054,0.06,25.46,20.05,23.16,326.0,394.0,354.0,1.32,-0.006,
642201,8.04,8.21,5.96,0.135,0.087,0.169,29.02,33.57,28.51,286.0,280.0,470.0,2.25,-0.082,Eli White
642215,,,12.73,,,0.292,,,31.82,,,110.0,,,
642336,3.77,5.38,5.55,0.115,0.118,0.196,22.11,20.89,21.06,398.0,316.0,793.0,-0.17,-0.078,
642350,5.1,7.19,4.98,0.224,0.224,0.17,33.55,32.63,39.46,471.0,570.0,963.0,2.21,0.054,
642423,,6.82,,,0.057,,,22.73,,,132.0,,,,
642708,3.98,4.12,5.14,0.125,0.133,0.126,19.68,18.58,18.49,1382.0,3347.0,1363.0,-1.02,0.007,Amed Rosario
642715,10.43,9.55,9.8,0.201,0.19,0.194,27.31,25.43,26.88,2512.0,2324.0,2500.0,-0.25,-0.004,Willy Adames
642721,3.05,8.59,6.36,0.064,0.035,0.104,28.05,20.31,25.44,164.0,128.0,283.0,2.23,-0.069,
642727,4.59,,7.41,0.071,,0.18,25.69,,26.85,109.0,,216.0,,,
642731,4.71,4.78,3.8,0.12,0.118,0.181,19.48,20.09,19.02,806.0,941.0,1104.0,0.98,-0.063,
642851,3.08,5.42,5.38,0.117,0.172,0.121,23.39,21.95,24.21,389.0,369.0,409.0,0.04,0.051,
643217,8.81,8.57,9.3,0.138,0.159,0.146,16.14,18.5,16.47,2862.0,2508.0,1785.0,-0.73,0.013,Andrew Benintendi
643265,7.06,9.29,8.53,0.137,0.148,0.184,27.16,26.92,27.28,1204.0,743.0,1173.0,0.76,-0.036,
643289,4.27,2.86,5.52,0.085,0.12,0.117,14.81,11.66,13.58,702.0,978.0,906.0,-2.66,0.003,Mauricio Dubón
643376,8.94,9.24,10.4,0.225,0.218,0.176,20.29,17.05,22.32,828.0,833.0,1308.0,-1.16,0.042,Danny Jansen
643393,11.35,8.74,9.82,0.123,0.107,0.109,13.68,12.14,12.38,855.0,972.0,1212.0,-1.08,-0.002,
643396,5.79,4.01,5.31,0.087,0.087,0.081,16.13,15.96,14.95,1693.0,1322.0,2355.0,-1.3,0.006,
643418,5.49,,9.35,0.194,,0.176,32.32,,21.95,164.0,,246.0,,,
643446,7.4,5.29,8.56,0.12,0.158,0.152,10.97,11.44,12.07,1906.0,2116.0,1822.0,-3.27,0.006,Jeff McNeil
643524,4.67,7.91,6.68,0.135,0.255,0.193,17.9,15.02,17.95,257.0,253.0,479.0,1.23,0.062,
643565,12.49,12.99,11.76,0.126,0.167,0.147,22.16,23.34,20.83,993.0,1247.0,408.0,1.23,0.02,
643603,10.42,8.28,13.59,0.216,0.18,0.155,23.94,26.9,26.15,259.0,145.0,390.0,-5.31,0.025,
644374,4.71,7.35,7.32,0.178,0.144,0.177,29.32,23.53,26.83,191.0,204.0,492.0,0.03,-0.033,
645261,,4.72,,,0.021,,,67.92,,,106.0,,,,
645277,7.08,5.88,7.72,0.18,0.197,0.158,15.91,16.82,16.51,2219.0,3620.0,1696.0,-1.84,0.039,Ozzie Albies
645302,5.54,5.5,5.76,0.126,0.103,0.139,18.95,24.74,24.4,992.0,946.0,955.0,-0.26,-0.036,
645305,,2.94,,,0.034,,,23.53,,,102.0,,,,
645444,9.45,10.04,7.6,0.036,0.065,0.054,24.7,24.27,27.49,328.0,548.0,171.0,2.44,0.011,
645801,10.03,9.88,9.17,0.097,0.265,0.247,29.43,22.67,26.97,299.0,172.0,545.0,0.71,0.018,
646240,10.11,9.93,9.1,0.219,0.245,0.228,22.87,20.61,20.78,3315.0,3465.0,1593.0,0.83,0.017,Rafael Devers
647304,7.87,8.37,7.94,0.184,0.185,0.18,16.55,15.33,16.8,1867.0,1481.0,1423.0,0.43,0.005,Josh Naylor
647351,5.62,5.97,6.46,0.12,0.122,0.13,15.84,17.43,16.2,587.0,637.0,1068.0,-0.49,-0.008,
649557,6.24,5.37,5.87,0.154,0.165,0.167,14.2,15.19,16.46,817.0,540.0,1124.0,-0.5,-0.002,
649966,10.05,9.86,8.98,0.169,0.126,0.157,21.42,20.32,19.3,985.0,507.0,1280.0,0.88,-0.031,
650331,7.86,,7.17,0.071,,0.196,30.71,,29.54,140.0,,237.0,,,
650333,7.32,5.52,7.01,0.114,0.091,0.097,6.63,5.36,6.23,1871.0,3658.0,899.0,-1.49,-0.006,Luis Arraez
650391,6.46,8.16,5.96,0.202,0.147,0.193,21.37,23.16,21.39,1362.0,613.0,1309.0,2.2,-0.046,
650402,8.97,9.87,9.24,0.167,0.164,0.183,19.29,19.3,20.41,2297.0,2471.0,2489.0,0.63,-0.019,Gleyber Torres
650489,7.24,7.23,6.89,0.155,0.127,0.119,24.41,22.49,24.38,1602.0,885.0,1452.0,0.34,0.008,Willi Castro
650490,10.4,10.33,11.57,0.147,0.173,0.15,14.79,14.89,13.89,2394.0,2700.0,1296.0,-1.24,0.023,Yandy Díaz
650559,5.32,6.49,6.0,0.145,0.166,0.164,25.48,24.96,25.65,1354.0,601.0,1084.0,0.49,0.002,
650619,,,8.16,,,0.061,,,28.57,,,147.0,,,
650859,5.96,5.31,5.46,0.12,0.155,0.136,16.63,17.66,19.27,1209.0,1223.0,1209.0,-0.15,0.019,Luis Rengifo
650907,,3.9,3.45,,0.204,0.11,,34.63,35.34,,205.0,116.0,0.45,0.094,
650968,,,5.68,,,0.12,,,11.35,,,229.0,,,
655316,10.28,5.63,9.07,0.112,0.095,0.109,21.18,27.23,17.86,321.0,213.0,364.0,-3.44,-0.014,Andruw Monasterio
656180,7.49,6.7,8.71,0.174,0.151,0.119,31.4,31.25,33.39,414.0,224.0,551.0,-2.01,0.032,
656185,5.06,3.12,4.82,0.131,0.117,0.089,21.1,21.88,24.37,237.0,448.0,394.0,-1.7,0.028,
656248,17.07,,11.61,0.24,,0.118,30.08,,30.71,123.0,,267.0,,,
656252,7.39,,7.54,0.189,,0.236,39.69,,36.18,257.0,,199.0,,,
656305,11.35,10.22,11.06,0.215,0.213,0.225,26.75,25.82,25.06,3092.0,2328.0,2251.0,-0.84,-0.012,Matt Chapman
656308,3.99,4.7,7.24,0.164,0.216,0.145,30.94,32.92,30.97,501.0,319.0,704.0,-2.54,0.071,
656371,9.73,8.46,13.43,0.091,0.093,0.157,29.19,28.86,25.97,185.0,201.0,335.0,-4.97,-0.064,
656413,10.0,10.53,6.01,0.118,0.115,0.153,24.86,26.32,26.58,350.0,152.0,316.0,4.52,-0.038,
656427,,8.33,,,0.028,,,34.09,,,132.0,,,,
656448,5.65,2.7,6.67,0.275,0.248,0.186,33.04,31.76,26.67,230.0,148.0,135.0,-3.97,0.062,
656537,6.87,5.37,4.68,0.082,0.133,0.104,27.75,29.34,30.99,364.0,242.0,342.0,0.69,0.029,
656541,5.88,9.92,10.54,0.154,0.144,0.181,34.71,34.92,34.18,170.0,252.0,588.0,-0.62,-0.037,
656555,12.84,11.91,13.2,0.229,0.218,0.237,24.68,26.21,24.18,2703.0,1965.0,1394.0,-1.29,-0.019,Rhys Hoskins
656577,5.84,7.11,6.07,0.146,0.127,0.175,38.69,33.78,41.59,137.0,225.0,214.0,1.04,-0.048,
656582,12.08,11.74,9.81,0.149,0.13,0.161,20.28,21.82,23.22,927.0,903.0,887.0,1.93,-0.031,
656669,14.22,12.41,9.09,0.181,0.245,0.239,21.56,25.29,23.86,450.0,435.0,440.0,3.32,0.006,
656716,7.77,9.26,7.85,0.138,0.132,0.149,23.57,24.31,21.65,1120.0,432.0,956.0,1.41,-0.017,
656775,8.69,8.57,8.26,0.188,0.179,0.157,19.69,19.8,20.68,1991.0,2101.0,1296.0,0.31,0.022,Cedric Mullins
656811,8.3,8.72,8.48,0.18,0.141,0.179,21.15,18.76,23.2,1338.0,906.0,1427.0,0.24,-0.038,Ryan O'Hearn
656847,2.63,,0.59,0.296,,0.275,27.19,,36.47,114.0,,170.0,,,
656896,7.03,6.12,7.26,0.08,0.147,0.148,22.69,18.37,22.57,498.0,392.0,771.0,-1.14,-0.001,
656941,13.96,14.52,15.94,0.282,0.273,0.288,29.16,29.19,25.08,3231.0,3292.0,1619.0,-1.42,-0.015,Kyle Schwarber
656976,9.82,11.31,11.27,0.166,0.16,0.148,23.19,23.79,22.07,703.0,849.0,861.0,0.04,0.012,
657041,8.41,6.99,8.37,0.194,0.173,0.162,22.35,26.09,25.86,1320.0,1675.0,812.0,-1.38,0.011,Lane Thomas
657061,4.03,,7.48,0.069,,0.147,29.03,,29.93,124.0,,147.0,,,
657077,7.38,7.13,7.33,0.139,0.146,0.117,14.98,14.75,14.53,1749.0,2230.0,1542.0,-0.2,0.029,
657136,5.98,6.46,4.97,0.112,0.153,0.104,26.99,24.54,25.56,552.0,542.0,583.0,1.49,0.049,
657557,7.38,8.1,7.1,0.172,0.177,0.199,25.53,24.92,29.45,2154.0,963.0,1494.0,1.0,-0.022,
657656,7.09,6.77,6.75,0.182,0.213,0.201,28.54,24.55,26.38,1538.0,1226.0,1645.0,0.02,0.012,Ramón Laureano
657709,9.15,,,0.031,,,24.65,,,142.0,,,,,
657757,8.2,8.47,8.46,0.163,0.165,0.151,20.19,19.52,19.18,1293.0,543.0,1288.0,0.01,0.014,Gavin Sheets
658069,,,3.04,,,0.205,,,23.19,,,263.0,,,
658668,6.1,5.26,5.91,0.154,0.127,0.157,20.42,16.6,16.17,426.0,247.0,711.0,-0.65,-0.03,
660162,8.59,10.6,9.51,0.19,0.164,0.173,29.22,25.84,28.99,2084.0,1575.0,1725.0,1.09,-0.009,Yoán Moncada
660271,13.93,12.26,12.12,0.323,0.302,0.311,26.52,25.1,25.42,2240.0,3996.0,1361.0,0.14,-0.009,Shohei Ohtani
660294,12.22,10.82,8.97,0.178,0.079,0.073,22.17,29.0,29.66,221.0,231.0,290.0,1.85,0.006,
660620,,10.92,,,0.079,,,18.49,,,119.0,,,,
660634,8.75,7.08,,0.036,0.041,,18.75,23.01,,160.0,113.0,,,,
660636,3.5,,5.47,0.162,,0.217,24.48,,25.87,143.0,,201.0,,,
660644,6.12,4.21,9.35,0.064,0.06,0.084,20.49,20.09,21.5,327.0,214.0,321.0,-5.14,-0.024,
660670,11.84,11.37,11.7,0.197,0.245,0.255,21.97,21.82,22.93,2239.0,3904.0,641.0,-0.33,-0.01,Ronald Acuña Jr.
660688,5.07,4.11,5.64,0.131,0.111,0.127,10.9,10.05,10.27,1183.0,657.0,1295.0,-1.53,-0.016,Keibert Ruiz
660707,6.52,7.07,4.32,0.164,0.12,0.167,28.57,33.84,31.89,322.0,198.0,533.0,2.75,-0.047,
660757,3.37,3.17,3.25,0.143,0.179,0.102,20.88,20.84,21.66,297.0,379.0,277.0,-0.08,0.077,
660766,7.34,6.8,5.19,0.197,0.16,0.123,21.77,19.39,21.11,395.0,294.0,289.0,1.61,0.037,
660821,8.58,9.25,8.16,0.188,0.204,0.179,25.15,25.99,25.87,1340.0,681.0,1434.0,1.09,0.025,Jesús Sánchez
660829,,,4.76,,,0.167,,,25.71,,,105.0,,,
660844,20.37,12.82,,0.0,0.04,,18.52,25.64,,108.0,117.0,,,,Leo Rivas
661388,11.2,10.35,11.61,0.181,0.17,0.168,20.03,21.43,23.13,1732.0,1652.0,1094.0,-1.26,0.002,William Contreras
661531,6.5,5.11,,0.146,0.134,,20.94,35.04,,277.0,137.0,,,,
662139,8.35,7.24,7.82,0.215,0.209,0.19,25.31,26.5,23.2,1209.0,1381.0,1112.0,-0.58,0.019,Daulton Varsho
663330,6.31,6.9,7.14,0.16,0.255,0.135,29.73,25.0,32.86,111.0,116.0,140.0,-0.24,0.12,
663368,8.31,10.82,11.73,0.133,0.125,0.088,26.29,22.96,28.0,445.0,379.0,375.0,-0.91,0.037,Blake Perkins
663457,14.15,12.04,11.36,0.187,0.151,0.139,18.75,20.12,20.57,1152.0,1163.0,1162.0,0.68,0.012,
663527,10.64,7.65,11.16,0.04,0.207,0.116,24.26,21.76,24.29,235.0,170.0,457.0,-3.51,0.091,
663538,6.54,6.31,6.52,0.092,0.108,0.117,10.05,12.46,10.16,2050.0,1236.0,1289.0,-0.21,-0.009,Nico Hoerner
663586,7.49,7.66,7.24,0.212,0.231,0.243,27.02,25.26,25.28,1910.0,2743.0,1436.0,0.42,-0.012,Austin Riley
663611,4.94,4.55,5.19,0.085,0.075,0.062,8.87,8.85,8.23,688.0,418.0,231.0,-0.64,0.013,
663616,9.56,9.84,11.13,0.209,0.127,0.142,24.23,26.52,29.07,1036.0,1037.0,719.0,-1.29,-0.015,Trevor Larnach
663624,7.04,6.42,5.19,0.16,0.185,0.175,27.08,23.63,25.15,1477.0,1604.0,1368.0,1.23,0.01,
663630,10.34,9.66,7.23,0.095,0.099,0.087,29.89,28.02,34.97,174.0,207.0,346.0,2.43,0.012,
663647,6.87,7.51,5.7,0.097,0.14,0.086,20.45,20.41,20.59,1325.0,1690.0,1350.0,1.81,0.054,Ke'Bryan Hayes
663656,10.67,13.69,11.53,0.228,0.21,0.257,15.75,14.82,15.7,1809.0,1950.0,1414.0,2.16,-0.047,Kyle Tucker
663662,5.92,10.37,6.11,0.092,0.144,0.108,26.97,28.89,29.26,152.0,135.0,311.0,4.26,0.036,
663697,10.93,9.84,9.94,0.158,0.153,0.124,20.63,19.81,21.92,1711.0,2377.0,926.0,-0.1,0.029,Jonathan India
663698,6.94,9.92,9.65,0.145,0.132,0.143,29.34,31.75,31.73,634.0,252.0,684.0,0.27,-0.011,
663728,11.96,11.53,10.12,0.284,0.236,0.233,27.33,29.16,26.23,1705.0,1101.0,1571.0,1.41,0.003,Cal Raleigh
663743,4.02,5.47,7.51,0.081,0.118,0.14,16.99,15.34,17.44,671.0,567.0,493.0,-2.04,-0.022,Nick Fortes
663757,11.42,12.25,11.66,0.188,0.169,0.197,27.0,26.53,23.32,1348.0,1983.0,969.0,0.59,-0.028,Trent Grisham
663837,7.19,7.02,8.41,0.109,0.124,0.152,20.6,22.03,21.09,1029.0,826.0,749.0,-1.39,-0.028,Matt Vierling
663845,7.65,,8.36,0.086,,0.113,35.29,,28.57,170.0,,371.0,,,
663853,2.62,4.15,4.29,0.128,0.198,0.161,33.25,29.08,29.05,382.0,337.0,420.0,-0.14,0.037,
663886,11.04,7.46,8.49,0.146,0.135,0.178,24.4,24.21,25.87,1295.0,764.0,1001.0,-1.03,-0.043,Tyler Stephenson
663897,6.0,,11.21,0.121,,0.158,28.0,,29.91,150.0,,107.0,,,
663898,6.23,5.11,7.03,0.114,0.162,0.151,21.18,20.82,23.13,1171.0,1076.0,1124.0,-1.92,0.011,
663968,6.82,,3.9,0.148,,0.067,12.88,,15.04,132.0,,359.0,,,Jake Mangum
663993,9.04,11.77,12.23,0.158,0.152,0.166,24.16,24.47,23.62,2256.0,1283.0,2379.0,-0.46,-0.014,Nathaniel Lowe
664023,13.11,12.23,11.9,0.215,0.178,0.17,27.18,24.26,24.48,2090.0,2593.0,1908.0,0.33,0.008,Ian Happ
664029,,,17.16,,,0.18,,,22.39,,,134.0,,,
664034,6.88,6.01,5.36,0.141,0.142,0.129,16.24,17.66,19.28,2254.0,1382.0,1883.0,0.65,0.013,Ty France
664040,9.54,8.8,10.14,0.238,0.234,0.251,26.93,26.13,29.5,1541.0,2262.0,1105.0,-1.34,-0.017,Brandon Lowe
664056,5.19,5.16,6.33,0.12,0.171,0.153,25.45,23.46,21.67,1002.0,891.0,1421.0,-1.17,0.018,Harrison Bader
664058,5.32,5.52,7.46,0.075,0.082,0.072,10.11,8.81,9.41,940.0,1885.0,818.0,-1.94,0.01,
664059,9.06,7.39,13.2,0.126,0.143,0.071,20.56,28.76,20.3,287.0,379.0,197.0,-5.81,0.072,
664068,5.33,7.28,4.87,0.202,0.158,0.141,30.71,30.02,26.33,394.0,453.0,657.0,2.41,0.017,
664238,9.68,9.75,9.83,0.148,0.202,0.19,27.7,27.1,32.22,527.0,513.0,1282.0,-0.08,0.012,
664247,9.66,4.71,3.03,0.279,0.215,0.173,29.66,32.46,26.52,145.0,191.0,132.0,1.68,0.042,
664314,8.26,,13.7,0.101,,0.113,35.54,,34.25,121.0,,146.0,,,
664670,,,6.62,,,0.079,,,11.76,,,136.0,,,
664702,9.06,9.99,8.94,0.061,0.062,0.094,17.42,17.83,17.43,1016.0,1621.0,895.0,1.05,-0.032,Myles Straw
664728,5.32,4.75,7.13,0.129,0.103,0.149,20.6,19.01,23.15,1204.0,568.0,743.0,-2.38,-0.046,Kyle Isbel
664731,,,6.25,,,0.051,,,28.41,,,176.0,,,
664761,6.0,5.1,7.22,0.133,0.127,0.145,16.3,18.49,17.11,1951.0,1195.0,1455.0,-2.12,-0.018,Alec Bohm
664770,5.26,8.26,14.29,0.126,0.159,0.195,18.86,11.02,13.64,228.0,472.0,154.0,-6.03,-0.036,Nathan Lukes
664774,14.82,11.42,11.39,0.159,0.187,0.132,20.36,21.21,20.28,1336.0,1226.0,562.0,0.03,0.055,
664874,8.52,5.64,6.43,0.169,0.122,0.126,32.58,36.92,38.21,399.0,195.0,280.0,-0.79,-0.004,
664901,8.08,6.02,4.22,0.195,0.064,0.084,22.22,25.93,23.38,297.0,216.0,308.0,1.8,-0.02,
664913,9.17,7.27,7.46,0.195,0.146,0.215,26.5,28.59,26.87,698.0,633.0,1340.0,-0.19,-0.069,
664983,5.65,6.28,7.77,0.127,0.13,0.117,17.44,17.46,19.03,814.0,733.0,746.0,-1.49,0.013,Jake McCarthy
665019,6.93,6.98,5.33,0.168,0.192,0.219,25.97,26.16,23.77,462.0,172.0,488.0,1.65,-0.027,Kody Clemens
665120,8.71,6.9,7.59,0.18,0.165,0.203,27.59,32.33,28.95,551.0,464.0,1081.0,-0.69,-0.038,
665155,10.15,13.68,12.01,0.165,0.162,0.158,31.2,26.32,26.95,266.0,190.0,308.0,1.67,0.004,
665161,5.67,5.51,4.79,0.14,0.17,0.13,19.46,19.77,19.42,1182.0,1598.0,1442.0,0.72,0.04,
665482,8.85,7.5,9.21,0.089,0.088,0.08,19.79,22.5,28.29,192.0,160.0,152.0,-1.71,0.008,
665487,9.36,10.29,10.01,0.253,0.225,0.225,22.23,23.39,26.44,1282.0,3177.0,749.0,0.28,0.0,Fernando Tatis Jr.
665489,10.9,10.29,9.74,0.213,0.222,0.184,13.93,15.11,17.28,2110.0,3567.0,1910.0,0.55,0.038,Vladimir Guerrero Jr.
665506,6.67,3.72,6.38,0.073,0.114,0.076,27.62,27.13,29.53,315.0,188.0,298.0,-2.66,0.038,
665561,,10.6,,,0.172,,,11.26,,,151.0,,,,Rafael Marchán
665742,18.49,18.62,18.5,0.287,0.23,0.247,17.75,17.5,16.37,1763.0,5370.0,1692.0,0.12,-0.017,Juan Soto
665750,5.56,6.43,6.02,0.109,0.122,0.136,26.93,22.01,22.93,791.0,1322.0,798.0,0.41,-0.014,Leody Taveras
665804,5.95,6.08,7.36,0.148,0.088,0.128,15.56,23.4,21.21,437.0,329.0,231.0,-1.28,-0.04,Miguel Amaya
665828,8.39,7.91,7.73,0.142,0.084,0.118,20.97,24.01,21.65,453.0,354.0,582.0,0.18,-0.034,
665833,9.34,9.08,10.89,0.194,0.209,0.166,31.28,30.22,32.33,1071.0,738.0,863.0,-1.81,0.043,Oneil Cruz
665839,4.96,5.44,9.46,0.131,0.116,0.169,26.24,23.13,22.46,141.0,147.0,423.0,-4.02,-0.053,
665862,8.29,6.97,8.7,0.22,0.206,0.209,27.49,29.29,26.24,1375.0,1219.0,1597.0,-1.73,-0.003,Jazz Chisholm Jr.
665923,4.11,3.72,4.31,0.113,0.096,0.086,24.64,19.42,18.32,414.0,242.0,464.0,-0.59,0.01,
665926,4.74,5.91,4.44,0.113,0.116,0.145,18.95,17.14,19.35,1224.0,1336.0,1194.0,1.47,-0.029,Andrés Giménez
665953,2.78,,5.88,0.186,,0.121,17.59,,25.49,108.0,,102.0,,,
665966,9.53,3.88,12.24,0.172,0.293,0.165,24.19,24.81,23.47,430.0,129.0,196.0,-8.36,0.128,Carlos Narváez
666018,7.07,11.3,9.76,0.148,0.173,0.204,26.63,26.04,24.39,368.0,407.0,451.0,1.54,-0.031,Jonathan Aranda
666023,4.97,4.26,6.17,0.101,0.135,0.104,21.55,20.67,17.76,362.0,329.0,794.0,-1.91,0.031,Freddy Fermin
666134,10.27,11.31,11.0,0.16,0.118,0.157,31.78,32.35,29.12,409.0,442.0,982.0,0.31,-0.039,
666135,8.3,7.04,7.0,0.147,0.2,0.169,24.29,22.78,25.29,494.0,540.0,514.0,0.04,0.031,
666139,7.88,6.41,7.53,0.172,0.193,0.152,26.53,26.8,29.81,965.0,515.0,1023.0,-1.12,0.041,Josh Lowe
666149,5.06,6.2,7.52,0.199,0.192,0.189,28.19,31.01,31.05,415.0,258.0,306.0,-1.32,0.003,
666150,5.99,,4.58,0.115,,0.09,17.37,,24.05,167.0,,262.0,,,
666152,7.14,7.93,7.87,0.112,0.12,0.161,25.0,21.59,25.28,280.0,227.0,356.0,0.06,-0.041,David Hamilton
666158,9.79,9.48,10.11,0.125,0.133,0.122,22.07,23.19,22.07,1083.0,897.0,920.0,-0.63,0.011,
666160,3.95,3.51,4.22,0.172,0.198,0.233,28.99,27.05,28.65,583.0,599.0,876.0,-0.71,-0.035,Mickey Moniak
666163,8.4,9.41,9.51,0.068,0.076,0.088,22.9,20.21,28.17,262.0,287.0,536.0,-0.1,-0.012,
666165,7.45,,9.06,0.118,,0.127,32.3,,31.87,161.0,,320.0,,,
666176,4.92,6.67,6.34,0.207,0.214,0.205,29.03,30.33,29.37,651.0,300.0,1168.0,0.33,0.009,Jo Adell
666179,,,8.7,,,0.041,,,24.64,,,138.0,,,
666181,8.83,7.66,9.22,0.178,0.224,0.217,32.85,38.07,28.63,487.0,457.0,510.0,-1.56,0.007,Will Benson
666182,5.47,5.92,5.48,0.183,0.165,0.206,16.7,19.67,22.28,1389.0,3595.0,1095.0,0.44,-0.041,Bo Bichette
666185,9.24,9.28,7.93,0.138,0.128,0.138,22.55,22.48,22.7,736.0,1250.0,1022.0,1.35,-0.01,
666198,9.36,,5.52,0.153,,0.059,22.47,,34.48,267.0,,145.0,,,
666211,8.06,11.96,11.88,0.158,0.081,0.211,37.1,34.24,33.43,248.0,184.0,362.0,0.08,-0.13,
666310,11.39,6.78,10.55,0.159,0.184,0.179,26.73,31.36,25.59,202.0,354.0,1024.0,-3.77,0.005,Bo Naylor
666397,13.74,13.38,11.07,0.13,0.161,0.208,32.01,33.46,29.53,706.0,523.0,298.0,2.31,-0.047,Edouard Julien
666464,3.54,,3.61,0.064,,0.2,37.17,,26.51,113.0,,166.0,,,
666624,10.03,8.66,8.4,0.2,0.193,0.192,30.78,29.63,28.32,1147.0,901.0,964.0,0.26,0.001,
666801,5.35,5.59,9.2,0.125,0.174,0.208,28.62,32.92,24.14,318.0,161.0,435.0,-3.61,-0.034,
666915,7.69,6.1,7.1,0.226,0.176,0.18,31.32,34.92,36.77,364.0,295.0,563.0,-1.0,-0.004,
666969,6.1,7.51,7.0,0.203,0.204,0.201,27.9,28.9,27.59,2050.0,1159.0,2399.0,0.51,0.003,Adolis García
666971,5.43,4.24,6.01,0.149,0.171,0.192,19.28,18.11,18.45,2137.0,1767.0,1913.0,-1.77,-0.021,
667452,9.79,7.26,5.3,0.104,0.079,0.122,21.65,25.7,24.06,194.0,179.0,453.0,1.96,-0.043,
667472,6.25,8.76,7.47,0.097,0.099,0.125,26.56,20.62,22.73,256.0,194.0,308.0,1.29,-0.026,Dane Myers
667670,8.76,9.04,9.36,0.216,0.221,0.238,28.2,26.7,29.49,993.0,1648.0,1197.0,-0.32,-0.017,Brent Rooker
668227,8.73,9.72,11.22,0.182,0.165,0.189,25.26,26.57,25.82,2027.0,2439.0,1685.0,-1.5,-0.024,Randy Arozarena
668472,9.33,7.17,9.93,0.162,0.119,0.141,38.67,41.26,39.01,225.0,223.0,423.0,-2.76,-0.022,
668670,7.01,9.23,8.16,0.181,0.192,0.175,32.62,32.72,31.36,699.0,379.0,711.0,1.07,0.017,
668709,12.54,10.77,11.89,0.166,0.183,0.182,22.91,20.39,24.64,694.0,966.0,824.0,-1.12,0.001,
668715,10.16,9.25,9.54,0.185,0.155,0.186,21.58,22.38,21.53,1418.0,800.0,1226.0,-0.29,-0.031,Spencer Steer
668731,10.13,8.33,10.47,0.121,0.109,0.145,25.63,30.11,28.34,839.0,372.0,688.0,-2.14,-0.036,
668751,,,8.54,,,0.121,,,23.17,,,164.0,,,
668800,6.56,4.12,8.56,0.11,0.137,0.071,21.93,20.88,22.63,488.0,340.0,327.0,-4.44,0.066,
668804,8.26,9.51,9.52,0.157,0.193,0.211,24.06,21.33,21.54,2519.0,2325.0,2395.0,-0.01,-0.018,Bryan Reynolds
668832,,,7.3,,,0.088,,,43.8,,,137.0,,,
668843,,,12.04,,,0.074,,,25.0,,,108.0,,,
668845,,5.66,,,0.15,,,20.75,,,106.0,,,,
668885,8.86,8.02,12.1,0.071,0.092,0.095,19.62,14.89,21.66,316.0,262.0,157.0,-4.08,-0.003,Austin Martin
668901,6.92,5.15,6.06,0.223,0.217,0.207,28.31,32.58,25.49,650.0,660.0,561.0,-0.91,0.01,Mark Vientos
668904,7.86,7.5,5.59,0.173,0.212,0.231,23.24,19.58,19.58,865.0,480.0,429.0,1.91,-0.019,Royce Lewis
668930,8.7,9.89,8.17,0.119,0.099,0.114,20.43,17.97,22.21,1023.0,1224.0,734.0,1.72,-0.015,Brice Turang
668939,12.65,11.96,9.93,0.143,0.171,0.142,14.2,17.22,17.23,1423.0,1998.0,685.0,2.03,0.029,Adley Rutschman
668942,9.83,9.7,9.96,0.098,0.122,0.115,21.85,22.38,21.16,1089.0,1546.0,1134.0,-0.26,0.007,
668952,7.79,,4.76,0.044,,0.044,28.57,,27.78,154.0,,126.0,,,
669003,8.09,13.44,9.26,0.19,0.205,0.134,34.93,33.87,30.74,272.0,186.0,270.0,4.18,0.071,Garrett Mitchell
669004,9.54,12.34,8.98,0.172,0.179,0.156,25.1,28.19,26.52,964.0,713.0,1169.0,3.36,0.023,
669016,9.42,7.87,10.53,0.172,0.096,0.191,30.64,30.58,31.03,1051.0,762.0,1244.0,-2.66,-0.095,Brandon Marsh
669065,8.97,8.68,7.2,0.181,0.253,0.233,29.12,32.45,29.2,546.0,265.0,500.0,1.48,0.02,Kyle Stowers
669087,,,5.95,,,0.158,,,39.29,,,168.0,,,
669127,8.31,5.97,6.22,0.186,0.256,0.224,25.85,20.71,27.3,650.0,787.0,1205.0,-0.25,0.032,Shea Langeliers
669134,6.37,5.86,4.97,0.138,0.072,0.12,17.83,16.32,12.91,157.0,239.0,302.0,0.89,-0.048,Luis Campusano
669200,,10.17,,,0.049,,,33.05,,,118.0,,,,
669221,10.61,9.74,9.86,0.2,0.233,0.179,22.11,21.71,25.97,1348.0,760.0,1390.0,-0.12,0.054,
669222,8.35,8.15,8.37,0.156,0.104,0.138,21.1,21.16,21.17,910.0,761.0,789.0,-0.22,-0.034,
669224,8.13,10.14,8.21,0.194,0.128,0.247,22.12,24.88,23.82,529.0,217.0,743.0,1.93,-0.119,Austin Wells
669234,12.06,15.47,12.87,0.173,0.172,0.099,34.67,33.7,30.41,199.0,181.0,171.0,2.6,0.073,
669236,,6.06,4.95,,0.208,0.117,,23.03,29.7,,165.0,101.0,1.11,0.091,Jeremiah Jackson
669242,5.33,6.42,6.15,0.131,0.143,0.181,16.54,16.34,16.14,1632.0,2197.0,1041.0,0.27,-0.038,
669256,8.87,5.74,7.55,0.181,0.102,0.101,21.24,21.62,20.28,372.0,296.0,503.0,-1.81,0.001,
669257,10.74,11.94,9.92,0.2,0.209,0.211,18.42,19.02,19.33,1667.0,1993.0,1200.0,2.02,-0.002,Will Smith
669261,10.07,11.43,14.03,0.198,0.243,0.196,30.85,29.87,29.41,765.0,385.0,884.0,-2.6,0.047,
669289,6.32,7.56,7.35,0.085,0.066,0.083,11.98,12.35,13.24,918.0,688.0,952.0,0.21,-0.017,
669304,4.67,5.07,4.41,0.16,0.15,0.125,17.86,17.16,16.73,728.0,612.0,544.0,0.66,0.025,
669326,2.03,4.17,,0.044,0.109,,33.78,30.83,,148.0,120.0,,,,
669352,,3.41,6.6,,0.076,0.031,,31.06,36.79,,293.0,106.0,-3.19,0.045,
669357,11.43,9.4,10.84,0.178,0.205,0.195,32.85,34.48,33.66,621.0,957.0,1135.0,-1.44,0.01,Nolan Gorman
669364,8.71,7.43,10.99,0.063,0.065,0.094,14.52,16.37,14.01,723.0,727.0,364.0,-3.56,-0.029,Xavier Edwards
669369,,6.98,,,0.059,,,22.48,,,129.0,,,,
669374,5.99,7.34,8.12,0.277,0.183,0.208,35.48,31.92,37.01,451.0,354.0,616.0,-0.78,-0.025,
669394,4.48,4.95,6.03,0.217,0.23,0.209,24.72,29.12,27.46,1072.0,546.0,1278.0,-1.08,0.021,Jake Burger
669397,6.9,6.34,5.81,0.066,0.056,0.05,20.54,20.0,19.31,594.0,805.0,637.0,0.53,0.006,
669450,,13.66,7.07,,0.162,0.112,,27.32,31.82,,183.0,198.0,6.59,0.05,
669477,7.54,6.37,4.33,0.219,0.142,0.147,26.82,27.34,20.35,358.0,267.0,462.0,2.04,-0.005,Casey Schmitt
669701,9.74,8.02,7.65,0.12,0.113,0.122,20.7,18.46,21.21,1058.0,948.0,693.0,0.37,-0.009,Josh Smith
669707,8.99,11.94,9.87,0.139,0.093,0.1,25.7,22.58,24.48,467.0,310.0,821.0,2.07,-0.007,
669720,6.2,5.49,6.55,0.177,0.181,0.183,21.18,22.89,22.42,1775.0,1092.0,1436.0,-1.06,-0.002,
669742,4.1,,3.67,0.224,,0.276,28.69,,28.44,122.0,,109.0,,,
669743,10.39,11.41,12.97,0.129,0.113,0.095,15.19,21.16,18.41,645.0,482.0,478.0,-1.56,0.018,
669911,9.64,9.07,9.97,0.25,0.164,0.175,37.31,39.66,31.62,394.0,353.0,873.0,-0.9,-0.011,
670032,6.92,8.05,6.08,0.063,0.061,0.061,13.18,14.16,14.83,1518.0,1130.0,971.0,1.97,0.0,
670042,8.9,8.8,6.21,0.18,0.192,0.201,30.49,29.35,30.92,528.0,443.0,870.0,2.59,-0.009,Luke Raley
670097,13.22,8.28,12.53,0.088,0.106,0.156,25.99,33.1,30.98,227.0,145.0,439.0,-4.25,-0.05,
670156,11.54,7.25,6.42,0.059,0.04,0.052,16.67,18.12,19.79,234.0,138.0,187.0,0.83,-0.012,
670223,8.2,,5.92,0.12,,0.181,29.51,,34.91,122.0,,169.0,,,
670224,4.32,,7.95,0.163,,0.146,23.74,,40.4,139.0,,151.0,,,
670231,,,11.98,,,0.132,,,25.15,,,167.0,,,
670242,11.23,8.87,10.9,0.275,0.261,0.263,31.42,34.48,32.46,837.0,406.0,422.0,-2.03,-0.002,Matt Wallner
670351,,,9.04,,,0.189,,,25.99,,,177.0,,,
670541,11.16,11.8,12.83,0.24,0.28,0.268,19.23,19.97,21.11,1326.0,3009.0,1099.0,-1.03,0.012,Yordan Alvarez
670623,9.87,10.74,12.42,0.188,0.189,0.229,18.3,16.95,15.29,1246.0,950.0,1256.0,-1.68,-0.04,Isaac Paredes
670712,4.73,9.2,5.64,0.165,0.104,0.21,25.68,31.61,27.3,296.0,174.0,337.0,3.56,-0.106,
670764,11.38,10.28,11.68,0.134,0.07,0.093,25.7,24.8,25.36,782.0,496.0,1096.0,-1.4,-0.023,Taylor Walls
670768,11.11,12.41,8.39,0.11,0.136,0.094,18.89,24.09,23.23,180.0,137.0,155.0,4.02,0.042,
670770,8.71,9.72,10.79,0.17,0.167,0.14,15.47,16.87,16.61,1390.0,1049.0,927.0,-1.07,0.027,TJ Friedl
671056,9.09,10.32,9.71,0.152,0.167,0.167,21.02,19.12,21.04,352.0,659.0,309.0,0.61,0.0,Iván Herrera
671083,,,6.92,,,0.128,,,22.31,,,130.0,,,
671213,13.5,13.74,14.01,0.216,0.177,0.22,28.9,24.43,26.39,526.0,262.0,735.0,-0.27,-0.043,
671218,6.67,6.83,7.86,0.194,0.147,0.164,25.0,23.83,24.95,720.0,1112.0,509.0,-1.03,-0.017,Heliot Ramos
671221,6.91,,8.6,0.112,,0.143,32.73,,29.85,275.0,,593.0,,,
671277,4.34,4.95,4.77,0.121,0.135,0.165,15.15,16.12,17.19,944.0,1253.0,1216.0,0.18,-0.03,Luis García Jr.
671289,7.46,7.89,6.66,0.109,0.076,0.09,11.57,15.21,12.69,389.0,710.0,646.0,1.23,-0.014,Tyler Freeman
671732,7.89,9.3,6.63,0.2,0.203,0.198,28.5,24.3,29.24,393.0,1107.0,407.0,2.67,0.005,Lawrence Butler
671739,3.5,3.68,4.18,0.207,0.171,0.165,20.64,20.6,21.8,1342.0,1141.0,1124.0,-0.5,0.006,Michael Harris II
672016,,4.8,2.65,,0.104,0.14,,40.8,35.1,,125.0,151.0,2.15,-0.036,Denzel Clarke
672275,8.18,8.04,6.85,0.118,0.125,0.128,24.09,25.2,26.9,660.0,373.0,788.0,1.19,-0.003,Patrick Bailey
672279,7.22,6.59,,0.044,0.047,,28.89,27.8,,180.0,410.0,,,,
672284,7.68,9.05,9.33,0.143,0.179,0.166,32.96,28.19,29.44,716.0,486.0,1104.0,-0.28,0.013,
672356,7.45,5.17,6.35,0.142,0.112,0.149,34.31,31.03,34.35,376.0,232.0,882.0,-1.18,-0.037,
672386,11.39,9.07,9.77,0.123,0.156,0.121,10.11,11.37,11.56,1405.0,915.0,1116.0,-0.7,0.035,
672478,2.8,,6.99,0.097,,0.145,25.23,,24.63,107.0,,272.0,,,
672515,10.11,9.77,7.13,0.11,0.125,0.128,14.44,18.3,18.48,554.0,399.0,855.0,2.64,-0.003,Gabriel Moreno
672580,8.32,7.64,8.17,0.125,0.109,0.117,15.37,16.72,17.24,937.0,1609.0,783.0,-0.53,-0.008,Maikel Garcia
672640,6.78,6.19,7.3,0.108,0.139,0.095,13.86,18.1,14.43,678.0,420.0,603.0,-1.11,0.044,Otto Lopez
672695,11.23,11.18,12.72,0.109,0.124,0.132,16.51,15.04,16.16,1042.0,1888.0,755.0,-1.54,-0.008,Geraldo Perdomo
672724,7.72,6.8,6.31,0.107,0.079,0.081,24.71,34.47,24.25,259.0,206.0,301.0,0.49,-0.002,Oswald Peraza
672744,7.63,,4.85,0.108,,0.134,32.06,,42.42,131.0,,165.0,,,
672761,8.91,6.67,6.81,0.148,0.12,0.178,23.75,18.89,19.11,640.0,360.0,382.0,-0.14,-0.058,Wenceel Pérez
672779,7.83,4.12,5.51,0.12,0.065,0.111,16.27,20.59,20.08,166.0,170.0,254.0,-1.39,-0.046,
672820,3.17,4.89,1.88,0.129,0.203,0.133,26.0,20.69,21.18,600.0,348.0,746.0,3.01,0.07,Lenyn Sosa
673237,3.19,3.83,3.8,0.181,0.191,0.143,17.14,17.6,18.07,846.0,574.0,1212.0,0.03,0.048,Yainer Diaz
673357,5.99,5.39,5.64,0.168,0.204,0.233,25.67,25.36,28.22,1519.0,1597.0,886.0,-0.25,-0.029,Luis Robert Jr.
673490,11.66,10.32,9.23,0.158,0.142,0.12,18.13,17.89,20.05,1329.0,872.0,1127.0,1.09,0.022,
673548,10.97,9.19,10.16,0.2,0.186,0.221,25.88,25.13,21.96,1677.0,1751.0,856.0,-0.97,-0.035,Seiya Suzuki
673962,4.43,6.45,5.28,0.166,0.186,0.174,29.0,29.88,25.26,700.0,589.0,871.0,1.17,0.012,Josh Jung
675656,,0.97,5.88,,0.11,0.18,,31.07,27.94,,103.0,272.0,-4.91,-0.07,
675961,4.66,,,0.056,,,26.94,,,193.0,,,,,
676059,4.87,4.82,4.58,0.149,0.154,0.265,26.28,22.66,21.06,411.0,706.0,698.0,0.24,-0.111,
676116,13.65,12.6,16.89,0.1,0.17,0.159,36.18,33.74,33.96,293.0,246.0,586.0,-4.29,0.011,
676356,5.78,5.47,5.28,0.081,0.119,0.123,21.39,25.78,20.41,173.0,128.0,436.0,0.19,-0.004,Jonny DeLuca
676369,7.63,11.86,8.35,0.22,0.228,0.206,25.0,38.98,26.84,236.0,118.0,503.0,3.51,0.022,
676391,5.56,3.04,3.69,0.157,0.12,0.098,10.94,12.78,9.36,594.0,493.0,1004.0,-0.65,0.022,Ernie Clement
676475,7.32,5.49,6.13,0.165,0.139,0.166,13.38,12.77,13.13,942.0,893.0,914.0,-0.64,-0.027,Alec Burleson
676480,5.19,,7.41,0.16,,0.081,28.15,,39.51,135.0,,162.0,,,
676572,5.41,7.11,5.85,0.128,0.145,0.109,17.37,20.38,21.28,259.0,211.0,376.0,1.26,0.036,
676609,9.41,9.81,8.09,0.092,0.151,0.097,26.34,25.59,26.71,372.0,469.0,865.0,1.72,0.054,José Caballero
676632,7.89,,6.99,0.057,,0.068,27.63,,27.27,152.0,,143.0,,,
676694,7.63,6.68,6.56,0.129,0.143,0.126,23.21,21.58,24.65,616.0,584.0,1205.0,0.12,0.017,
676701,4.9,3.42,6.53,0.146,0.145,0.085,22.55,19.86,21.88,204.0,146.0,352.0,-3.11,0.06,
676801,8.96,7.52,10.61,0.134,0.164,0.179,25.57,28.02,27.99,614.0,771.0,886.0,-3.09,-0.015,
676914,9.89,13.81,12.13,0.219,0.225,0.185,30.49,26.9,29.75,364.0,420.0,511.0,1.68,0.04,Davis Schneider
676946,,,12.93,,,0.08,,,19.05,,,147.0,,,
677008,6.73,7.41,4.82,0.124,0.208,0.128,32.69,30.56,26.32,104.0,108.0,228.0,2.59,0.08,
677347,9.2,,,0.197,,,31.61,,,174.0,,,,,
677551,7.05,8.66,10.42,0.166,0.191,0.157,12.19,11.48,13.13,993.0,958.0,259.0,-1.76,0.034,
677587,6.99,8.23,7.26,0.072,0.119,0.128,19.89,20.5,22.0,372.0,644.0,441.0,0.97,-0.009,Brayan Rocchio
677588,6.58,7.84,8.63,0.064,0.099,0.108,26.97,28.76,19.22,152.0,153.0,255.0,-0.79,-0.009,José Tena
677592,,,9.59,,,0.092,,,41.78,,,146.0,,,Everson Pereira
677594,7.5,5.84,5.77,0.199,0.193,0.205,24.5,23.54,24.76,1800.0,2039.0,1143.0,0.07,-0.012,Julio Rodríguez
677595,5.3,5.75,9.8,0.105,0.166,0.138,32.58,29.89,31.37,132.0,174.0,153.0,-4.05,0.028,
677649,4.32,6.55,4.67,0.122,0.089,0.118,29.6,29.69,22.38,625.0,229.0,706.0,1.88,-0.029,Ezequiel Duran
677800,6.31,10.17,9.82,0.197,0.196,0.253,26.39,27.54,22.22,523.0,403.0,621.0,0.35,-0.057,Wilyer Abreu
677870,5.19,,7.45,0.098,,0.144,30.37,,29.19,135.0,,161.0,,,
677942,8.84,9.56,6.79,0.183,0.086,0.155,25.17,29.88,31.7,147.0,251.0,265.0,2.77,-0.069,Blaze Alexander
677950,5.22,5.1,4.67,0.155,0.114,0.139,23.91,21.64,19.85,460.0,647.0,942.0,0.43,-0.025,Alek Thomas
677951,5.99,6.93,6.09,0.197,0.213,0.238,17.49,18.27,16.91,1269.0,2945.0,1035.0,0.84,-0.025,Bobby Witt Jr.
678009,12.28,9.63,7.83,0.245,0.136,0.128,22.81,20.74,29.55,228.0,405.0,511.0,1.8,0.008,
678225,8.49,9.66,7.95,0.047,0.11,0.055,26.64,24.37,27.65,259.0,238.0,264.0,1.71,0.055,
678246,9.88,9.74,10.58,0.137,0.189,0.151,18.41,21.47,19.28,668.0,503.0,690.0,-0.84,0.038,Miguel Vargas
678554,3.93,7.5,7.44,0.081,0.131,0.054,23.57,17.5,22.65,280.0,160.0,309.0,0.06,0.077,Curtis Mead
678662,3.4,4.77,3.91,0.169,0.163,0.189,27.24,27.17,26.62,793.0,1049.0,1330.0,0.86,-0.026,Ezequiel Tovar
678877,8.5,,3.46,0.288,,0.18,29.0,,35.06,200.0,,231.0,,,
678882,4.9,3.08,4.51,0.174,0.151,0.11,20.22,24.2,25.32,633.0,909.0,466.0,-1.43,0.041,Ceddanne Rafaela
678894,3.05,,5.62,0.216,,0.156,25.19,,32.13,131.0,,249.0,,,
679032,4.64,4.28,5.71,0.099,0.079,0.085,24.23,19.24,20.0,388.0,608.0,140.0,-1.43,-0.006,
679529,10.39,9.8,8.8,0.207,0.193,0.151,26.13,22.62,26.34,1569.0,663.0,1397.0,1.0,0.042,Spencer Torkelson
679631,11.01,,,0.021,,,22.94,,,109.0,,,,,
679845,10.0,,9.48,0.081,,0.111,18.57,,12.93,140.0,,348.0,,,
680118,4.58,,8.23,0.137,,0.135,21.57,,25.54,153.0,,231.0,,,
680474,9.79,12.63,5.17,0.084,0.074,0.092,24.48,23.77,23.28,286.0,467.0,232.0,7.46,-0.018,
680574,8.93,8.85,7.57,0.128,0.199,0.166,28.72,28.07,31.25,773.0,791.0,304.0,1.28,0.033,Matt McLain
680700,12.28,15.34,12.56,0.174,0.088,0.084,17.11,22.16,16.82,228.0,176.0,446.0,2.78,0.004,Richie Palacios
680718,6.81,7.19,6.79,0.246,0.2,0.124,23.04,25.26,26.43,382.0,570.0,280.0,0.4,0.076,
680728,10.24,,4.27,0.167,,0.153,30.71,,37.61,127.0,,117.0,,,Adrian Del Castillo
680757,10.03,9.19,8.55,0.117,0.096,0.114,9.93,9.48,8.91,1964.0,1687.0,1111.0,0.64,-0.018,Steven Kwan
680776,7.5,6.26,9.38,0.202,0.17,0.211,23.8,24.76,23.88,1080.0,1902.0,917.0,-3.12,-0.041,Jarren Duran
680777,9.79,7.28,9.05,0.166,0.147,0.213,22.69,27.92,26.48,1256.0,659.0,1050.0,-1.77,-0.066,Ryan Jeffers
680779,8.18,8.33,7.96,0.095,0.082,0.125,29.56,23.53,28.72,318.0,204.0,578.0,0.37,-0.043,Henry Davis
680869,8.04,9.97,6.06,0.192,0.173,0.178,33.44,32.33,32.78,311.0,331.0,842.0,3.91,-0.005,
680911,5.23,6.22,5.0,0.096,0.112,0.097,23.97,20.1,20.44,363.0,418.0,680.0,1.22,0.015,
680977,9.62,7.85,9.58,0.124,0.127,0.137,16.04,12.83,11.61,1060.0,1668.0,939.0,-1.73,-0.01,Brendan Donovan
681082,8.43,7.06,7.3,0.13,0.135,0.106,16.31,17.12,16.65,1625.0,1034.0,973.0,-0.24,0.029,Bryson Stott
681146,7.55,11.05,11.48,0.098,0.087,0.088,21.15,19.19,21.6,331.0,172.0,514.0,-0.43,-0.001,
681297,8.98,8.2,8.87,0.164,0.205,0.187,31.8,32.99,31.69,412.0,488.0,710.0,-0.67,0.018,Colton Cowser
681351,4.21,5.47,6.54,0.198,0.228,0.176,28.94,32.48,28.6,546.0,311.0,979.0,-1.07,0.052,Logan O'Hoppe
681393,4.83,5.29,8.93,0.17,0.175,0.133,35.86,25.11,25.89,290.0,227.0,336.0,-3.64,0.042,Connor Norby
681460,6.07,,4.93,0.238,,0.106,27.53,,27.54,247.0,,345.0,,,
681481,6.6,4.53,5.54,0.281,0.23,0.194,24.32,20.91,27.04,1061.0,574.0,758.0,-1.01,0.036,Kerry Carpenter
681546,11.74,11.73,10.08,0.214,0.147,0.186,32.64,34.85,33.25,622.0,307.0,397.0,1.65,-0.039,
681584,6.45,,9.84,0.121,,0.228,36.77,,28.57,155.0,,315.0,,,
681624,5.23,5.63,5.92,0.147,0.189,0.191,23.83,23.0,20.33,554.0,426.0,777.0,-0.29,-0.002,Andy Pages
681715,7.91,,10.32,0.219,,0.164,32.37,,24.6,139.0,,252.0,,,Heriberto Hernández
681807,8.47,6.03,8.87,0.186,0.254,0.184,27.05,24.47,26.95,366.0,282.0,282.0,-2.84,0.07,
681987,4.44,,7.74,0.057,,0.143,32.59,,19.64,135.0,,168.0,,,
682073,,,12.78,,,0.052,,,33.08,,,133.0,,,
682177,8.18,7.88,12.39,0.11,0.127,0.175,29.55,30.71,26.58,220.0,368.0,444.0,-4.51,-0.048,Daniel Schneemann
682622,5.39,2.94,5.07,0.155,0.165,0.129,26.59,22.94,27.04,519.0,340.0,355.0,-2.13,0.036,
682626,8.94,10.45,7.18,0.176,0.206,0.213,26.12,23.87,25.9,425.0,641.0,529.0,3.27,-0.007,Francisco Alvarez
682641,5.36,6.51,5.88,0.103,0.075,0.121,13.93,13.95,10.96,280.0,215.0,374.0,0.63,-0.046,
682653,,,3.57,,,0.167,,,12.5,,,112.0,,,
682657,7.24,6.16,5.58,0.075,0.144,0.122,21.72,20.3,23.86,221.0,601.0,197.0,0.58,0.022,Angel Martínez
682663,7.03,4.91,7.59,0.15,0.18,0.28,20.37,20.19,12.03,427.0,530.0,158.0,-2.68,-0.1,Agustín Ramírez
682668,,5.92,,,0.157,,,15.13,,,152.0,,,,Luisangel Acuña
682829,9.0,8.8,10.57,0.186,0.177,0.23,31.24,30.73,26.19,1434.0,1318.0,653.0,-1.77,-0.053,Elly De La Cruz
682848,9.29,,5.8,0.119,,0.119,17.86,,24.15,140.0,,207.0,,,
682868,,,5.8,,,0.171,,,18.12,,,138.0,,,
682928,5.2,4.08,7.18,0.148,0.171,0.18,20.26,19.52,18.6,1308.0,1322.0,1253.0,-3.1,-0.009,CJ Abrams
682985,8.92,8.66,8.9,0.209,0.199,0.144,28.99,27.06,27.67,2063.0,739.0,1124.0,-0.24,0.055,Riley Greene
682988,,,6.47,,,0.071,,,40.29,,,139.0,,,
682998,8.89,9.93,11.44,0.219,0.23,0.25,21.49,21.45,18.26,754.0,2457.0,734.0,-1.51,-0.02,Corbin Carroll
683002,10.11,9.4,10.43,0.198,0.212,0.21,24.15,22.2,23.32,1147.0,1946.0,892.0,-1.03,0.002,Gunnar Henderson
683011,7.7,7.47,7.23,0.139,0.147,0.175,25.68,22.72,26.22,740.0,977.0,1396.0,0.24,-0.028,
683021,9.5,7.1,,0.052,0.039,,18.99,12.43,,179.0,169.0,,,,
683083,,,7.48,,,0.144,,,19.63,,,107.0,,,Nasim Nuñez
683146,8.4,6.91,8.25,0.125,0.172,0.145,26.84,21.66,25.17,488.0,217.0,715.0,-1.34,0.027,Brett Baty
683734,6.42,6.08,6.97,0.148,0.145,0.183,19.06,20.96,20.01,1527.0,1102.0,1994.0,-0.89,-0.038,
683737,10.55,9.44,9.9,0.195,0.277,0.207,27.82,23.44,25.81,550.0,964.0,616.0,-0.46,0.07,Michael Busch
683766,3.54,,7.41,0.124,,0.094,27.43,,16.67,113.0,,108.0,,,
686217,7.49,8.67,9.23,0.092,0.113,0.104,14.99,17.06,11.56,814.0,727.0,813.0,-0.56,0.009,Sal Frelick
686452,,,5.71,,,0.116,,,17.86,,,140.0,,,Drew Millas
686469,8.55,6.88,9.66,0.185,0.197,0.213,13.72,13.0,13.89,1064.0,1439.0,828.0,-2.78,-0.016,Vinnie Pasquantino
686527,8.26,,6.32,0.102,,0.166,23.97,,22.86,242.0,,538.0,,,Dominic Canzone
686554,,,6.67,,,0.105,,,29.52,,,105.0,,,
686555,17.58,12.5,9.13,0.191,0.171,0.079,22.66,21.77,21.92,256.0,248.0,219.0,3.37,0.092,Isaac Collins
686611,8.06,8.47,8.44,0.141,0.168,0.138,23.39,25.42,18.75,248.0,118.0,320.0,0.03,0.03,
686668,6.75,5.37,6.33,0.148,0.193,0.137,29.76,30.61,27.16,578.0,820.0,1248.0,-0.96,0.056,Brenton Doyle
686676,6.01,2.83,5.1,0.163,0.107,0.141,29.51,32.08,29.8,183.0,106.0,510.0,-2.27,-0.034,
686681,4.33,4.27,4.1,0.185,0.138,0.14,18.17,20.1,18.02,578.0,398.0,927.0,0.17,-0.002,Michael Massey
686765,,,7.04,,,0.039,,,26.63,,,199.0,,,
686780,6.34,,4.35,0.154,,0.125,26.06,,28.34,142.0,,667.0,,,Pedro Pagés
686797,4.01,10.59,6.23,0.119,0.061,0.125,16.97,14.12,18.43,548.0,170.0,369.0,4.36,-0.064,Brooks Lee
686823,2.84,4.69,4.2,0.126,0.06,0.101,12.41,15.1,13.15,282.0,192.0,715.0,0.49,-0.041,
686894,8.07,7.11,5.44,0.122,0.158,0.162,29.81,28.66,37.41,161.0,506.0,147.0,1.67,-0.004,Joey Wiemer
686948,9.47,7.02,8.8,0.199,0.255,0.163,12.53,14.91,18.0,359.0,114.0,250.0,-1.78,0.092,Drake Baldwin
687093,8.53,5.81,5.51,0.139,0.126,0.023,17.05,22.09,19.49,129.0,172.0,236.0,0.3,0.103,Vaughn Grissom
687221,,8.73,,,0.109,,,39.68,,,126.0,,,,Dalton Rushing
687231,,4.0,12.08,,0.109,0.066,,18.0,15.09,,100.0,265.0,-8.08,0.043,Darell Hernaiz
687263,6.22,5.7,6.91,0.176,0.199,0.209,26.75,25.64,22.94,643.0,1334.0,680.0,-1.21,-0.01,Zach Neto
687363,8.45,6.45,9.52,0.085,0.093,0.094,27.41,23.71,25.6,343.0,620.0,168.0,-3.07,-0.001,Victor Scott II
687401,7.99,7.78,8.42,0.1,0.124,0.154,19.04,16.98,16.58,751.0,630.0,392.0,-0.64,-0.03,Joey Ortiz
687462,11.82,10.56,10.85,0.184,0.156,0.142,15.91,17.59,20.64,440.0,540.0,562.0,-0.29,0.014,Spencer Horwitz
687529,4.81,,,0.258,,,41.35,,,104.0,,,,,
687597,6.19,4.82,7.12,0.128,0.143,0.168,27.43,30.59,32.03,226.0,353.0,590.0,-2.3,-0.025,Jordan Beck
687799,,,15.18,,,0.2,,,28.57,,,112.0,,,
687952,3.76,4.0,4.45,0.203,0.106,0.169,25.06,32.0,29.97,399.0,100.0,337.0,-0.45,-0.063,
688363,8.4,,12.5,0.198,,0.092,25.21,,21.43,119.0,,112.0,,,Graham Pauley
689172,6.46,5.16,6.67,0.088,0.111,0.101,25.23,27.7,24.1,325.0,213.0,195.0,-1.51,0.01,
689414,13.24,,8.94,0.091,,0.093,10.29,,18.72,272.0,,235.0,,,Liam Hicks
690022,,5.04,,,0.112,,,28.42,,,278.0,,,,
690291,,,17.99,,,0.009,,,28.78,,,139.0,,,
690924,,,5.31,,,0.147,,,23.01,,,113.0,,,
690987,0.75,,7.63,0.06,,0.064,26.12,,33.05,134.0,,118.0,,,
690993,7.89,7.18,6.27,0.119,0.173,0.144,20.97,22.77,18.32,596.0,571.0,606.0,0.91,0.029,Colt Keith
691016,8.66,8.69,7.35,0.161,0.186,0.169,24.75,27.05,23.42,404.0,610.0,585.0,1.34,0.017,Tyler Soderstrom
691019,13.01,15.65,10.93,0.195,0.062,0.135,25.61,27.83,24.59,246.0,115.0,183.0,4.72,-0.073,
691023,6.74,6.55,8.18,0.146,0.156,0.144,26.51,20.83,26.29,430.0,168.0,856.0,-1.63,0.012,Jordan Walker
691026,6.14,6.4,6.18,0.098,0.14,0.128,19.71,16.35,17.91,619.0,1297.0,469.0,0.22,0.012,Masyn Winn
691176,13.16,9.22,9.56,0.104,0.247,0.164,26.32,25.73,28.68,190.0,206.0,408.0,-0.34,0.083,
691182,,7.26,,,0.115,,,16.13,,,124.0,,,,
691406,6.74,6.84,5.93,0.301,0.238,0.213,19.85,19.73,19.55,519.0,512.0,573.0,0.91,0.025,Junior Caminero
691594,6.12,3.09,5.26,0.079,0.158,0.143,10.79,11.73,12.28,278.0,162.0,114.0,-2.17,0.015,Javier Sanoja
691718,5.37,4.83,4.3,0.196,0.22,0.214,22.65,25.48,23.06,596.0,518.0,581.0,0.53,0.006,Pete Crow-Armstrong
691720,,,7.63,,,0.059,,,30.53,,,131.0,,,Kyle Karros
691723,,,7.77,,,0.152,,,28.98,,,283.0,,,Coby Mayo
691777,,5.88,4.83,,0.183,0.11,,26.47,33.1,,102.0,145.0,1.05,0.073,Max Muncy
691781,,3.25,3.74,,0.11,0.059,,22.73,28.97,,154.0,214.0,-0.49,0.051,Brady House
692216,,,8.51,,,0.201,,,28.72,,,188.0,,,
692225,9.22,,15.74,0.094,,0.148,25.81,,25.93,217.0,,108.0,,,
692585,,,6.62,,,0.079,,,32.35,,,136.0,,,
693049,7.63,,5.62,0.06,,0.086,24.43,,27.53,131.0,,178.0,,,
693304,4.79,4.05,5.31,0.131,0.121,0.108,17.16,21.17,20.56,606.0,222.0,715.0,-1.26,0.013,Nick Gonzales
693307,3.96,,5.82,0.128,,0.178,26.4,,22.09,303.0,,498.0,,,Dillon Dingler
694192,4.67,6.72,7.08,0.195,0.203,0.182,22.08,20.15,18.72,942.0,804.0,438.0,-0.36,0.021,
694212,,,2.88,,,0.141,,,24.04,,,104.0,,,Samuel Basallo
694374,,6.48,10.29,,0.22,0.093,,25.93,23.53,,108.0,136.0,-3.81,0.127,Tim Tawa
694377,,,2.0,,,0.102,,,20.0,,,100.0,,,Nick Yorke
694384,13.95,9.99,9.78,0.092,0.129,0.114,14.5,14.76,14.81,731.0,881.0,736.0,0.21,0.015,Nolan Schanuel
694388,5.52,2.74,4.97,0.153,0.102,0.158,28.83,38.81,32.6,163.0,219.0,181.0,-2.23,-0.056,Joey Loperfido
694497,8.56,9.45,10.98,0.175,0.272,0.152,21.79,26.87,20.43,257.0,201.0,328.0,-1.53,0.12,Evan Carter
694671,13.27,10.93,10.15,0.173,0.175,0.18,21.58,27.08,22.87,505.0,613.0,975.0,0.78,-0.005,Wyatt Langford
695238,,5.93,11.48,,0.056,0.083,,17.04,23.77,,135.0,122.0,-5.55,-0.027,
695336,6.73,,7.46,0.072,,0.088,26.92,,31.49,104.0,,362.0,,,Thomas Saggese
695391,,,12.08,,,0.039,,,23.49,,,149.0,,,
695506,,,7.57,,,0.155,,,24.32,,,185.0,,,Jac Caglianone
695578,13.34,11.98,10.25,0.232,0.195,0.172,31.85,31.63,29.61,697.0,743.0,439.0,1.73,0.023,James Wood
695657,6.32,10.61,10.19,0.301,0.263,0.287,25.79,34.09,30.1,190.0,132.0,206.0,0.42,-0.024,Colson Montgomery
695681,,,8.13,,,0.099,,,39.02,,,123.0,,,
695734,6.78,,4.3,0.243,,0.162,15.68,,14.45,236.0,,256.0,,,Daylen Lile
696030,13.82,,10.29,0.029,,0.108,18.7,,22.06,123.0,,136.0,,,
696100,5.43,4.9,6.15,0.212,0.188,0.231,26.86,27.45,27.61,350.0,306.0,699.0,-1.25,-0.043,Hunter Goodman
696285,6.11,8.12,4.61,0.069,0.057,0.092,17.91,16.42,20.92,966.0,542.0,282.0,3.51,-0.035,Jacob Young
700242,8.39,,7.02,0.078,,0.114,27.97,,27.42,143.0,,299.0,,,
700250,9.67,9.62,9.12,0.23,0.211,0.244,20.72,21.07,21.53,362.0,655.0,274.0,0.5,-0.033,Ben Rice
700337,7.98,7.53,7.36,0.071,0.09,0.111,16.87,17.81,16.45,326.0,146.0,231.0,0.17,-0.021,Edgar Quero
700932,10.18,6.47,8.86,0.235,0.204,0.221,25.96,21.98,24.19,285.0,232.0,587.0,-2.39,-0.017,Kyle Manzardo
701305,,,3.79,,,0.126,,,38.64,,,132.0,,,
701350,14.74,12.35,10.61,0.146,0.192,0.121,24.74,29.63,30.3,190.0,243.0,132.0,1.74,0.071,Roman Anthony
701358,13.82,8.81,5.39,0.205,0.128,0.09,24.34,26.44,31.86,152.0,329.0,204.0,3.42,0.038,Cam Smith
701538,5.21,5.68,6.52,0.199,0.184,0.232,19.4,19.87,20.55,1036.0,458.0,399.0,-0.84,-0.048,Jackson Merrill
701762,12.39,13.81,10.67,0.326,0.345,0.278,27.52,30.71,37.64,218.0,420.0,178.0,3.14,0.067,Nick Kurtz
702176,,5.71,,,0.13,,,18.1,,,105.0,,,,
702284,12.13,,,0.115,,,17.05,,,305.0,,,,,Cole Young
702332,2.58,4.84,5.91,0.169,0.179,0.118,8.49,8.87,11.33,271.0,124.0,406.0,-1.07,0.061,Caleb Durbin
702358,,,6.45,,,0.024,,,17.74,,,186.0,,,
702616,8.03,8.33,6.27,0.095,0.135,0.125,22.51,25.95,26.7,573.0,528.0,367.0,2.06,0.01,
802415,6.49,3.22,6.2,0.058,0.065,0.025,6.87,11.14,9.3,262.0,404.0,129.0,-2.98,0.04,Chandler Simpson
805249,6.25,,,0.226,,,30.11,,,176.0,,,,,
805300,10.04,10.74,,0.171,0.16,,20.92,20.66,,239.0,121.0,,,,Jakob Marsee
805367,10.0,8.35,7.47,0.023,0.076,0.062,9.2,15.82,20.11,250.0,455.0,174.0,0.88,0.014,Chase Meidroth
805373,1.98,,6.13,0.054,,0.058,22.77,,27.83,101.0,,212.0,,,
805779,6.41,6.21,5.31,0.17,0.121,0.127,9.62,9.47,6.12,156.0,676.0,245.0,0.9,-0.006,Jacob Wilson
807712,9.67,,,0.118,,,13.0,,,300.0,,,,,Luke Keaschall
807713,7.73,10.0,6.15,0.169,0.214,0.119,15.45,20.3,26.92,220.0,330.0,130.0,3.85,0.095,Matt Shaw
807799,6.56,5.09,6.98,0.126,0.146,0.152,12.51,9.22,14.85,839.0,629.0,559.0,-1.89,-0.006,Masataka Yoshida
808975,,4.49,,,0.137,,,25.64,,,156.0,,,,Hyeseong Kim
808982,8.08,7.89,6.74,0.133,0.145,0.108,10.82,10.53,10.85,693.0,304.0,341.0,1.15,0.037,Jung Hoo Lee
810938,1.9,,8.28,0.059,,0.084,22.38,,17.16,210.0,,169.0,,,Ben Williamson
