mlbam_id,player_name,player_type,live_blend_xfp,ci_lower,ci_upper,fitted_split_day,live_split_day,n_features_used,confidence_tier
543135,"Eovaldi, Nathan",SP,9.8467,4.0264,14.2761,93,79,19,HIGH
547179,"Lorenzen, Michael",SP,6.2251,-1.7774,11.042,93,79,19,HIGH
605488,"Springs, Jeffrey",SP,13.1362,7.2784,18.1906,93,79,19,HIGH
607259,"Martinez, Nick",SP,11.6343,6.2505,16.8603,93,79,19,HIGH
608372,"Sugano, Tomoyuki",SP,8.7819,1.5693,13.3442,93,79,19,HIGH
621111,"Buehler, Walker",SP,9.632,1.7648,14.0043,93,79,19,HIGH
642547,"Peralta, Freddy",SP,12.9525,6.2687,17.5619,93,79,19,HIGH
650911,"Sánchez, Cristopher",SP,11.7935,5.9719,16.7531,93,79,19,HIGH
657277,"Webb, Logan",SP,7.7697,-0.8809,12.2761,93,79,19,MED
668678,"Gallen, Zac",SP,5.1986,-2.0498,9.8118,93,79,19,HIGH
669022,"Gore, MacKenzie",SP,10.2135,3.1093,15.0038,93,79,19,HIGH
669160,"May, Dustin",SP,6.2918,-3.2209,12.3364,93,79,19,HIGH
669194,"Nelson, Ryne",SP,7.1602,1.0493,12.9108,93,79,19,HIGH
669432,"Rogers, Trevor",SP,13.428,7.7275,18.6996,93,79,19,HIGH
671096,"Abbott, Andrew",SP,5.8442,-0.1277,10.6786,93,79,19,HIGH
671737,"Bradley, Taj",SP,10.3281,4.051,14.7286,93,79,19,HIGH
676106,"Hancock, Emerson",SP,13.2355,4.4531,18.1652,93,79,19,HIGH
676974,"Meyer, Max",SP,13.4041,5.8306,18.4473,93,79,19,HIGH
684007,"Imanaga, Shota",SP,13.0378,7.2637,18.5048,93,79,19,HIGH
686218,"Sheehan, Emmet",SP,10.8387,3.6401,17.3423,93,79,19,HIGH
690986,"Harrison, Kyle",SP,14.0057,3.171,19.5368,93,79,19,HIGH
693821,"Elder, Bryce",SP,9.2128,-0.5221,15.1985,93,79,19,HIGH
694973,"Skenes, Paul",SP,12.6553,2.8254,17.6952,93,79,19,HIGH
695505,"Burns, Chase",SP,15.1687,7.9258,19.9857,93,79,19,HIGH
700241,"McGreevy, Michael",SP,6.6132,-2.0204,12.5987,93,79,19,HIGH
701542,"Warren, Will",SP,13.408,5.6637,18.9615,93,79,19,HIGH
813349,"Early, Connelly",SP,6.266,-1.5906,10.8172,93,79,19,HIGH
500743,Miguel Rojas,H,0.5165,0.3895,0.6327,93,79,19,MED
502671,Paul Goldschmidt,H,0.6425,0.4944,0.7998,93,79,19,MED
514888,Jose Altuve,H,0.3614,0.2245,0.5125,93,79,19,HIGH
518692,Freddie Freeman,H,0.6597,0.4939,0.8097,93,79,19,HIGH
521692,Salvador Perez,H,0.3795,0.2139,0.5348,93,79,19,HIGH
543309,Kyle Higashioka,H,0.3659,0.2067,0.5089,93,79,19,MED
543760,Marcus Semien,H,0.3942,0.2399,0.5794,93,79,19,HIGH
543807,George Springer,H,0.4207,0.2454,0.5823,93,79,19,HIGH
543877,Christian Vázquez,H,0.3392,0.1746,0.4796,93,79,19,MED
545121,Ildemaro Vargas,H,0.5611,0.423,0.7061,93,79,19,HIGH
545361,Mike Trout,H,0.6242,0.4464,0.7605,93,79,19,HIGH
547180,Bryce Harper,H,0.6498,0.4854,0.8068,93,79,19,HIGH
553993,Eugenio Suárez,H,0.2941,0.0724,0.4447,93,79,19,MED
571448,Nolan Arenado,H,0.4234,0.2521,0.5804,93,79,19,HIGH
571970,Max Muncy,H,0.6092,0.4753,0.7569,93,79,19,HIGH
572233,Christian Walker,H,0.5192,0.3359,0.6177,93,79,19,HIGH
573262,Mike Yastrzemski,H,0.2941,0.1062,0.4286,93,79,19,MED
575929,Willson Contreras,H,0.6357,0.4523,0.7687,93,79,19,HIGH
592518,Manny Machado,H,0.4411,0.2776,0.6173,93,79,19,HIGH
592626,Joc Pederson,H,0.5322,0.3808,0.7246,93,79,19,HIGH
592663,J.T. Realmuto,H,0.4538,0.2903,0.6094,93,79,19,MED
593428,Xander Bogaerts,H,0.396,0.2155,0.5698,93,79,19,HIGH
596142,Gary Sánchez,H,0.6022,0.443,0.7714,93,79,19,MED
605137,Josh Bell,H,0.4141,0.2306,0.5616,93,79,19,HIGH
605141,Mookie Betts,H,0.593,0.4271,0.7492,93,79,19,MED
605170,Victor Caratini,H,0.4735,0.3098,0.6739,93,79,19,MED
606466,Ketel Marte,H,0.5695,0.4062,0.7476,93,79,19,HIGH
607043,Brandon Nimmo,H,0.4872,0.3199,0.6644,93,79,19,HIGH
607208,Trea Turner,H,0.2955,0.1381,0.4719,93,79,19,HIGH
608324,Alex Bregman,H,0.4298,0.2753,0.586,93,79,19,HIGH
608348,Carson Kelly,H,0.4582,0.2787,0.6018,93,79,19,MED
620443,Luis Torrens,H,0.2699,0.1212,0.4115,93,79,19,MED
621020,Dansby Swanson,H,0.2326,0.0786,0.3666,93,79,19,HIGH
621439,Byron Buxton,H,0.6303,0.4669,0.777,93,79,19,HIGH
621493,Taylor Ward,H,0.4361,0.2795,0.5793,93,79,19,HIGH
621566,Matt Olson,H,0.6396,0.4956,0.774,93,79,19,HIGH
622761,Jorge Mateo,H,0.4943,0.3261,0.6359,93,79,19,LOW
624413,Pete Alonso,H,0.589,0.4176,0.752,93,79,19,HIGH
624424,Michael Conforto,H,0.3375,0.1931,0.488,93,79,19,MED
624641,Edmundo Sosa,H,0.4569,0.2974,0.5917,93,79,19,MED
641355,Cody Bellinger,H,0.6407,0.4566,0.7683,93,79,19,HIGH
641680,Jonah Heim,H,0.5925,0.4292,0.765,93,79,19,LOW
642086,Dominic Smith,H,0.589,0.4324,0.7669,93,79,19,MED
642708,Amed Rosario,H,0.5727,0.3869,0.714,93,79,19,MED
642715,Willy Adames,H,0.367,0.2233,0.5082,93,79,19,HIGH
643217,Andrew Benintendi,H,0.323,0.1633,0.4872,93,79,19,HIGH
643289,Mauricio Dubón,H,0.5243,0.3461,0.6742,93,79,19,HIGH
643396,Isiah Kiner-Falefa,H,0.4331,0.213,0.5736,93,79,19,MED
643446,Jeff McNeil,H,0.4789,0.3226,0.6528,93,79,19,HIGH
645277,Ozzie Albies,H,0.5629,0.3982,0.7205,93,79,19,HIGH
646240,Rafael Devers,H,0.325,0.1255,0.5265,93,79,19,HIGH
647304,Josh Naylor,H,0.4903,0.2924,0.6249,93,79,19,HIGH
650333,Luis Arraez,H,0.5844,0.4009,0.7766,93,79,19,HIGH
650402,Gleyber Torres,H,0.4373,0.2829,0.586,93,79,19,MED
650489,Willi Castro,H,0.3239,0.1869,0.4502,93,79,19,HIGH
650490,Yandy Díaz,H,0.6976,0.5725,0.8424,93,79,19,HIGH
650859,Luis Rengifo,H,0.3729,0.2133,0.5299,93,79,19,HIGH
655316,Andruw Monasterio,H,0.3595,0.1968,0.4995,93,79,19,MED
656305,Matt Chapman,H,0.3833,0.2137,0.5755,93,79,19,HIGH
656484,Tristan Gray,H,0.3237,0.1349,0.4717,93,79,19,MED
656716,Zach McKinstry,H,0.2755,0.0863,0.4396,93,79,19,MED
656775,Cedric Mullins,H,0.3803,0.2094,0.5065,93,79,19,HIGH
656811,Ryan O'Hearn,H,0.4699,0.3116,0.6052,93,79,19,HIGH
656941,Kyle Schwarber,H,0.5867,0.4142,0.7358,93,79,19,HIGH
657041,Lane Thomas,H,0.3692,0.2033,0.5071,93,79,19,MED
657757,Gavin Sheets,H,0.566,0.4014,0.7156,93,79,19,HIGH
660271,Shohei Ohtani,H,0.6237,0.461,0.7687,93,79,19,HIGH
660688,Keibert Ruiz,H,0.5308,0.2612,0.6739,93,79,19,MED
660821,Jesús Sánchez,H,0.5232,0.3862,0.7236,93,79,19,HIGH
661388,William Contreras,H,0.5157,0.3784,0.6806,93,79,19,HIGH
663538,Nico Hoerner,H,0.5517,0.33,0.7006,93,79,19,HIGH
663586,Austin Riley,H,0.2977,0.099,0.4741,93,79,19,HIGH
663616,Trevor Larnach,H,0.3489,0.1975,0.4998,93,79,19,HIGH
663656,Kyle Tucker,H,0.4411,0.2869,0.6331,93,79,19,HIGH
663743,Nick Fortes,H,0.4267,0.2433,0.619,93,79,19,MED
663886,Tyler Stephenson,H,0.3399,0.1639,0.5297,93,79,19,MED
663968,Jake Mangum,H,0.3601,0.2087,0.5172,93,79,19,MED
663993,Nathaniel Lowe,H,0.6117,0.4416,0.747,93,79,19,MED
664023,Ian Happ,H,0.4174,0.2805,0.6002,93,79,19,HIGH
664034,Ty France,H,0.4182,0.2524,0.5489,93,79,19,MED
664040,Brandon Lowe,H,0.4905,0.3195,0.6664,93,79,19,HIGH
664702,Myles Straw,H,0.4259,0.2373,0.5983,93,79,19,MED
664761,Alec Bohm,H,0.4749,0.3483,0.6486,93,79,19,HIGH
664770,Nathan Lukes,H,0.4111,0.185,0.5541,93,79,19,MED
664954,Brett Sullivan,H,0.4142,0.2317,0.5596,93,79,19,MED
664983,Jake McCarthy,H,0.4503,0.304,0.6209,93,79,19,MED
665019,Kody Clemens,H,0.5289,0.3266,0.6449,93,79,19,HIGH
665161,Jeremy Peña,H,0.5095,0.3383,0.6497,93,79,19,MED
665487,Fernando Tatis Jr.,H,0.3316,0.1478,0.4542,93,79,19,HIGH
665742,Juan Soto,H,0.7445,0.5789,0.8872,93,79,19,HIGH
665750,Leody Taveras,H,0.377,0.1977,0.569,93,79,19,HIGH
665862,Jazz Chisholm Jr.,H,0.2901,0.0637,0.4057,93,79,19,HIGH
665877,José Fermín,H,0.3495,0.1667,0.5417,93,79,19,MED
665966,Carlos Narváez,H,0.1969,0.0339,0.3268,93,79,19,MED
666018,Jonathan Aranda,H,0.5809,0.4216,0.7534,93,79,19,HIGH
666126,Carlos Cortes,H,0.6117,0.4183,0.7769,93,79,19,MED
666152,David Hamilton,H,0.2808,0.1321,0.4442,93,79,19,MED
666176,Jo Adell,H,0.5175,0.3295,0.6548,93,79,19,HIGH
666181,Will Benson,H,0.2525,0.0921,0.4215,93,79,19,MED
666182,Bo Bichette,H,0.4945,0.3145,0.64,93,79,19,HIGH
666397,Edouard Julien,H,0.3399,0.1895,0.5099,93,79,19,MED
666971,Lourdes Gurriel Jr.,H,0.3097,0.1098,0.4509,93,79,19,MED
668709,JJ Bleday,H,0.7688,0.6122,0.9255,93,79,19,MED
668715,Spencer Steer,H,0.5327,0.3129,0.6639,93,79,19,HIGH
668723,Ryan Vilade,H,0.5903,0.4107,0.7351,93,79,19,MED
668804,Bryan Reynolds,H,0.5487,0.3803,0.6884,93,79,19,HIGH
668885,Austin Martin,H,0.3888,0.2254,0.523,93,79,19,HIGH
668901,Mark Vientos,H,0.4142,0.221,0.5581,93,79,19,HIGH
668904,Royce Lewis,H,0.3067,0.1576,0.4844,93,79,19,MED
668939,Adley Rutschman,H,0.652,0.477,0.7925,93,79,19,HIGH
669003,Garrett Mitchell,H,0.285,0.1006,0.4175,93,79,19,HIGH
669004,MJ Melendez,H,0.265,0.0939,0.4283,93,79,19,MED
669016,Brandon Marsh,H,0.4813,0.3183,0.6304,93,79,19,HIGH
669065,Kyle Stowers,H,0.2565,0.0958,0.4122,93,79,19,HIGH
669127,Shea Langeliers,H,0.6709,0.5247,0.844,93,79,19,HIGH
669236,Jeremiah Jackson,H,0.4224,0.2734,0.5733,93,79,19,MED
669364,Xavier Edwards,H,0.5357,0.3982,0.7326,93,79,19,HIGH
669394,Jake Burger,H,0.3743,0.212,0.564,93,79,19,HIGH
669477,Casey Schmitt,H,0.6208,0.4534,0.7827,93,79,19,HIGH
669701,Josh Smith,H,0.2785,0.1069,0.4243,93,79,19,MED
669707,Jared Triolo,H,0.1477,-0.028,0.3262,93,79,19,MED
669743,Alex Call,H,0.3702,0.1385,0.534,93,79,19,MED
670042,Luke Raley,H,0.4984,0.3406,0.6954,93,79,19,HIGH
670541,Yordan Alvarez,H,0.7337,0.5746,0.9082,93,79,19,HIGH
670623,Isaac Paredes,H,0.5441,0.3823,0.6948,93,79,19,HIGH
670764,Taylor Walls,H,0.1746,-0.0274,0.3129,93,79,19,MED
671056,Iván Herrera,H,0.5946,0.4316,0.7451,93,79,19,HIGH
671277,Luis García Jr.,H,0.5431,0.3754,0.6961,93,79,19,HIGH
671289,Tyler Freeman,H,0.5727,0.3978,0.7108,93,79,19,MED
671732,Lawrence Butler,H,0.3092,0.1203,0.4484,93,79,19,MED
671739,Michael Harris II,H,0.6064,0.4536,0.7442,93,79,19,HIGH
671976,Tristan Peters,H,0.4106,0.2527,0.5667,93,79,19,MED
672515,Gabriel Moreno,H,0.5331,0.3814,0.7103,93,79,19,MED
672580,Maikel Garcia,H,0.4559,0.3187,0.6185,93,79,19,HIGH
672640,Otto Lopez,H,0.4871,0.3145,0.6293,93,79,19,HIGH
672695,Geraldo Perdomo,H,0.5304,0.3315,0.6701,93,79,19,HIGH
672724,Oswald Peraza,H,0.414,0.2973,0.5897,93,79,19,HIGH
672960,Kazuma Okamoto,H,0.3605,0.196,0.5001,93,79,19,HIGH
673548,Seiya Suzuki,H,0.4411,0.2834,0.5814,93,79,19,HIGH
673962,Josh Jung,H,0.5868,0.3755,0.7575,93,79,19,HIGH
676391,Ernie Clement,H,0.5286,0.3705,0.6919,93,79,19,HIGH
676475,Alec Burleson,H,0.6339,0.4606,0.7893,93,79,19,HIGH
676609,José Caballero,H,0.4212,0.2488,0.5693,93,79,19,HIGH
676694,Jake Meyers,H,0.3229,0.1929,0.4576,93,79,19,MED
677594,Julio Rodríguez,H,0.5157,0.2934,0.6924,93,79,19,HIGH
677649,Ezequiel Duran,H,0.3312,0.1402,0.4961,93,79,19,HIGH
677800,Wilyer Abreu,H,0.4948,0.319,0.6347,93,79,19,HIGH
677942,Blaze Alexander,H,0.4595,0.2961,0.6445,93,79,19,MED
677951,Bobby Witt Jr.,H,0.5701,0.4021,0.7155,93,79,19,HIGH
678246,Miguel Vargas,H,0.7402,0.565,0.8857,93,79,19,HIGH
678391,Jorbit Vivas,H,0.4475,0.3302,0.5895,93,79,19,MED
678489,Jorge Barrosa,H,0.0851,-0.0984,0.2268,93,79,19,MED
678554,Curtis Mead,H,0.6474,0.4837,0.8201,93,79,19,HIGH
678662,Ezequiel Tovar,H,0.2739,0.1206,0.4109,93,79,19,HIGH
678882,Ceddanne Rafaela,H,0.447,0.2894,0.5816,93,79,19,HIGH
679529,Spencer Torkelson,H,0.3702,0.1841,0.5189,93,79,19,HIGH
679845,Nick Loftin,H,0.5082,0.325,0.6473,93,79,19,MED
680574,Matt McLain,H,0.4321,0.2572,0.5692,93,79,19,HIGH
680700,Richie Palacios,H,0.3057,0.1463,0.4832,93,79,19,MED
680776,Jarren Duran,H,0.3012,0.1104,0.438,93,79,19,HIGH
680779,Henry Davis,H,0.3612,0.1414,0.512,93,79,19,MED
680869,Zack Gelof,H,0.4113,0.2658,0.5374,93,79,19,MED
681082,Bryson Stott,H,0.4245,0.2748,0.5588,93,79,19,HIGH
681198,TJ Rumfield,H,0.584,0.4344,0.7761,93,79,19,HIGH
681297,Colton Cowser,H,0.3588,0.2073,0.5557,93,79,19,MED
681351,Logan O'Hoppe,H,0.2693,0.0877,0.4343,93,79,19,MED
681393,Connor Norby,H,0.2615,0.1098,0.426,93,79,19,HIGH
681481,Kerry Carpenter,H,0.4342,0.2663,0.563,93,79,19,MED
681624,Andy Pages,H,0.5856,0.4209,0.7248,93,79,19,HIGH
681715,Heriberto Hernández,H,0.4118,0.2389,0.5968,93,79,19,MED
682626,Francisco Alvarez,H,0.4197,0.2007,0.5543,93,79,19,MED
682818,Yohendrick Piñango,H,0.4801,0.321,0.6631,93,79,19,MED
682928,CJ Abrams,H,0.5732,0.4021,0.7157,93,79,19,HIGH
682985,Riley Greene,H,0.4052,0.2274,0.5579,93,79,19,HIGH
682998,Corbin Carroll,H,0.5661,0.426,0.7,93,79,19,HIGH
683002,Gunnar Henderson,H,0.439,0.261,0.5736,93,79,19,HIGH
683083,Nasim Nuñez,H,0.2203,0.0222,0.3843,93,79,19,HIGH
683146,Brett Baty,H,0.231,0.0803,0.3923,93,79,19,HIGH
683357,Owen Caissie,H,0.2295,0.0687,0.3942,93,79,19,MED
683734,Andrew Vaughn,H,0.6488,0.4967,0.8492,93,79,19,MED
683737,Michael Busch,H,0.471,0.3077,0.6136,93,79,19,HIGH
686527,Dominic Canzone,H,0.6544,0.5002,0.8515,93,79,19,MED
686555,Isaac Collins,H,0.29,0.1242,0.4253,93,79,19,HIGH
686681,Michael Massey,H,0.4434,0.174,0.5804,93,79,19,MED
686797,Brooks Lee,H,0.4971,0.3492,0.6315,93,79,19,HIGH
687221,Dalton Rushing,H,0.5887,0.4039,0.7627,93,79,19,MED
687263,Zach Neto,H,0.3244,0.1364,0.459,93,79,19,HIGH
687401,Joey Ortiz,H,0.3297,0.1068,0.5193,93,79,19,MED
687462,Spencer Horwitz,H,0.5483,0.3855,0.6837,93,79,19,HIGH
687551,Drew Gilbert,H,0.3261,0.1546,0.4914,93,79,19,MED
687859,Troy Johnston,H,0.4698,0.2703,0.6333,93,79,19,HIGH
689414,Liam Hicks,H,0.674,0.5113,0.8498,93,79,19,HIGH
690976,Alex Freeland,H,0.2732,0.1022,0.4387,93,79,19,MED
690993,Colt Keith,H,0.4512,0.2669,0.6079,93,79,19,HIGH
691016,Tyler Soderstrom,H,0.5626,0.3688,0.7103,93,79,19,HIGH
691023,Jordan Walker,H,0.6103,0.4613,0.7631,93,79,19,HIGH
691026,Masyn Winn,H,0.3378,0.1939,0.4867,93,79,19,HIGH
691406,Junior Caminero,H,0.612,0.4193,0.746,93,79,19,HIGH
691594,Javier Sanoja,H,0.4118,0.2577,0.5579,93,79,19,MED
691718,Pete Crow-Armstrong,H,0.5638,0.4137,0.7501,93,79,19,HIGH
691720,Kyle Karros,H,0.4081,0.1984,0.5507,93,79,19,HIGH
691723,Coby Mayo,H,0.3126,0.0817,0.4387,93,79,19,MED
691777,Max Muncy,H,0.2983,0.1386,0.4387,93,79,19,MED
691785,Marcelo Mayer,H,0.3154,0.1546,0.4596,93,79,19,MED
691788,Joe Mack,H,0.3016,0.1103,0.4175,93,79,19,MED
693304,Nick Gonzales,H,0.4142,0.2307,0.5884,93,79,19,HIGH
693307,Dillon Dingler,H,0.7286,0.5771,0.9175,93,79,19,HIGH
694192,Jackson Chourio,H,0.6002,0.4559,0.7382,93,79,19,MED
694208,Moisés Ballesteros,H,0.4258,0.2021,0.6113,93,79,19,MED
694212,Samuel Basallo,H,0.4874,0.2504,0.6616,93,79,19,HIGH
694362,Blake Dunn,H,0.3133,0.1503,0.5122,93,79,19,MED
694384,Nolan Schanuel,H,0.4522,0.3329,0.6281,93,79,19,HIGH
694671,Wyatt Langford,H,0.3906,0.2611,0.5396,93,79,19,MED
694728,Brice Matthews,H,0.2372,0.0354,0.37,93,79,19,MED
695506,Jac Caglianone,H,0.437,0.283,0.6071,93,79,19,HIGH
695578,James Wood,H,0.6016,0.4471,0.7844,93,79,19,HIGH
695600,Carter Jensen,H,0.3023,0.1273,0.4645,93,79,19,HIGH
695657,Colson Montgomery,H,0.4714,0.2738,0.6562,93,79,19,HIGH
695734,Daylen Lile,H,0.4907,0.3346,0.6308,93,79,19,HIGH
696030,Alejandro Osuna,H,0.4049,0.2552,0.5309,93,79,19,MED
696100,Hunter Goodman,H,0.5345,0.3841,0.6732,93,79,19,HIGH
696285,Jacob Young,H,0.5236,0.3795,0.6712,93,79,19,HIGH
700250,Ben Rice,H,0.6907,0.5718,0.8311,93,79,19,HIGH
701358,Cam Smith,H,0.3611,0.1982,0.4907,93,79,19,HIGH
701398,Sal Stewart,H,0.5408,0.3774,0.6937,93,79,19,HIGH
701538,Jackson Merrill,H,0.3917,0.2551,0.5575,93,79,19,HIGH
701675,Nathan Church,H,0.3596,0.0898,0.5012,93,79,19,MED
701762,Nick Kurtz,H,0.6294,0.4543,0.7781,93,79,19,HIGH
701807,Carson Benge,H,0.4832,0.3389,0.6333,93,79,19,HIGH
702222,Justin Crawford,H,0.3373,0.1953,0.4793,93,79,19,HIGH
702284,Cole Young,H,0.448,0.2384,0.5864,93,79,19,HIGH
702332,Caleb Durbin,H,0.3892,0.239,0.562,93,79,19,HIGH
703607,"Graceffo, Gordon",H,0.259,0.0792,0.412,93,79,19,MED
802139,JJ Wetherholt,H,0.5532,0.3819,0.6803,93,79,19,HIGH
802415,Chandler Simpson,H,0.3497,0.1612,0.4909,93,79,19,HIGH
803011,Sam Antonacci,H,0.5394,0.4037,0.696,93,79,19,HIGH
805300,Jakob Marsee,H,0.3408,0.2043,0.5057,93,79,19,HIGH
805367,Chase Meidroth,H,0.346,0.163,0.491,93,79,19,HIGH
805779,Jacob Wilson,H,0.4473,0.2945,0.6041,93,79,19,MED
805808,Kevin McGonigle,H,0.601,0.4626,0.744,93,79,19,HIGH
805811,Bryce Eldridge,H,0.6399,0.4621,0.7681,93,79,19,MED
805999,"Vanasco, Ricky",H,0.3413,0.179,0.4815,93,79,19,MED
807712,Luke Keaschall,H,0.3952,0.2326,0.5689,93,79,19,HIGH
807713,Matt Shaw,H,0.4959,0.3324,0.6691,93,79,19,MED
807799,Masataka Yoshida,H,0.4403,0.3001,0.6047,93,79,19,MED
808982,Jung Hoo Lee,H,0.5845,0.4027,0.7604,93,79,19,HIGH
810938,Ben Williamson,H,0.3875,0.1638,0.5504,93,79,19,MED
518585,Fernando Cruz,RP,76.3023,-11.7825,158.2629,93,79,17,HIGH
519141,Drew Pomeranz,RP,22.8539,-70.3038,94.7667,93,79,17,MED
542888,Shawn Armstrong,RP,67.5027,-12.3555,142.3375,93,79,17,MED
543056,Danny Coulombe,RP,42.4181,-35.2112,116.4894,93,79,17,MED
547973,Aroldis Chapman,RP,138.1708,80.8858,212.2997,93,79,17,MED
548384,Brooks Raley,RP,66.9923,-6.4655,139.5082,93,79,17,MED
571948,Hoby Milner,RP,46.7121,-38.0365,145.1158,93,79,17,HIGH
572955,Pierce Johnson,RP,61.5788,-17.9323,140.069,93,79,17,MED
573124,Taylor Rogers,RP,53.4125,-13.7146,127.2419,93,79,17,MED
573204,Caleb Thielbar,RP,66.9485,-26.8839,143.0761,93,79,17,MED
592094,Jason Adam,RP,80.4147,12.9703,159.1931,93,79,17,MED
592773,Ryne Stanek,RP,74.1484,-10.7895,151.0098,93,79,17,MED
593974,Wandy Peralta,RP,58.0299,-23.7546,131.3205,93,79,17,MED
594580,Sam Moll,RP,73.1112,-8.3854,140.4865,93,79,17,HIGH
595014,Blake Treinen,RP,66.4934,-21.6224,139.7591,93,79,17,MED
595345,Steven Okert,RP,72.6261,-14.4151,162.6132,93,79,17,MED
596001,Jakob Junis,RP,94.846,1.2751,168.3887,93,79,17,MED
596133,Luke Weaver,RP,98.6665,30.8086,196.6378,93,79,17,MED
605130,Scott Barlow,RP,41.1815,-33.4198,115.4259,93,79,17,HIGH
607455,Anthony Banda,RP,67.3911,8.7203,143.9827,93,79,17,HIGH
621112,Paul Blackburn,RP,70.7127,-8.8668,149.5478,93,79,17,MED
621237,José Alvarado,RP,87.6212,12.1323,157.1981,93,79,17,MED
621366,Ryan Borucki,RP,56.9511,-22.5882,124.5959,93,79,17,MED
621381,Matt Strahm,RP,62.6036,-25.5125,129.4599,93,79,17,MED
621383,Tanner Banks,RP,54.9675,-16.7446,130.6288,93,79,17,MED
622554,Seranthony Domínguez,RP,76.2463,-7.9351,170.5448,93,79,17,MED
622608,Antonio Senzatela,RP,99.2883,17.0767,164.1385,93,79,17,MED
623149,Paul Sewald,RP,116.891,45.5911,186.3566,93,79,17,MED
623437,Justin Topa,RP,37.1575,-46.2532,113.2625,93,79,17,MED
623454,Drew Anderson,RP,102.5539,31.2701,172.187,93,79,17,MED
628452,Raisel Iglesias,RP,154.9488,83.392,227.0722,93,79,17,MED
640448,Kyle Finnegan,RP,50.4633,-35.9041,123.8288,93,79,17,MED
641302,Tyler Alexander,RP,77.4261,-16.0535,162.0603,93,79,17,MED
641329,Bryan Baker,RP,129.1308,61.1968,204.4526,93,79,17,MED
641745,Brad Keller,RP,84.9278,-10.7797,163.952,93,79,17,MED
641755,Tyler Kinley,RP,81.554,10.7545,166.282,93,79,17,MED
641835,Tim Mayza,RP,90.055,17.7541,158.3415,93,79,17,MED
642100,Gabe Speier,RP,78.7169,21.9133,157.6106,93,79,17,MED
642121,Cole Sulser,RP,46.8087,-24.9083,120.9566,93,79,17,MED
642207,Devin Williams,RP,111.9683,34.8184,185.5109,93,79,17,MED
642397,Gregory Soto,RP,105.6396,25.2569,175.1637,93,79,17,MED
642528,Jonathan Loáisiga,RP,59.7341,-12.339,145.6137,93,79,17,MED
642701,Dennis Santana,RP,42.7952,-38.3679,115.0245,93,79,17,MED
643410,Mark Leiter Jr.,RP,77.6674,5.3665,156.089,93,79,17,MED
643511,Tyler Rogers,RP,81.3473,-12.5321,156.8523,93,79,17,HIGH
650556,Bryan Abreu,RP,58.6035,-16.6028,126.9603,93,79,17,MED
656222,Jalen Beeks,RP,59.051,-15.2453,134.9071,93,79,17,MED
656234,Jake Bird,RP,83.6313,12.6678,157.7464,93,79,17,MED
656271,Brock Burke,RP,47.8638,-33.6817,133.7434,93,79,17,HIGH
656464,Kevin Ginkel,RP,107.452,34.0769,181.6497,93,79,17,MED
656546,Jeff Hoffman,RP,125.8054,37.6432,193.179,93,79,17,HIGH
656638,Alex Lange,RP,73.7421,16.1845,147.8878,93,79,17,MED
656641,Jacob Latz,RP,135.5153,60.9731,204.5869,93,79,17,MED
656730,Trevor Megill,RP,124.0637,42.3091,196.2591,93,79,17,MED
656794,Sean Newcomb,RP,107.5973,12.7526,186.6182,93,79,17,MED
656848,Michael Petersen,RP,80.8853,5.5458,143.9223,93,79,17,MED
656945,Tanner Scott,RP,139.1644,71.4159,207.5447,93,79,17,MED
657044,Ryan Thompson,RP,36.5204,-32.9314,121.6018,93,79,17,MED
657097,Jacob Webb,RP,90.2569,16.7818,158.6214,93,79,17,MED
657424,Matt Gage,RP,50.7993,-24.0202,119.5272,93,79,17,MED
657514,Brennan Bernardino,RP,60.2121,-15.2313,128.6074,93,79,17,HIGH
657612,Tim Hill,RP,64.4918,-8.7313,141.3911,93,79,17,HIGH
660761,José Suarez,RP,70.7575,-6.0901,140.1624,93,79,17,MED
660825,Eduard Bazardo,RP,63.2244,-18.3453,146.7166,93,79,17,HIGH
660853,Enyel De Los Santos,RP,84.1319,1.2243,167.6151,93,79,17,MED
661395,Jhoan Duran,RP,178.0059,95.0784,254.2847,93,79,17,MED
662253,Andrés Muñoz,RP,113.2972,31.5038,189.4022,93,79,17,MED
663158,Robert Suarez,RP,115.3355,33.7901,196.9794,93,79,17,MED
663574,Tony Santillan,RP,52.3887,-27.1122,142.2559,93,79,17,MED
663687,Hogan Harris,RP,68.0526,0.9239,135.4278,93,79,17,HIGH
663738,Daniel Lynch IV,RP,91.602,16.0912,160.0258,93,79,17,MED
663767,Chase Shugart,RP,86.0267,4.0642,178.3935,93,79,17,MED
663855,Jordan Hicks,RP,28.8527,-43.3097,101.0749,93,79,17,MED
663947,Tyler Holton,RP,74.2958,-7.6907,146.7788,93,79,17,MED
664126,Pete Fairbanks,RP,99.1421,36.9205,171.0412,93,79,17,MED
664141,JT Brubaker,RP,56.3443,-18.3516,121.8367,93,79,17,MED
664199,Taylor Clarke,RP,66.4065,-16.4952,151.4285,93,79,17,MED
664208,Phil Maton,RP,49.3913,-28.2546,116.5377,93,79,17,MED
664875,Justin Lawrence,RP,49.1781,-23.0263,127.9279,93,79,17,MED
664991,Grant Wolfram,RP,95.947,23.5534,193.6164,93,79,17,MED
665622,Luis Medina,RP,74.6397,-4.9845,147.025,93,79,17,MED
666171,Ryan Zeferjahn,RP,59.545,-9.7726,128.7254,93,79,17,MED
666277,George Soriano,RP,94.0846,18.8251,172.8306,93,79,17,MED
666374,Matt Brash,RP,58.7918,-24.2584,137.5672,93,79,17,MED
666661,Juan Morillo,RP,110.7439,15.3267,192.46,93,79,17,MED
666808,Camilo Doval,RP,103.7041,23.8636,190.9564,93,79,17,MED
666974,Yennier Cano,RP,99.7382,17.3357,179.7041,93,79,17,MED
667297,Tommy Nance,RP,85.2948,5.5044,159.3947,93,79,17,MED
667463,John King,RP,74.8042,-2.3816,141.9731,93,79,17,MED
668390,Cole Winn,RP,57.2469,-30.8378,138.9721,93,79,17,MED
668674,Lucas Erceg,RP,66.6874,-6.8587,145.0937,93,79,17,MED
668873,Caleb Kilian,RP,69.1722,13.6693,144.8624,93,79,17,MED
668933,Graham Ashcraft,RP,94.856,27.9875,183.5068,93,79,17,MED
668941,JoJo Romero,RP,71.6535,-13.2673,143.9225,93,79,17,HIGH
668964,Tobias Myers,RP,64.0733,5.6771,137.1515,93,79,17,MED
668984,Casey Legumina,RP,74.6229,-6.7327,150.7121,93,79,17,MED
669020,Ryan Rolison,RP,67.9055,-4.1179,151.3617,93,79,17,MED
669062,Erik Miller,RP,61.6071,-10.2698,127.8251,93,79,17,MED
669084,DL Hall,RP,64.0237,-13.0764,140.0632,93,79,17,MED
669093,Jeremiah Estrada,RP,76.8686,-6.039,159.1852,93,79,17,MED
669165,Kyle Hurt,RP,94.4227,14.1604,162.7093,93,79,17,MED
669211,Keegan Akin,RP,41.7681,-32.3584,125.2308,93,79,17,MED
669270,Joel Kuhnel,RP,80.7839,4.0314,150.154,93,79,17,MED
669276,Dylan Lee,RP,124.5437,39.5811,198.6726,93,79,17,HIGH
669330,Tyler Wells,RP,83.9258,1.8947,149.7012,93,79,17,MED
669622,Anthony Bender,RP,89.3575,7.5593,156.6077,93,79,17,MED
669711,Greg Weissert,RP,76.3842,15.1351,150.5221,93,79,17,MED
670036,Matt Festa,RP,81.6439,9.1892,148.9511,93,79,17,MED
670059,Colin Holderman,RP,108.3187,31.2013,179.2823,93,79,17,MED
670167,John Schreiber,RP,46.2161,-24.9888,122.4453,93,79,17,MED
670245,Ryan Watson,RP,59.5766,-13.866,134.4886,93,79,17,MED
670280,David Bednar,RP,128.3875,32.9888,204.4664,93,79,17,MED
670329,Rico Garcia,RP,101.1735,8.7881,170.485,93,79,17,MED
670970,Adrian Morejon,RP,132.862,57.4678,200.685,93,79,17,HIGH
670990,Yohan Ramírez,RP,72.7945,-4.2564,146.934,93,79,17,MED
671922,Cade Smith,RP,164.6747,69.2685,234.0511,93,79,17,MED
672335,Cionel Pérez,RP,60.5752,-20.8256,133.0142,93,79,17,MED
672782,Yoendrys Gómez,RP,56.8253,-6.6283,141.813,93,79,17,MED
675848,Juan Mejia,RP,65.3162,-10.0657,139.1408,93,79,17,MED
676263,Jack Dreyer,RP,90.9604,-2.5189,155.8034,93,79,17,MED
676428,Brant Hurter,RP,57.6723,-24.5382,136.6868,93,79,17,MED
676477,Garrett Whitlock,RP,94.4571,13.1015,159.6708,93,79,17,MED
676534,Calvin Faucher,RP,62.586,3.6222,136.7059,93,79,17,MED
676617,Riley O'Brien,RP,122.3541,40.1441,201.2243,93,79,17,MED
676684,Will Vest,RP,101.6218,20.1371,174.6992,93,79,17,MED
676755,Isaac Mattson,RP,23.149,-72.5709,100.1431,93,79,17,MED
676760,Ron Marinaccio,RP,85.3323,5.1281,164.3536,93,79,17,MED
676775,Keaton Winn,RP,80.2327,6.6711,166.144,93,79,17,MED
676879,Aaron Ashby,RP,104.0111,25.1212,175.968,93,79,17,MED
677053,Andrew Nardi,RP,73.5057,-12.7542,152.0772,93,79,17,MED
677865,Justin Bruihl,RP,39.3356,-40.1653,101.1381,93,79,17,MED
677955,Jaden Hill,RP,58.5593,-4.9107,140.2844,93,79,17,MED
678022,Jack Perkins,RP,106.3715,34.4407,204.0409,93,79,17,MED
678606,José A. Ferrer,RP,84.3528,-8.6475,163.2534,93,79,17,HIGH
679358,Eric Orze,RP,61.6569,-11.9963,157.2577,93,79,17,MED
680742,Jonathan Bowlan,RP,107.8128,35.9575,186.3752,93,79,17,MED
681217,Chase Silseth,RP,66.6237,8.1793,136.1115,93,79,17,MED
681402,Gus Varland,RP,49.5169,-33.4903,123.1827,93,79,17,MED
681867,Cooper Criswell,RP,79.6341,2.5269,158.0404,93,79,17,MED
681870,Erik Sabrowski,RP,89.0596,32.9505,172.9262,93,79,17,MED
681892,Kody Funderburk,RP,24.7715,-45.9978,82.1572,93,79,17,MED
681895,Evan Sisk,RP,78.1677,3.8162,156.2829,93,79,17,MED
681911,Alex Vesia,RP,82.9818,8.7924,170.2023,93,79,17,MED
681982,Grant Anderson,RP,61.7799,-12.3467,137.1672,93,79,17,MED
682120,Tim Herrin,RP,53.9433,-18.3547,128.0993,93,79,17,MED
682842,Abner Uribe,RP,86.6803,9.1174,154.3094,93,79,17,MED
683175,Connor Phillips,RP,27.7715,-43.9407,96.8431,93,79,17,MED
683232,Nick Mears,RP,27.9221,-51.8845,91.9893,93,79,17,MED
683618,Edgardo Henriquez,RP,92.1982,7.2986,164.0903,93,79,17,MED
683769,Hunter Gaddis,RP,68.8363,-14.3162,137.1873,93,79,17,MED
686973,Louis Varland,RP,137.0558,46.4517,209.3428,93,79,17,HIGH
686993,Justin Sterner,RP,86.592,9.7607,159.1078,93,79,17,HIGH
687330,Kevin Kelly,RP,94.456,9.6913,162.0716,93,79,17,MED
687377,Orlando Ribalta,RP,72.5879,1.6315,151.6383,93,79,17,MED
687396,Brent Headrick,RP,73.0468,-11.9834,146.3436,93,79,17,HIGH
687606,Paxton Schultz,RP,56.0192,-14.7851,125.4185,93,79,17,MED
687911,Bryan King,RP,74.4336,-17.898,160.3132,93,79,17,MED
689147,Orion Kerkering,RP,87.4256,16.2835,161.5729,93,79,17,MED
689296,Anthony Nunez,RP,79.2531,-0.9631,148.0017,93,79,17,MED
690925,Clayton Beeter,RP,77.0745,-0.0255,148.2097,93,79,17,MED
693855,Ian Seymour,RP,71.5113,-12.2526,147.6005,93,79,17,MED
694335,Matt Svanson,RP,37.1838,-36.3091,113.807,93,79,17,MED
694361,Will Klein,RP,90.0907,23.8026,163.7407,93,79,17,MED
695243,Mason Miller,RP,194.0227,120.6598,288.4199,93,79,17,MED
695418,Brad Lord,RP,89.4172,9.5933,156.3238,93,79,17,MED
696147,Sam Bachman,RP,92.2198,18.7664,160.9392,93,79,17,MED
699134,Bradgley Rodriguez,RP,91.8481,7.0566,186.0532,93,79,17,MED
699823,Tyler Davis,RP,58.5695,-21.9425,122.8527,93,79,17,MED
700669,Gordon Graceffo,RP,34.0691,-49.3835,103.6226,93,79,17,MED
701719,Tyler Samaniego,RP,55.4347,-26.8205,133.882,93,79,17,MED
800311,Didier Fuentes,RP,98.556,19.5744,176.6908,93,79,17,MED
805123,AJ Blubaugh,RP,56.5006,-23.0387,141.4883,93,79,17,MED
