name,own,blend,price,basis,mean_draw,p25,P_bust,P_boom
Tyler Glasnow,MINE,14.4,14.4,blend,15.4,10.7,13,38
Drew Rasmussen,MINE,13.7,13.7,blend,14.7,7.3,22,45
Eury Perez,MINE,13.2,13.2,blend,14.9,10.1,11,40
Reid Detmers,MINE,13.1,13.1,blend,14.6,7.2,19,40
Max Fried,MINE-IL,13.0,13.0,blend,13.9,6.2,19,44
Brandon Woodruff,FA-IL,12.9,12.9,blend,13.3,6.5,20,37
Spencer Schwellenbach,FA-IL,12.8,12.8,blend,12.7,6.9,19,31
Parker Messick,MINE,12.8,12.8,blend,14.6,10.7,8,40
Shota Imanaga,MINE,12.7,12.7,blend,12.3,6.2,15,32
Nick Pivetta,FA-IL,12.6,12.6,blend,12.0,6.5,21,29
Hunter Greene,FA-IL,12.5,12.5,blend,11.4,4.6,26,28
Logan Henderson,MINE,12.4,12.4,blend,14.2,10.6,13,34
Corbin Burnes,FA-IL,12.1,12.1,blend,12.1,6.1,21,29
Jose Soriano,DROPPING,12.1,12.1,blend,10.2,3.8,35,17
Walbert Urena,FA,11.9,11.9,blend,11.8,7.7,20,27
Cole Ragans,FA-IL,11.8,11.8,blend,10.6,3.0,29,26
Garrett Crochet,FA-IL,11.7,11.7,blend,10.2,5.5,21,29
Matthew Boyd,FA,9.5,11.6,cleared POS (+0.33),11.2,6.8,21,27
Kyle Bradish,FA,11.6,11.6,blend,11.0,3.2,32,31
Griffin Jax,FA-IL,11.5,11.5,blend,11.9,7.1,22,26
Carlos Rodon,FA,11.4,11.4,blend,11.7,8.1,16,22
Roki Sasaki,FA-IL,11.4,11.4,blend,11.1,4.8,25,27
Justin Steele,FA-IL,11.3,11.3,blend,11.3,5.4,23,26
Spencer Strider,FA-IL,11.3,11.3,blend,10.6,5.5,24,26
Joey Cantillo,FA,11.2,11.2,blend,11.2,5.5,21,23
Bryce Miller,FA,12.5,11.2,cleared NEG (+0.675),12.0,4.3,26,36
Luis Castillo,FA,11.2,11.2,blend,10.1,2.5,29,18
Jacob Lopez,FA,9.4,11.2,"G5 held-window (+0.87, 27% revert)",10.3,5.6,22,19
Noah Cameron,MINE,11.1,11.1,blend,12.0,4.7,29,30
Tyler Mahle,FA,11.1,11.1,blend,11.1,5.3,22,29
Jack Flaherty,FA-IL,11.0,11.0,blend,9.7,4.0,30,22
Shane Drohan,FA,11.0,11.0,blend,10.3,7.1,18,15
Drew Anderson,FA,10.9,10.9,blend,10.6,7.8,17,21
Joe Musgrove,FA-IL,10.8,10.8,blend,10.8,4.9,25,24
Christian Scott,FA,10.8,10.8,blend,11.1,5.1,23,22
Jake Bennett,FA,10.7,10.7,blend,11.8,5.6,19,25
Bubba Chandler,FA,10.6,10.6,blend,9.8,4.2,30,18
Emerson Hancock,FA,10.6,10.6,blend,11.0,6.5,19,25
Dean Kremer,FA,10.5,10.5,blend,10.5,5.5,23,16
Kris Bubic,FA-IL,10.5,10.5,blend,11.2,5.3,24,23
Connor Prielipp,FA,10.4,10.4,blend,9.0,3.8,30,21
Dustin May,FA,10.3,10.3,blend,10.1,1.1,31,28
Landen Roupp,FA,9.9,10.3,cleared NEG (+0.675),9.2,4.0,31,20
Ryan Weathers,FA-IL,10.2,10.2,blend,10.6,2.2,31,25
Sean Manaea,FA,10.2,10.2,blend,10.2,4.4,28,21
Mick Abel,FA-IL,10.1,10.1,blend,11.1,3.7,29,31
Edward Cabrera,FA-IL,10.1,10.1,blend,8.6,3.6,34,13
Cade Horton,FA-IL,10.0,10.0,blend,9.8,2.9,31,18
Grant Holmes,FA,9.9,9.9,blend,9.3,3.7,27,17
Ryan Pepiot,FA-IL,9.8,9.8,blend,10.0,4.1,28,21
Ryne Nelson,FA-IL,9.7,9.7,blend,9.6,4.6,27,24
Reynaldo Lopez,FA-IL,9.7,9.7,blend,9.5,4.9,28,19
Keider Montero,FA,9.7,9.7,blend,11.0,5.5,24,27
Will Warren,FA,9.7,9.7,blend,8.3,0.7,31,13
Connelly Early,FA-IL,9.7,9.7,blend,11.1,6.6,20,32
Kutter Crawford,FA-IL,9.6,9.6,blend,9.6,3.8,30,20
Zach Eflin,FA-IL,9.6,9.6,blend,9.6,4.3,28,18
Robbie Ray,FA,9.6,9.6,blend,10.7,5.3,24,20
Clarke Schmidt,FA-IL,9.6,9.6,blend,9.7,3.8,29,20
Blade Tidwell,FA,9.6,9.6,blend,9.7,3.7,29,27
Michael Soroka,FA-IL,9.5,9.5,blend,10.7,5.3,24,24
Quinn Priester,FA-IL,9.5,9.5,blend,9.4,3.6,31,19
George Klassen,FA,9.4,9.4,blend,8.8,2.3,32,18
Zebby Matthews,FA,9.4,9.4,blend,8.8,3.8,32,16
Anthony Kay,FA,9.4,9.4,blend,9.0,2.9,29,12
Andrew Painter,FA,9.3,9.3,blend,7.2,-1.3,40,12
Chase Dollander,FA-IL,9.3,9.3,blend,9.3,3.0,31,22
Cody Bradford,FA,9.3,9.3,blend,9.4,4.2,29,14
Andrew Alvarez,FA,9.2,9.2,blend,9.3,3.2,29,9
Brayan Bello,FA,9.2,9.2,blend,4.5,-3.0,54,11
Jake Irvin,FA,9.1,9.1,blend,8.4,2.6,29,16
Kumar Rocker,FA,9.0,9.0,blend,8.7,3.5,33,19
Quinn Mathews,FA,8.9,8.9,blend,8.2,2.5,33,14
Patrick Sandoval,FA,8.8,8.8,blend,8.2,3.5,30,10
Stephen Kolek,FA-IL,8.8,8.8,blend,8.9,3.4,31,28
Hayden Wesneski,FA,8.8,8.8,blend,9.8,4.2,27,12
Spencer Arrighetti,FA,8.7,8.7,blend,8.1,2.7,33,15
Adrian Houser,FA-IL,8.7,8.7,blend,7.2,2.3,37,11
Cal Quantrill,FA,8.6,8.6,blend,10.4,3.7,28,23
Hunter Dobbins,FA-IL,8.4,8.4,blend,9.1,4.9,25,15
Brandon Young,FA,8.4,8.4,blend,10.0,4.3,27,18
Gabriel Hughes,FA,8.4,8.4,blend,7.1,0.8,39,10
Jackson Kent,FA,8.3,8.3,blend,7.2,2.0,34,13
Jose Cabrera,FA,8.2,8.2,blend,7.5,1.3,43,11
Rhett Lowder,FA,8.1,8.1,blend,6.4,1.2,32,7
Jackson Jobe,FA,8.1,8.1,blend,8.1,2.3,33,18
David Peterson,FA,9.7,8.0,cleared POS (+0.33),7.4,2.2,39,14
Martin Perez,FA,8.0,8.0,blend,8.7,3.2,31,11
Tylor Megill,FA-IL,7.7,7.7,blend,7.7,1.8,38,14
Kohl Drake,FA,7.0,7.0,blend,6.3,-0.8,44,9
Tomoyuki Sugano,FA,6.3,6.3,blend,6.7,0.1,38,12
Cristian Javier,FA,9.1,-0.4,cleared POS (+0.33),0.4,-5.6,69,1
