rank,pitcher,name,team_abbr,role,fp,xfp_rps1_total
1,547973,Aroldis Chapman,,closer,396.4,310.9
2,695243,Mason Miller,,closer,344.5,298.0
3,623352,Josh Hader,,closer,318.8,295.2
4,621242,Edwin Díaz,,closer,366.9,293.2
5,671922,Cade Smith,,closer,339.1,268.6
6,661395,Jhoan Duran,,closer,361.0,266.6
7,656730,Trevor Megill,,closer,286.1,265.1
8,662253,Andrés Muñoz,,closer,386.7,264.9
9,628452,Raisel Iglesias,,closer,327.2,264.6
10,670280,David Bednar,,closer,337.8,264.1
11,663158,Robert Suarez,,closer,393.9,263.9
12,661403,Emmanuel Clase,,closer,229.2,259.4
13,641941,Emilio Pagán,,closer,362.6,247.5
14,656546,Jeff Hoffman,,closer,322.4,247.0
15,694037,Daniel Palencia,,closer,260.8,245.7
16,664126,Pete Fairbanks,,closer,291.1,238.1
17,445276,Kenley Jansen,,closer,305.7,235.7
18,642207,Devin Williams,,closer,274.6,234.6
19,656945,Tanner Scott,,closer,243.1,232.5
20,676684,Will Vest,,closer,292.6,230.4
21,642701,Dennis Santana,,closer,300.1,227.6
22,640448,Kyle Finnegan,,closer,261.1,226.6
23,680736,Justin Wrobleski,,long_low,171.0,226.5
24,608032,Carlos Estévez,,closer,371.8,221.8
25,642585,Félix Bautista,,closer,200.4,221.4
26,664854,Ryan Helsley,,closer,211.8,218.8
27,682842,Abner Uribe,,setup,335.6,217.7
28,678606,José A. Ferrer,,closer,239.9,215.6
29,650556,Bryan Abreu,,setup,302.3,215.4
30,664076,Garrett Cleavinger,,setup,239.4,215.3
31,678495,Randy Rodríguez,,middle,211.2,215.1
32,596133,Luke Weaver,,closer,248.4,213.7
33,691799,Grant Taylor,,middle,131.0,210.7
34,669093,Jeremiah Estrada,,setup,279.9,210.7
35,571946,Shelby Miller,,closer,193.8,209.8
36,542888,Shawn Armstrong,,closer,283.2,207.7
37,642100,Gabe Speier,,setup,239.6,206.2
38,643377,Griffin Jax,,setup,224.8,206.1
39,676395,Robert Garcia,,closer,231.2,206.1
40,656986,Bennett Sousa,,middle,176.2,205.2
41,666808,Camilo Doval,,closer,246.6,201.8
42,676477,Garrett Whitlock,,setup,262.6,199.3
43,678692,Ronny Henriquez,,setup,305.9,199.2
44,676254,Ryan Walker,,closer,223.4,199.0
45,552640,Andrew Kittredge,,setup,201.9,196.7
46,664208,Phil Maton,,setup,242.4,193.3
47,669276,Dylan Lee,,setup,232.5,189.7
48,670970,Adrian Morejon,,setup,268.1,188.7
49,670955,Edwin Uceta,,setup,239.8,187.3
50,595345,Steven Okert,,middle,231.5,186.0
51,681911,Alex Vesia,,setup,249.9,185.7
52,682254,Mason Montgomery,,middle,104.8,185.1
53,687911,Bryan King,,setup,240.4,184.0
54,641329,Bryan Baker,,setup,224.6,183.8
55,670329,Rico Garcia,,long_low,106.3,183.8
56,672282,Reid Detmers,,middle,190.1,182.0
57,678020,Seth Halvorsen,,closer,123.9,180.1
58,676879,Aaron Ashby,,middle,209.0,179.4
59,694335,Matt Svanson,,middle,194.1,178.3
60,663574,Tony Santillan,,setup,292.1,177.3
61,592779,Brock Stewart,,setup,129.3,176.4
62,621237,José Alvarado,,long_low,105.8,176.2
63,657649,Jared Koenig,,setup,226.8,175.6
64,681870,Erik Sabrowski,,middle,112.8,175.4
65,675848,Juan Mejia,,middle,162.4,174.3
66,673929,Jordan Leasure,,middle,220.3,174.0
67,641745,Brad Keller,,setup,264.9,173.0
68,683769,Hunter Gaddis,,setup,252.0,172.7
69,621381,Matt Strahm,,setup,242.7,170.9
70,518585,Fernando Cruz,,setup,174.4,170.3
71,605447,Jordan Romano,,middle,98.8,169.6
72,676534,Calvin Faucher,,closer,223.1,169.6
73,676508,Ben Casparius,,middle,181.3,168.8
74,683175,Connor Phillips,,long_low,75.5,168.8
75,680755,Braydon Fisher,,middle,153.0,168.7
76,676263,Jack Dreyer,,middle,235.9,168.6
77,686973,Louis Varland,,setup,221.8,168.4
78,680767,Victor Vodnik,,closer,175.2,167.1
79,608650,Dietrich Enns,,long_low,112.9,166.9
80,669211,Keegan Akin,,closer,204.0,166.5
81,660825,Eduard Bazardo,,middle,239.6,166.4
82,642397,Gregory Soto,,setup,167.1,166.3
83,689266,Dylan Dodd,,long_low,87.5,166.2
84,683618,Edgardo Henriquez,,long_low,63.7,166.0
85,670036,Matt Festa,,middle,146.4,164.8
86,623149,Paul Sewald,,long_low,58.9,164.7
87,519141,Drew Pomeranz,,middle,171.9,163.3
88,571927,Steven Matz,,middle,210.0,162.2
89,656234,Jake Bird,,middle,112.6,160.4
90,656794,Sean Newcomb,,middle,227.7,160.4
91,489446,Kirby Yates,,setup,129.4,160.3
92,660853,Enyel De Los Santos,,middle,140.8,159.8
93,668933,Graham Ashcraft,,setup,174.6,159.2
94,592094,Jason Adam,,setup,237.6,159.1
95,455119,Chris Martin,,middle,138.7,158.7
96,665660,Elvis Alvarado,,middle,109.7,158.4
97,689147,Orion Kerkering,,setup,191.0,158.1
98,641755,Tyler Kinley,,middle,202.8,158.1
99,573204,Caleb Thielbar,,setup,217.4,158.0
100,623474,Jimmy Herget,,middle,223.0,156.8
101,674444,Steven Cruz,,middle,113.7,156.6
102,554340,Yimi García,,long_low,77.3,156.5
103,622554,Seranthony Domínguez,,setup,209.8,156.3
104,686580,Justin Slaten,,middle,97.2,156.1
105,669199,Lake Bachar,,middle,186.3,156.0
106,667297,Tommy Nance,,middle,99.5,155.6
107,681517,Kyle Leahy,,setup,242.4,155.4
108,572955,Pierce Johnson,,setup,178.7,154.5
109,681982,Grant Anderson,,middle,175.9,153.7
110,657097,Jacob Webb,,middle,180.8,153.0
111,676755,Isaac Mattson,,middle,144.3,152.7
112,655889,Manuel Rodríguez,,middle,100.1,152.5
113,683232,Nick Mears,,setup,172.0,152.4
114,669438,Mason Englert,,long_low,100.4,150.1
115,668984,Casey Legumina,,middle,88.9,149.4
116,643511,Tyler Rogers,,setup,259.2,149.3
117,663485,Cole Sands,,middle,182.6,148.9
118,666374,Matt Brash,,setup,189.2,148.8
119,690925,Clayton Beeter,,long_low,84.6,148.5
120,672841,Carlos Vargas,,middle,162.1,148.4
121,663893,Brendon Little,,setup,240.5,148.2
122,680742,Jonathan Bowlan,,middle,104.3,148.2
123,670990,Yohan Ramírez,,long_low,64.0,148.2
124,663969,Tyler Phillips,,middle,205.3,148.0
125,820862,José Fermin,,middle,81.3,147.9
126,686993,Justin Sterner,,setup,195.5,147.2
127,668941,JoJo Romero,,setup,238.3,147.1
128,664199,Taylor Clarke,,middle,153.6,146.9
129,657585,Reed Garrett,,setup,179.6,146.7
130,458677,Justin Wilson,,setup,148.5,146.5
131,668820,Max Kranick,,long_low,88.1,145.5
132,592454,Tommy Kahnle,,closer,189.9,145.2
133,592773,Ryne Stanek,,middle,125.8,145.2
134,669622,Anthony Bender,,setup,186.0,144.5
135,660896,Jorge Alcala,,middle,79.5,144.0
136,676428,Brant Hurter,,middle,166.9,143.2
137,621383,Tanner Banks,,middle,193.2,143.1
138,663941,Tristan Beck,,middle,121.0,143.1
139,666171,Ryan Zeferjahn,,setup,157.1,141.9
140,678024,Mike Vasil,,middle,251.3,141.3
141,670167,John Schreiber,,setup,193.2,141.3
142,668674,Lucas Erceg,,setup,192.4,141.2
143,643410,Mark Leiter Jr.,,middle,121.5,140.3
144,656271,Brock Burke,,setup,160.5,139.9
145,679358,Eric Orze,,middle,106.5,139.8
146,663687,Hogan Harris,,middle,170.4,139.8
147,623211,Huascar Brazobán,,middle,166.9,139.3
148,669711,Greg Weissert,,setup,209.1,139.3
149,677955,Jaden Hill,,long_low,69.8,139.0
150,688158,David Morgan,,middle,120.2,138.1
151,663465,Kolby Allard,,middle,147.5,138.1
152,676617,Riley O'Brien,,middle,161.4,137.6
153,681676,Ryan Fernandez,,middle,42.1,137.3
154,669704,Kade Strowd,,long_low,80.9,137.0
155,672582,Angel Zerpa,,middle,148.4,136.8
156,641302,Tyler Alexander,,middle,170.3,136.8
157,689254,Mason Fluharty,,middle,132.8,136.8
158,641401,Connor Brogdon,,middle,91.1,136.7
159,687863,Porter Hodge,,middle,76.9,136.4
160,592426,Luke Jackson,,closer,141.3,135.6
161,664991,Grant Wolfram,,long_low,38.0,135.4
162,548384,Brooks Raley,,middle,93.7,135.2
163,672391,Kaleb Ort,,middle,99.8,135.1
164,677161,Zack Kelly,,long_low,71.6,134.9
165,596001,Jakob Junis,,middle,157.0,134.9
166,679775,Kyle Backhus,,middle,70.6,134.4
167,700669,Gordon Graceffo,,long_low,61.9,134.3
168,593974,Wandy Peralta,,middle,159.5,133.9
169,702352,Spencer Bivens,,middle,166.3,133.6
170,672578,Carlos Hernández,,middle,50.0,133.5
171,592155,Cam Booser,,middle,73.3,133.4
172,595928,John Curtiss,,middle,90.0,132.7
173,641656,Ian Hamilton,,middle,93.0,132.7
174,666974,Yennier Cano,,setup,133.4,132.4
175,681892,Kody Funderburk,,middle,97.3,132.4
176,656222,Jalen Beeks,,middle,157.2,132.1
177,666661,Juan Morillo,,middle,73.3,132.0
178,621051,Steven Wilson,,middle,146.6,130.9
179,671131,Jackson Rutledge,,middle,101.0,130.8
180,684320,Yariel Rodríguez,,middle,204.9,130.7
181,693312,Kyle Nicolas,,middle,71.4,129.6
182,663671,Nic Enright,,long_low,91.3,129.1
183,573124,Taylor Rogers,,middle,129.2,128.4
184,669724,Brenan Hanifee,,middle,137.0,127.5
185,642528,Jonathan Loáisiga,,middle,66.9,127.5
186,656240,Scott Blewett,,long_low,63.3,127.0
187,685314,Andrew Saalfrank,,long_low,102.7,127.0
188,685126,Brandon Eisert,,middle,158.9,127.0
189,696147,Sam Bachman,,long_low,28.1,126.8
190,660787,Yerry De los Santos,,long_low,72.7,126.1
191,657571,Caleb Ferguson,,middle,160.6,125.8
192,623437,Justin Topa,,middle,133.0,125.6
193,606160,Rafael Montero,,middle,134.1,125.3
194,668390,Cole Winn,,middle,122.5,124.5
195,621053,Tyler Ferguson,,middle,138.4,124.0
196,607455,Anthony Banda,,middle,172.5,123.9
197,472610,Luis García,,middle,141.6,123.3
198,595014,Blake Treinen,,middle,71.0,123.2
199,502085,David Robertson,,long_low,68.3,123.2
200,642239,Rob Zastryzny,,long_low,57.6,122.5
201,650893,Génesis Cabrera,,middle,58.8,122.5
202,695445,Chase Lee,,middle,90.2,122.5
203,656464,Kevin Ginkel,,long_low,54.7,122.2
204,687330,Kevin Kelly,,middle,69.9,121.3
205,666277,George Soriano,,long_low,27.0,119.6
206,673513,Yuki Matsui,,middle,138.0,119.4
207,594580,Sam Moll,,long_low,34.5,118.7
208,621366,Ryan Borucki,,middle,79.5,118.6
209,642152,Lou Trivino III,,middle,92.3,118.3
210,676961,Caleb Boushley,,long_low,61.0,118.3
211,606303,Joel Payamps,,middle,41.9,118.2
212,605452,Joe Ross,,middle,73.3,117.9
213,681869,Shawn Dubin,,middle,67.1,117.6
214,663423,Trent Thornton,,middle,78.7,117.4
215,620454,José Castillo,,long_low,55.6,117.0
216,605130,Scott Barlow,,setup,172.5,116.8
217,657044,Ryan Thompson,,setup,118.4,116.7
218,669371,Cole Henry,,middle,119.8,116.5
219,663738,Daniel Lynch IV,,middle,143.3,116.4
220,605154,John Brebbia,,long_low,23.0,116.2
221,676661,Max Lazar,,middle,72.4,115.7
222,608718,Brent Suter,,middle,119.3,115.7
223,676130,José Buttó,,middle,142.1,115.7
224,543056,Danny Coulombe,,middle,140.9,115.5
225,683409,Angel Chivilli,,middle,41.6,115.4
226,643338,Chad Green,,middle,78.1,114.9
227,664192,Joey Lucchesi,,middle,88.5,114.9
228,663767,Chase Shugart,,middle,104.5,114.2
229,518489,Ryan Brasier,,long_low,55.8,113.7
230,607481,Aaron Bummer,,middle,109.3,113.4
231,656186,Dan Altavilla,,long_low,76.7,113.2
232,676092,Collin Snider,,long_low,46.9,112.4
233,543859,Michael Tonkin,,long_low,43.2,111.6
234,656457,Tyler Gilbert,,middle,122.3,111.1
235,669084,DL Hall,,long_low,85.6,110.9
236,657612,Tim Hill,,setup,168.1,110.7
237,593576,Héctor Neris,,middle,51.0,109.6
238,519151,Ryan Pressly,,middle,98.4,108.8
239,547184,Michael Kelly,,middle,103.9,108.7
240,571948,Hoby Milner,,setup,175.1,108.5
241,605347,Jorge López,,long_low,42.4,108.4
242,663455,Konnor Pilkington,,middle,68.5,107.9
243,676571,PJ Poulin,,long_low,65.4,107.9
244,806188,Cade Gibson,,middle,130.4,107.5
245,670059,Colin Holderman,,long_low,19.7,106.4
246,669684,Chris Murphy,,long_low,78.4,104.2
247,685107,Anthony Veneziano,,long_low,48.5,104.0
248,681006,Josh Simpson,,middle,32.2,103.3
249,678226,Daysbel Hernández,,middle,88.1,103.2
250,680880,Grant Holman,,long_low,36.9,103.0
251,623167,Chris Flexen,,long_low,91.1,102.7
252,605177,Andrew Chafin,,middle,89.1,102.6
253,682825,Luis Mey,,long_low,47.3,102.3
254,687377,Orlando Ribalta,,long_low,23.3,102.1
255,682120,Tim Herrin,,setup,96.8,102.0
256,664139,Ian Gibaut,,long_low,44.6,100.9
257,829272,Shinnosuke Ogasawara,,long_low,36.6,100.1
258,667463,John King,,middle,64.5,99.4
259,622786,Jesus Tinoco,,long_low,54.8,99.4
260,657424,Matt Gage,,middle,62.3,98.2
261,674285,Eduardo Salazar,,middle,4.7,97.3
262,688642,Zach Agnos,,middle,54.4,95.4
263,694350,Zach Brzykcy,,long_low,11.9,94.0
264,621199,Matt Bowman,,long_low,26.4,93.5
265,657240,Julian Merryweather,,long_low,34.6,93.3
266,680689,Lyon Richardson,,middle,62.3,92.8
267,657514,Brennan Bernardino,,middle,118.5,89.7
268,689225,Beau Brieske,,long_low,35.6,89.0
269,669674,Sam Long,,middle,48.1,88.5
270,663765,Jake Woodford,,long_low,48.9,87.9
271,688297,Chris Roycroft,,long_low,12.2,85.7
272,689690,Alek Jacob,,long_low,45.0,85.0
273,605463,Tayler Scott,,long_low,19.2,84.5
274,669062,Erik Miller,,middle,84.0,84.2
275,669020,Ryan Rolison,,middle,23.7,79.0
276,519008,T.J. McFarland,,long_low,18.7,75.9
277,669060,Bryse Wilson,,long_low,26.2,56.9
278,518397,Scott Alexander,,long_low,15.3,52.8
279,678821,Luis Peralta,,long_low,-5.3,44.4
